step,species,genotypeID,agentIndex,x,y,vx,vy,alive,msg0,msg1,receivedMessage0,receivedMessage1,move0,move1,nearestEnemyDist,nearestAllyDist,visibleEnemyCount,visibleAllyCount
0,predator,0,0,-9.666182518005371,-5.652438640594482,-9.191589924739674e-06,1.165279172710143e-05,True,1.3083610534667969,8.09414005279541,0.0,0.0,-5.4817328453063965,5.533823490142822,2.0659255981445312,4.0,1,0
0,predator,1,1,-7.7878851890563965,5.921079158782959,-9.191589924739674e-06,1.165279172710143e-05,True,-3.9520020484924316,2.866457939147949,0.0,0.0,1.7605764865875244,-1.3754792213439941,4.0,3.828477144241333,0,1
0,predator,2,2,0.5737351179122925,-4.052389144897461,-9.191589924739674e-06,1.165279172710143e-05,True,-1.707804799079895,-2.5041418075561523,0.0,0.0,-6.29296350479126,7.810817241668701,2.609337091445923,4.0,2,0
0,predator,3,3,-4.338188648223877,4.260708332061768,-9.191589924739674e-06,1.165279172710143e-05,True,-1.081671118736267,4.025761127471924,0.0,0.0,-1.9749672412872314,1.766056776046753,1.5975356101989746,3.828477144241333,3,1
0,prey,0,0,0.6683912873268127,1.6883165836334229,-6.829953781561926e-05,-2.3894801415735856e-05,True,-3.4289562702178955,-1.7942107915878296,0.0,0.0,4.5161590576171875,1.3152649402618408,4.0,1.4731087684631348,0,2
0,prey,1,1,1.6513522863388062,-6.428811073303223,-6.829953781561926e-05,-2.3894801415735856e-05,True,-3.010667085647583,-1.9910380840301514,0.0,0.0,0.3700588643550873,1.3423887491226196,2.609337091445923,1.1098458766937256,1,3
0,prey,2,2,-3.2401540279388428,3.100346326828003,-6.829953781561926e-05,-2.3894801415735856e-05,True,0.601090669631958,-3.6990489959716797,0.0,0.0,7.2690749168396,1.661718487739563,1.5975356101989746,2.073575496673584,1,3
0,prey,3,3,-2.281792163848877,6.450415134429932,-6.829953781561926e-05,-2.3894801415735856e-05,True,3.572092294692993,-10.237060546875,0.0,0.0,-4.882145404815674,-1.7141993045806885,3.0039279460906982,2.538506031036377,1,2
0,prey,4,4,-4.742898464202881,-1.8200286626815796,-6.829953781561926e-05,-2.3894801415735856e-05,True,-1.2356191873550415,-0.46585142612457275,0.0,0.0,8.314314842224121,7.018063545227051,4.0,3.5804522037506104,0,1
0,prey,5,5,-8.022687911987305,-4.400650501251221,-6.829953781561926e-05,-2.3894801415735856e-05,True,-0.26447826623916626,-0.04836082458496094,0.0,0.0,-4.601034164428711,-3.11116886138916,2.0659255981445312,4.0,1,0
0,prey,6,6,3.998248338699341,5.888452053070068,-6.829953781561926e-05,-2.3894801415735856e-05,True,0.6784623861312866,-0.4704321622848511,0.0,0.0,1.7229335308074951,0.8459693789482117,4.0,2.362964153289795,0,2
0,prey,7,7,0.18471992015838623,7.050690650939941,-6.829953781561926e-05,-2.3894801415735856e-05,True,-5.210938930511475,-9.652700424194336,0.0,0.0,7.194936752319336,7.1984171867370605,4.0,2.538506031036377,0,2
0,prey,8,8,1.1544467210769653,-9.267806053161621,-6.829953781561926e-05,-2.3894801415735856e-05,True,-1.1386582851409912,1.3883321285247803,0.0,0.0,-0.5601819157600403,-1.4552252292633057,4.0,1.561569333076477,0,3
0,prey,9,9,-0.3485177755355835,2.7541239261627197,-6.829953781561926e-05,-2.3894801415735856e-05,True,8.577805519104004,3.739525318145752,0.0,0.0,1.7054712772369385,-1.7533725500106812,4.0,1.4731087684631348,0,3
0,prey,10,10,-9.128310203552246,1.4543187618255615,-6.829953781561926e-05,-2.3894801415735856e-05,True,-8.791275024414062,-4.529846668243408,0.0,0.0,-0.26138418912887573,0.22161084413528442,4.0,4.0,0,0
0,prey,11,11,1.119050145149231,-7.402675628662109,-6.829953781561926e-05,-2.3894801415735856e-05,True,-1.549946904182434,-0.20319977402687073,0.0,0.0,0.7900297045707703,-0.40049421787261963,3.394375801086426,1.1098458766937256,1,3
0,prey,12,12,2.71453595161438,-9.199833869934082,-6.829953781561926e-05,-2.3894801415735856e-05,True,0.8170572519302368,3.0096588134765625,0.0,0.0,-1.680518627166748,-1.0134384632110596,4.0,1.561569333076477,0,3
0,prey,13,13,4.599327564239502,8.173687934875488,-6.829953781561926e-05,-2.3894801415735856e-05,True,-5.711930751800537,-3.419586420059204,0.0,0.0,-0.4270262122154236,9.049248695373535,4.0,2.362964153289795,0,1
0,prey,14,14,9.575274467468262,9.804945945739746,-6.829953781561926e-05,-2.3894801415735856e-05,True,-11.850159645080566,4.025151252746582,0.0,0.0,-4.418962001800537,-3.0732669830322266,4.0,4.0,0,0
0,prey,15,15,-2.677412271499634,1.104591727256775,-6.829953781561926e-05,-2.3894801415735856e-05,True,4.091763496398926,1.0336613655090332,0.0,0.0,-3.1026229858398438,0.6616568565368652,3.566405773162842,2.073575496673584,1,4
1,predator,0,0,-9.666446685791016,-5.652174472808838,-0.03172502666711807,0.031735558062791824,True,4.486954212188721,8.38016414642334,0.0,0.0,1.9388024806976318,9.279096603393555,2.065633773803711,4.0,1,0
1,predator,1,1,-7.78772497177124,5.920918941497803,0.019210925325751305,-0.019207505509257317,True,-3.0882070064544678,6.778539657592773,-1.081671118736267,4.025761127471924,-0.5979146361351013,12.282663345336914,4.0,3.828049421310425,0,1
1,predator,2,2,0.573574960231781,-4.052228927612305,-0.019219521433115005,0.0192407313734293,True,-1.9442740678787231,6.019761085510254,0.0,0.0,5.881037712097168,-1.4351521730422974,2.6093766689300537,4.0,2,0
1,predator,3,3,-4.338348865509033,4.260868549346924,-0.019219521433115005,0.0192407313734293,True,4.823584079742432,1.6767442226409912,-3.9520020484924316,2.866457939147949,5.580735206604004,-5.169100284576416,1.597752332687378,3.828049421310425,3,1
1,prey,0,0,0.6687217950820923,1.6886473894119263,0.039656348526477814,0.03969462960958481,True,-6.337307453155518,5.181605339050293,1.582093596458435,-2.8217010498046875,2.7001848220825195,2.5140745639801025,4.0,1.4726296663284302,0,2
1,prey,1,1,1.6514363288879395,-6.42858362197876,0.01008219551295042,0.02730000577867031,True,-0.138809934258461,-0.3812846839427948,-0.6238493323326111,1.3982638120651245,0.1206078827381134,2.966491460800171,2.6093766689300537,1.1100794076919556,1,3
1,prey,2,2,-3.2399110794067383,3.1005897521972656,0.029157184064388275,0.029193753376603127,True,1.1442222595214844,12.2235746383667,-0.34644684195518494,-3.129497528076172,4.154919624328613,-3.9344944953918457,1.597752332687378,2.0735301971435547,1,3
1,prey,3,3,-2.282036304473877,6.45017147064209,-0.02928365021944046,-0.0292510949075222,True,3.6714391708374023,-8.25281810760498,-0.057529039680957794,-2.0375418663024902,-2.322474956512451,-6.320352554321289,3.0035760402679443,2.5390946865081787,1,2
1,prey,4,4,-4.7426557540893555,-1.8197853565216064,0.029157184064388275,0.029193753376603127,True,-0.24076467752456665,-6.383286952972412,0.13099169731140137,-0.8830466866493225,1.1745048761367798,5.595601558685303,4.0,3.5801045894622803,0,1
1,prey,5,5,-8.022932052612305,-4.4008941650390625,-0.02928365021944046,-0.0292510949075222,True,-4.664541244506836,-1.2762682437896729,-5.013447284698486,-2.4978489875793457,-8.8038969039917,-1.327366828918457,2.065633773803711,4.0,1,0
1,prey,6,6,3.99857497215271,5.888728618621826,0.03919530287384987,0.03318687528371811,True,3.1018285751342773,3.5207667350769043,-2.342014789581299,-2.8898136615753174,2.3387911319732666,-0.32634204626083374,4.0,2.3628108501434326,0,2
1,prey,7,7,0.18496288359165192,7.050934314727783,0.029157184064388275,0.029193753376603127,True,-4.990290641784668,-4.6326398849487305,1.1971895694732666,-2.1210217475891113,-3.8300302028656006,3.1088175773620605,4.0,2.5390946865081787,0,2
1,prey,8,8,1.1542671918869019,-9.268126487731934,-0.021556327119469643,-0.0383969210088253,True,-7.488333225250244,5.045195579528809,-1.2478523254394531,0.2718069553375244,-0.5198769569396973,-5.587143898010254,4.0,1.5615084171295166,0,3
1,prey,9,9,-0.348187118768692,2.7537927627563477,0.03967650607228279,-0.039721470326185226,True,7.728201389312744,12.208413124084473,-0.8305044770240784,-3.588153600692749,-4.273717880249023,3.9073147773742676,4.0,1.4726296663284302,0,3
1,prey,10,10,-9.128357887268066,1.4543594121932983,-0.005644932389259338,0.004874096252024174,True,-6.600022792816162,-4.727447509765625,0.7981891632080078,-0.7948999404907227,-1.833059549331665,-7.283524513244629,4.0,4.0,0,0
1,prey,11,11,1.1192195415496826,-7.402760982513428,0.02032351866364479,-0.010286960750818253,True,1.6109710931777954,5.823555946350098,-1.1107560396194458,0.8023176193237305,-10.457854270935059,-3.9644083976745605,3.3946712017059326,1.1100794076919556,1,3
1,prey,12,12,2.714292049407959,-9.200077056884766,-0.02928365021944046,-0.0292510949075222,True,5.672837257385254,4.204524517059326,-1.8997573852539062,-0.26863524317741394,-4.035719394683838,-6.467666149139404,4.0,1.5615084171295166,0,3
1,prey,13,13,4.599229335784912,8.173917770385742,-0.011757933534681797,0.02748151123523712,True,-1.2926135063171387,-4.987158298492432,-0.8465477228164673,-2.5191032886505127,4.135744571685791,-3.273272752761841,4.0,2.3628108501434326,0,1
1,prey,14,14,9.575030326843262,9.804701805114746,-0.02928365021944046,-0.0292510949075222,True,0.18708620965480804,9.99117374420166,-2.5167341232299805,-1.9450092315673828,-3.3301804065704346,2.3505048751831055,4.0,4.0,0,0
1,prey,15,15,-2.677647590637207,1.1047471761703491,-0.028229644522070885,0.01866030879318714,True,5.553766250610352,-2.8482179641723633,-0.845114529132843,-3.8055989742279053,1.0101191997528076,6.2372660636901855,3.5663750171661377,2.0735301971435547,1,4
2,predator,0,0,-9.666403770446777,-5.651666641235352,0.005217471159994602,0.06095021590590477,True,-1.2110583782196045,8.229398727416992,0.0,0.0,-0.803814709186554,4.086528778076172,2.064488410949707,4.0,1,0
2,predator,1,1,-7.78772497177124,5.920919895172119,4.676152002502931e-06,8.300496119773015e-05,True,5.299336910247803,2.4813132286071777,4.823584079742432,1.6767442226409912,8.326425552368164,5.178528785705566,4.0,3.8280529975891113,0,1
2,predator,2,2,0.5735776424407959,-4.0522308349609375,0.0003277365176472813,-0.00022599891235586256,True,2.4357309341430664,1.595767617225647,0.0,0.0,-4.617081642150879,1.0924890041351318,2.6090049743652344,4.0,2,0
2,predator,3,3,-4.338346481323242,4.260866641998291,0.0003277365176472813,-0.00022599891235586256,True,2.6560914516448975,5.753008842468262,-3.0882070064544678,6.778539657592773,-4.370291709899902,-2.8320913314819336,1.598219394683838,3.8280529975891113,3,1
2,prey,0,0,0.6693817973136902,1.689307689666748,0.07920169085264206,0.07923701405525208,True,-2.7667417526245117,-4.061164855957031,2.281200408935547,0.833684504032135,5.275821208953857,-0.20896011590957642,4.0,1.472607970237732,0,2
2,prey,1,1,1.651539921760559,-6.428131580352783,0.012431472539901733,0.05420798808336258,True,2.1492509841918945,7.594156742095947,-0.06817499548196793,5.024425506591797,-0.1982472985982895,3.1380252838134766,2.6090049743652344,1.1109663248062134,1,3
2,prey,2,2,-3.239356517791748,3.1004674434661865,0.06654945015907288,-0.014654776081442833,True,8.952935218811035,-0.8403892517089844,-0.17356838285923004,-1.3506273031234741,0.5575475692749023,-4.070602893829346,1.598219394683838,2.072845935821533,1,3
2,prey,3,3,-2.282522678375244,6.449685573577881,-0.05836959183216095,-0.05834000185132027,True,5.920040130615234,-4.564639091491699,0.7011153101921082,2.9523348808288574,-2.9784164428710938,0.9285835027694702,3.0028886795043945,2.539750337600708,1,2
2,prey,4,4,-4.742082595825195,-1.8192121982574463,0.06875057518482208,0.0687839612364769,True,-6.984189987182617,-0.37010514736175537,-0.5292802453041077,3.4602766036987305,4.461519241333008,2.1534905433654785,4.0,3.5797617435455322,0,1
2,prey,5,5,-8.023505210876465,-4.401467800140381,-0.06886978447437286,-0.06883976608514786,True,1.87674880027771,0.1726008653640747,-3.420393705368042,-5.555367469787598,6.215662956237793,6.017594337463379,2.064488410949707,4.0,1,0
2,prey,6,6,3.999126434326172,5.888889789581299,0.0661749541759491,0.019327308982610703,True,-0.3883568346500397,-3.005117416381836,-0.1722474843263626,1.584762692451477,1.3216876983642578,4.604313373565674,4.0,2.362506151199341,0,2
2,prey,7,7,0.18491961061954498,7.051400184631348,-0.005193166434764862,0.05592792481184006,True,3.499354362487793,-0.33978357911109924,1.9385052919387817,2.435166597366333,-1.587923288345337,4.929474830627441,4.0,2.539750337600708,0,2
2,prey,8,8,1.153969168663025,-9.2686767578125,-0.03576388955116272,-0.06603863835334778,True,1.973793625831604,-2.8626232147216797,2.3816661834716797,3.2155983448028564,-5.210808753967285,1.956160545349121,4.0,1.5612314939498901,0,3
2,prey,9,9,-0.34818705916404724,2.7537925243377686,8.342100045410916e-06,-2.2148673451738432e-05,True,10.44137191772461,9.666099548339844,0.07628500461578369,-0.7722718715667725,-2.105602741241455,4.093398094177246,4.0,1.472607970237732,0,3
2,prey,10,10,-9.128641128540039,1.454148769378662,-0.03404983505606651,-0.025272034108638763,True,2.746887445449829,-10.505508422851562,0.44817066192626953,0.42895030975341797,1.6541324853897095,-0.842978835105896,4.0,4.0,0,0
2,prey,11,11,1.11903715133667,-7.403163433074951,-0.021886585280299187,-0.04829241707921028,True,8.835816383361816,0.9579746723175049,-0.651435375213623,2.9561450481414795,-4.263189792633057,-8.13249397277832,3.3950369358062744,1.1109663248062134,1,3
2,prey,12,12,2.7137179374694824,-9.200651168823242,-0.06886978447437286,-0.06883976608514786,True,-4.307097434997559,3.377933979034424,-2.0053908824920654,3.4958221912384033,-2.243176221847534,-3.6124961376190186,4.0,1.5612314939498901,0,3
2,prey,13,13,4.599358558654785,8.173874855041504,0.015519100241363049,-0.005083462689071894,True,-8.956732749938965,1.784312129020691,1.9396530389785767,2.566979169845581,3.86818790435791,2.200113534927368,4.0,2.362506151199341,0,1
2,prey,14,14,9.574474334716797,9.804823875427246,-0.06666459888219833,0.014623165130615234,True,-2.156148910522461,-0.78258216381073,0.9046075344085693,-0.7331957817077637,-4.275554180145264,-3.3332762718200684,4.0,4.0,0,0
2,prey,15,15,-2.677520513534546,1.1052154302597046,0.015248965471982956,0.0561838336288929,True,6.655916213989258,0.551915168762207,-0.8035033345222473,0.8024858236312866,5.449985504150391,0.6472582817077637,3.566016912460327,2.072845935821533,1,4
3,predator,0,0,-9.666516304016113,-5.65101957321167,-0.013500064611434937,0.07762619853019714,True,-2.636539936065674,8.212803840637207,0.0,0.0,2.116293430328369,9.512038230895996,2.0639848709106445,4.0,1,0
3,predator,1,1,-7.787564754486084,5.921080589294434,0.019236605614423752,0.019296804443001747,True,1.165319800376892,0.7371425628662109,2.6560914516448975,5.753008842468262,0.9671591520309448,4.85392951965332,4.0,3.8279058933258057,0,1
3,predator,2,2,0.5733160376548767,-4.051968574523926,-0.03139858320355415,0.031490907073020935,True,-4.114706516265869,0.3825538754463196,0.0,0.0,-2.830448627471924,2.6127591133117676,2.6086699962615967,4.0,2,0
3,predator,3,3,-4.338504314422607,4.260705471038818,-0.01895652525126934,-0.019382841885089874,True,2.141894578933716,1.7162854671478271,5.299336910247803,2.4813132286071777,-3.9912970066070557,0.2144525647163391,1.5989371538162231,3.8279058933258057,3,1
3,prey,0,0,0.670358419418335,1.6898524761199951,0.11719530820846558,0.0653793141245842,True,4.977440357208252,-6.778559684753418,4.013867378234863,0.1568542867898941,10.249858856201172,-1.0734233856201172,4.0,1.4733572006225586,0,2
3,prey,1,1,1.6515655517578125,-6.427371025085449,0.003082942683249712,0.09129982441663742,True,-7.2636613845825195,-3.687659502029419,2.16750431060791,0.4910951554775238,-9.030673027038574,1.5826853513717651,2.6086699962615967,1.1125320196151733,1,3
3,prey,2,2,-3.2387006282806396,3.100088357925415,0.07868649810552597,-0.045495424419641495,True,4.255943298339844,11.999167442321777,2.787519693374634,-1.3747408390045166,4.025148868560791,-5.060965061187744,1.5989371538162231,2.071831464767456,1,3
3,prey,3,3,-2.2832329273223877,6.449490070343018,-0.08522406220436096,-0.02341054193675518,True,0.7115299105644226,3.3796637058258057,2.4911065101623535,0.5365530848503113,6.278181076049805,8.029672622680664,3.002485513687134,2.5403528213500977,1,2
3,prey,4,4,-4.741268634796143,-1.818398118019104,0.09765639156103134,0.09768761694431305,True,-3.6128454208374023,-3.406116247177124,4.651186466217041,-0.8360745310783386,0.1778043508529663,2.7904489040374756,4.0,3.5793354511260986,0,1
3,prey,5,5,-8.023649215698242,-4.401611328125,-0.01727096363902092,-0.017248529940843582,True,10.627077102661133,6.882556915283203,-2.1186513900756836,-5.437806606292725,8.855611801147461,-1.8780179023742676,2.0639848709106445,4.0,1,0
3,prey,6,6,3.9999070167541504,5.889309406280518,0.09367996454238892,0.050369735807180405,True,8.167862892150879,12.378239631652832,0.9968571662902832,0.28370699286460876,1.3059707880020142,-6.141644477844238,4.0,2.362201452255249,0,2
3,prey,7,7,0.1846124827861786,7.052093505859375,-0.036856357008218765,0.08320331573486328,True,-0.7094810009002686,-3.2043282985687256,2.836918592453003,-0.06699766218662262,-4.6309051513671875,4.819143772125244,4.0,2.5403528213500977,0,2
3,prey,8,8,1.153359293937683,-9.268828392028809,-0.07317251712083817,-0.01826024055480957,True,-2.78773832321167,-10.99023151397705,2.225990056991577,3.9766883850097656,-2.474661111831665,-1.8496248722076416,4.0,1.5609980821609497,0,3
3,prey,9,9,-0.3485179543495178,2.7541234493255615,-0.039708733558654785,0.039700377732515335,True,11.632664680480957,17.124303817749023,0.7415280342102051,-1.3556214570999146,0.4459807872772217,2.6610307693481445,4.0,1.4733572006225586,0,3
3,prey,10,10,-9.128633499145508,1.453761339187622,0.0009339040261693299,-0.04649251699447632,True,0.05865268409252167,-0.5031988620758057,2.625352621078491,-0.1214945912361145,-1.178748369216919,1.1903395652770996,4.0,4.0,0,0
3,prey,11,11,1.118516206741333,-7.40388822555542,-0.06251833587884903,-0.08694355934858322,True,1.9598515033721924,4.869547367095947,-0.0613509826362133,2.703155755996704,-10.61365032196045,-4.966382026672363,3.3959693908691406,1.1125320196151733,1,3
3,prey,12,12,2.7129032611846924,-9.201465606689453,-0.09777382761240005,-0.09774550795555115,True,-4.292320728302002,1.5320314168930054,4.319620132446289,1.8965028524398804,10.431720733642578,-7.7557053565979,4.0,1.5609980821609497,0,3
3,prey,13,13,4.599720478057861,8.174089431762695,0.04342355951666832,0.025767143815755844,True,1.1390982866287231,-6.260950565338135,3.463252305984497,0.1947954148054123,1.9314416646957397,-9.114906311035156,4.0,2.362201452255249,0,1
3,prey,14,14,9.573697090148926,9.804667472839355,-0.09335474669933319,-0.018825234845280647,True,-2.0556464195251465,2.9526448249816895,-4.672544956207275,-0.6104026436805725,2.102715253829956,7.900768756866455,4.0,4.0,0,0
3,prey,15,15,-2.6771390438079834,1.105812907218933,0.04578256979584694,0.07170046120882034,True,2.591691493988037,-6.428631782531738,3.1156651973724365,-1.5736415386199951,-9.443185806274414,3.3351540565490723,3.56559681892395,2.071831464767456,1,4
4,predator,0,0,-9.666329383850098,-5.650129795074463,0.022383397445082664,0.10677585750818253,True,-3.9195799827575684,6.118740558624268,0.0,0.0,-0.12312590330839157,7.912041187286377,2.063173532485962,4.0,1,0
4,predator,1,1,-7.7871503829956055,5.921504497528076,0.04970813915133476,0.05086621269583702,True,-2.169410467147827,3.853443145751953,2.141894578933716,1.7162854671478271,1.5467588901519775,6.08709192276001,4.0,3.827486991882324,0,1
4,predator,2,2,0.5728952884674072,-4.051547050476074,-0.0504850298166275,0.05056779831647873,True,0.7770218849182129,4.886359691619873,0.0,0.0,5.7059760093688965,-3.7475647926330566,2.608229398727417,4.0,2,0
4,predator,3,3,-4.338805198669434,4.2606096267700195,-0.036082878708839417,-0.011462804861366749,True,-2.630768060684204,7.392963409423828,1.165319800376892,0.7371425628662109,-4.213047027587891,-3.7885255813598633,1.6002663373947144,3.827486991882324,3,1
4,prey,0,0,0.6715552806854248,1.6900898218154907,0.14362169802188873,0.0284800436347723,True,-10.887527465820312,-1.5007603168487549,3.2910523414611816,4.548900127410889,10.197391510009766,-7.920687675476074,4.0,1.4745389223098755,0,2
4,prey,1,1,1.6513162851333618,-6.426387786865234,-0.029917873442173004,0.11796166747808456,True,1.8374419212341309,6.320830345153809,-1.7067359685897827,-1.5295509099960327,-2.5273613929748535,2.77095103263855,2.608229398727417,1.1144856214523315,1,3
4,prey,2,2,-3.2377238273620605,3.099372148513794,0.11723697930574417,-0.0859556570649147,True,-0.09323111176490784,-1.8609422445297241,2.2356648445129395,0.026161806657910347,3.7291183471679688,-0.7378445863723755,1.6002663373947144,2.0701115131378174,1,3
4,prey,3,3,-2.2835817337036133,6.4495720863342285,-0.04187785089015961,0.009828606620430946,True,-0.4942094385623932,-6.696258544921875,4.579317569732666,2.6898915767669678,-5.982062339782715,-3.6040525436401367,3.002582311630249,2.5403454303741455,1,2
4,prey,4,4,-4.740431785583496,-1.8172636032104492,0.10043027997016907,0.1361452341079712,True,-3.3184127807617188,4.519997596740723,5.690578460693359,3.71593976020813,-4.094985008239746,-5.2150068283081055,4.0,3.578641653060913,0,1
4,prey,5,5,-8.023523330688477,-4.401981830596924,0.015163080766797066,-0.04443846642971039,True,11.942509651184082,1.4399117231369019,-1.7770963907241821,-1.9546575546264648,5.832536697387695,0.1977308988571167,2.063173532485962,4.0,1,0
4,prey,6,6,4.000907897949219,5.889427661895752,0.12012840807437897,0.014179153367877007,True,4.891242504119873,5.58715295791626,2.615934133529663,1.2021287679672241,0.7579058408737183,-13.185831069946289,4.0,2.36185884475708,0,2
4,prey,7,7,0.18405050039291382,7.0530171394348145,-0.06743678450584412,0.1108420193195343,True,2.3168222904205322,0.06658214330673218,4.782319068908691,3.6304614543914795,-6.455863952636719,2.962893009185791,4.0,2.5403454303741455,0,2
4,prey,8,8,1.1525217294692993,-9.269241333007812,-0.10050942003726959,-0.04956148564815521,True,-6.559282302856445,-3.421210289001465,-3.1987102031707764,0.904639720916748,-6.070374011993408,3.9664909839630127,4.0,1.5613960027694702,0,3
4,prey,9,9,-0.3486965000629425,2.7546796798706055,-0.02142411470413208,0.06674253195524216,True,15.15591812133789,7.2543511390686035,2.190155029296875,0.20981049537658691,-4.008476257324219,1.0241050720214844,4.0,1.4745389223098755,0,3
4,prey,10,10,-9.128852844238281,1.4536887407302856,-0.02631097286939621,-0.008718067780137062,True,9.778691291809082,-3.2384543418884277,3.4654664993286133,2.2617440223693848,1.421265959739685,-0.4405972957611084,4.0,4.0,0,0
4,prey,11,11,1.117748498916626,-7.404847621917725,-0.09212341904640198,-0.11515884846448898,True,12.820843696594238,5.145309925079346,-4.781239986419678,-4.381953239440918,5.028927326202393,-5.794469356536865,3.3972768783569336,1.1144856214523315,1,3
4,prey,12,12,2.7124946117401123,-9.202590942382812,-0.049021847546100616,-0.1350976675748825,True,4.229793071746826,7.567365646362305,-2.6971826553344727,-3.2694480419158936,-16.39708709716797,-4.755589485168457,4.0,1.5613960027694702,0,3
4,prey,13,13,4.600393295288086,8.17393970489502,0.08075522631406784,-0.0180611964315176,True,1.8321987390518188,5.059969902038574,3.5493857860565186,6.526104927062988,-8.237692832946777,-2.2774646282196045,4.0,2.36185884475708,0,1
4,prey,14,14,9.57327938079834,9.804784774780273,-0.050056904554367065,0.01405263226479292,True,-0.3078600764274597,1.7045164108276367,4.653480529785156,3.0586445331573486,0.871021032333374,-4.486480236053467,4.0,4.0,0,0
4,prey,15,15,-2.6770575046539307,1.1066316366195679,0.009768297895789146,0.09824156016111374,True,1.843729019165039,2.821444034576416,2.4734153747558594,2.6587045192718506,-1.042299747467041,9.100057601928711,3.5649659633636475,2.0701115131378174,1,4
5,predator,0,0,-9.666191101074219,-5.648999214172363,0.016666579991579056,0.13567039370536804,True,-4.004364967346191,6.883976936340332,0.0,0.0,3.1315436363220215,9.181687355041504,2.0625057220458984,4.0,1,0
5,predator,1,1,-7.786473274230957,5.9221906661987305,0.08124304562807083,0.08231973648071289,True,4.92216682434082,5.076989650726318,-2.630768060684204,7.392963409423828,-5.789901256561279,6.503920078277588,4.0,3.8268866539001465,0,1
5,predator,2,2,0.5727329254150391,-4.051383972167969,-0.01948678120970726,0.01955314353108406,True,-1.4741383790969849,-1.1189987659454346,0.0,0.0,-3.9409499168395996,0.09205090999603271,2.607133388519287,4.0,2,0
5,predator,3,3,-4.339254379272461,4.260341167449951,-0.05391069874167442,-0.03222021460533142,True,8.376154899597168,3.0042026042938232,-2.169410467147827,3.853443145751953,-6.844841957092285,-0.08383947610855103,1.6018571853637695,3.8268866539001465,3,1
5,prey,0,0,0.6730577349662781,1.6899529695510864,0.18029402196407318,-0.01641477271914482,True,-5.1136698722839355,-12.399054527282715,2.9002654552459717,1.6703325510025024,8.873064041137695,0.6233806014060974,4.0,1.4766699075698853,0,2
5,prey,1,1,1.6508030891418457,-6.425180435180664,-0.06157910078763962,0.14488600194454193,True,6.657219409942627,8.698705673217773,3.4971179962158203,3.0971553325653076,11.646184921264648,-1.3833564519882202,2.607133388519287,1.116589903831482,1,3
5,prey,2,2,-3.2365145683288574,3.0984842777252197,0.1450885385274887,-0.10653208196163177,True,3.958998680114746,-0.9897938966751099,2.0564301013946533,0.46098592877388,-1.2139571905136108,3.464644432067871,1.6018571853637695,2.0678751468658447,1,3
5,prey,3,3,-2.284156322479248,6.44938325881958,-0.06893035024404526,-0.022660965099930763,True,4.596926689147949,-3.1280972957611084,2.1513073444366455,2.489685297012329,-9.302328109741211,4.829512596130371,3.002554416656494,2.5404345989227295,1,2
5,prey,4,4,-4.740013599395752,-1.8165720701217651,0.050208963453769684,0.08298701792955399,True,-3.9110984802246094,-5.593811988830566,4.623348236083984,0.8192582726478577,-3.194404363632202,-4.743307590484619,4.0,3.578571081161499,0,1
5,prey,5,5,-8.023159980773926,-4.402252197265625,0.043541986495256424,-0.032440170645713806,True,9.20017147064209,-1.0787231922149658,3.2301392555236816,0.6407716274261475,5.525854110717773,-1.2920054197311401,2.0625057220458984,4.0,1,0
5,prey,6,6,4.002058029174805,5.889263153076172,0.1380009651184082,-0.019729988649487495,True,-0.24971860647201538,7.105650424957275,1.269223690032959,0.981400191783905,-1.0604887008666992,-9.2280912399292,4.0,2.361337184906006,0,2
5,prey,7,7,0.183238685131073,7.054172515869141,-0.09741876274347305,0.138631209731102,True,-2.892284870147705,-4.24847936630249,1.749731421470642,1.5235652923583984,0.41244351863861084,4.456704616546631,4.0,2.5404345989227295,0,2
5,prey,8,8,1.1513769626617432,-9.269271850585938,-0.13737089931964874,-0.0036165795754641294,True,-1.2821757793426514,1.1272708177566528,6.296026229858398,6.344501972198486,4.773857593536377,6.020599842071533,4.0,1.5618168115615845,0,3
5,prey,9,9,-0.3492184579372406,2.755553960800171,-0.06263605505228043,0.10492514818906784,True,-10.997350692749023,4.545600414276123,-0.48867353796958923,0.9996481537818909,1.9696365594863892,4.9311933517456055,4.0,1.4766699075698853,0,3
5,prey,10,10,-9.128803253173828,1.4535518884658813,0.0059983134269714355,-0.016422538086771965,True,0.5233576893806458,-6.391792297363281,2.593648672103882,1.730102777481079,-6.491094589233398,5.710449695587158,4.0,4.0,0,0
5,prey,11,11,1.117382526397705,-7.406116485595703,-0.04391750320792198,-0.1522538810968399,True,6.6140828132629395,5.97391939163208,-0.1640157699584961,3.488995313644409,-9.333849906921387,-4.5117292404174805,3.3986575603485107,1.116589903831482,1,3
5,prey,12,12,2.711826801300049,-9.20394229888916,-0.08016495406627655,-0.16212591528892517,True,1.161259651184082,-1.0134836435317993,2.6996676921844482,2.68164324760437,10.108735084533691,-3.18043851852417,4.0,1.5618168115615845,0,3
5,prey,13,13,4.600651264190674,8.173469543457031,0.030953219160437584,-0.05631543695926666,True,-1.641432285308838,-7.405612945556641,4.312382698059082,1.5832688808441162,-0.9332939386367798,-1.7311503887176514,4.0,2.361337184906006,0,1
5,prey,14,14,9.573163986206055,9.804658889770508,-0.013813000172376633,-0.014996661804616451,True,5.997535228729248,1.6287883520126343,3.361720561981201,5.323561668395996,4.3740434646606445,-3.560825824737549,4.0,4.0,0,0
5,prey,15,15,-2.677255392074585,1.1076712608337402,-0.023744983598589897,0.12476231902837753,True,-5.755975723266602,0.7122185230255127,1.7797213792800903,-0.20792634785175323,-3.319673776626587,12.123029708862305,3.5639259815216064,2.0678751468658447,1,4
6,predator,0,0,-9.665760040283203,-5.6476263999938965,0.051642097532749176,0.1647263616323471,True,-5.249401569366455,4.20758581161499,0.0,0.0,0.8742769956588745,8.627345085144043,2.0614993572235107,4.0,1,0
6,predator,1,1,-7.786039352416992,5.92302131652832,0.052081115543842316,0.09968996047973633,True,1.1783808469772339,3.7055296897888184,8.376154899597168,3.0042026042938232,-6.223751544952393,0.8758587837219238,4.0,3.826434373855591,0,1
6,predator,2,2,0.572321891784668,-4.051218509674072,-0.04932018369436264,0.01986718736588955,True,-7.441469669342041,-3.179295778274536,0.0,0.0,-4.579801559448242,-0.0876239538192749,2.6067168712615967,4.0,2,0
6,predator,3,3,-4.339847564697266,4.2600836753845215,-0.07117389142513275,-0.030916476622223854,True,0.9427580833435059,5.334949493408203,4.92216682434082,5.076989650726318,-8.38443660736084,-1.2093205451965332,1.6030693054199219,3.826434373855591,3,1
6,prey,0,0,0.674863874912262,1.690049648284912,0.21674352884292603,0.01159308198839426,True,4.650227069854736,-3.3029112815856934,-2.1786434650421143,-0.2281019389629364,-2.0393638610839844,3.610905408859253,4.0,1.4787896871566772,0,2
6,prey,1,1,1.6506823301315308,-6.4244256019592285,-0.014489672146737576,0.09061598032712936,True,0.978401780128479,-12.231064796447754,2.16438889503479,2.029235601425171,-3.972099781036377,5.462943077087402,2.6067168712615967,1.1189250946044922,1,3
6,prey,2,2,-3.2356603145599365,3.0979297161102295,0.1025187149643898,-0.06655676662921906,True,3.7033586502075195,12.273695945739746,-3.3642992973327637,-3.7862021923065186,0.5302343368530273,-4.876607418060303,1.6030693054199219,2.0656609535217285,1,3
6,prey,3,3,-2.284952163696289,6.449479103088379,-0.09550563991069794,0.011465956456959248,True,5.746882438659668,-6.166553497314453,-3.241633176803589,-1.811353087425232,-1.141207218170166,0.7737334966659546,3.002673387527466,2.5408742427825928,1,2
6,prey,4,4,-4.7399091720581055,-1.8162403106689453,0.01253979280591011,0.03980554640293121,True,0.4050356149673462,4.8760905265808105,-1.3640780448913574,-2.600257635116577,0.7681379914283752,6.301433086395264,4.0,3.579026460647583,0,1
6,prey,5,5,-8.02255916595459,-4.402768611907959,0.07214957475662231,-0.061971381306648254,True,2.711848258972168,-3.227677345275879,-1.6938704252243042,-5.992802143096924,-5.412540435791016,-8.175451278686523,2.0614993572235107,4.0,1,0
6,prey,6,6,4.0028510093688965,5.888840198516846,0.09513359516859055,-0.0507858470082283,True,3.7487001419067383,10.412158012390137,-1.6750459671020508,-3.501142740249634,5.9246439933776855,-3.9363274574279785,4.0,2.3607699871063232,0,2
6,prey,7,7,0.18258045613765717,7.0555524826049805,-0.07898762822151184,0.16557860374450684,True,1.4027609825134277,1.0418888330459595,-2.171746015548706,-1.6512985229492188,0.6890721321105957,-0.4950505495071411,4.0,2.5408742427825928,0,2
6,prey,8,8,1.1505944728851318,-9.269030570983887,-0.0939093604683876,0.028989549726247787,True,5.167015075683594,1.6560336351394653,4.810853958129883,4.553046703338623,1.598422884941101,-1.9723114967346191,4.0,1.5621660947799683,0,3
6,prey,9,9,-0.34943318367004395,2.7566492557525635,-0.025768034160137177,0.1314128339290619,True,-2.014718770980835,-3.192148208618164,-1.3760318756103516,-3.243372678756714,-0.7632769346237183,-10.620659828186035,4.0,1.4787896871566772,0,3
6,prey,10,10,-9.128987312316895,1.4536705017089844,-0.022145451977849007,0.014235790818929672,True,-15.737739562988281,-3.857469081878662,0.8730239868164062,-1.73752760887146,-1.1890008449554443,-11.830933570861816,4.0,4.0,0,0
6,prey,11,11,1.1166671514511108,-7.40769624710083,-0.08583373576402664,-0.1895715445280075,True,-0.3558694124221802,-3.0645439624786377,2.1787679195404053,2.93749737739563,-1.6342573165893555,0.20398235321044922,3.400331497192383,1.1189250946044922,1,3
6,prey,12,12,2.7114686965942383,-9.205512046813965,-0.04295315966010094,-0.18835841119289398,True,1.3545353412628174,-1.3093572854995728,3.996375322341919,5.266632080078125,10.489666938781738,-2.696186065673828,4.0,1.5621660947799683,0,3
6,prey,13,13,4.60056209564209,8.172691345214844,-0.010717524215579033,-0.09344387799501419,True,-5.171934604644775,3.1808600425720215,-0.708978533744812,1.180692434310913,0.0029124021530151367,-1.4018430709838867,4.0,2.3607699871063232,0,1
6,prey,14,14,9.573314666748047,9.804306030273438,0.018045375123620033,-0.04241102561354637,True,4.573382377624512,-0.8942054510116577,-0.945575475692749,-0.14998126029968262,8.059279441833496,-2.220207691192627,4.0,4.0,0,0
6,prey,15,15,-2.6778059005737305,1.1090221405029297,-0.06604672223329544,0.16210471093654633,True,3.19789981842041,-7.236961841583252,-1.9764459133148193,-4.029346942901611,-2.1108272075653076,4.265020847320557,3.562523126602173,2.0656609535217285,1,4
7,predator,0,0,-9.665084838867188,-5.646010875701904,0.08102309703826904,0.19387699663639069,True,-5.091123104095459,4.388293743133545,0.0,0.0,3.6239349842071533,8.884785652160645,2.0597634315490723,4.0,1,0
7,predator,1,1,-7.785830497741699,5.923964023590088,0.025072867050766945,0.11314372718334198,True,6.601794719696045,4.959619045257568,0.9427580833435059,5.334949493408203,-2.444204330444336,-5.6876115798950195,4.0,3.8261771202087402,0,1
7,predator,2,2,0.5716671347618103,-4.051093578338623,-0.07857316732406616,0.014964708127081394,True,-4.752044200897217,-4.573862075805664,0.0,0.0,-7.981266021728516,-0.9051038026809692,2.606049060821533,4.0,2,0
7,predator,3,3,-4.340587139129639,4.259653091430664,-0.08878815919160843,-0.051665905863046646,True,-0.5898023843765259,2.025329828262329,1.1783808469772339,3.7055296897888184,-1.5958094596862793,-1.8494820594787598,1.6045030355453491,3.8261771202087402,3,1
7,prey,0,0,0.6763033270835876,1.690420389175415,0.17272773385047913,0.04449509084224701,True,-11.391656875610352,3.442514419555664,2.312845468521118,1.7154529094696045,2.990957736968994,-1.552260398864746,4.0,1.4803136587142944,0,2
7,prey,1,1,1.6502954959869385,-6.423445224761963,-0.046421825885772705,0.11759912222623825,True,8.103569030761719,3.588040828704834,2.055227041244507,-0.9059558510780334,1.0074119567871094,4.94695520401001,2.606049060821533,1.1213423013687134,1,3
7,prey,2,2,-3.2347075939178467,3.0971298217773438,0.11433687806129456,-0.09598901867866516,True,-1.5799187421798706,-4.028273105621338,-0.3356646001338959,-2.54829478263855,-1.4381386041641235,-2.617183208465576,1.6045030355453491,2.0627903938293457,1,3
7,prey,3,3,-2.285970687866211,6.449780464172363,-0.12223117798566818,0.036174848675727844,True,5.561221599578857,-1.6128888130187988,1.3594703674316406,1.8823689222335815,-9.713811874389648,-5.015833377838135,3.003016233444214,2.541651487350464,1,2
7,prey,4,4,-4.739612579345703,-1.8156787157058716,0.03555402532219887,0.06739837676286697,True,1.9295285940170288,-5.517953395843506,-0.5815208554267883,-1.4239120483398438,5.967611312866211,6.0773186683654785,4.0,3.5792412757873535,0,1
7,prey,5,5,-8.022276878356934,-4.403510570526123,0.033910952508449554,-0.08904869109392166,True,4.12225341796875,0.42233651876449585,-7.666351795196533,0.5093107223510742,11.531698226928711,-5.647031307220459,2.0597634315490723,4.0,1,0
7,prey,6,6,4.003874778747559,5.888164520263672,0.12287025153636932,-0.08105006814002991,True,3.963770866394043,12.085380554199219,1.5310999155044556,-1.5555115938186646,-2.2354001998901367,-1.5349705219268799,4.0,2.3601768016815186,0,2
7,prey,7,7,0.18215006589889526,7.0567169189453125,-0.05164675787091255,0.13976705074310303,True,-2.790177345275879,-2.1921732425689697,1.980059266090393,0.8525913953781128,-1.9083640575408936,7.643640041351318,4.0,2.541651487350464,0,2
7,prey,8,8,1.150174856185913,-9.269074440002441,-0.05035008117556572,-0.005287045147269964,True,2.030515432357788,-5.699145793914795,0.6590225696563721,-5.5349884033203125,0.7155221104621887,-5.9622297286987305,4.0,1.5624536275863647,0,3
7,prey,9,9,-0.34989696741104126,2.7573044300079346,-0.05565221980214119,0.07861976325511932,True,-0.21541568636894226,6.967291831970215,2.2103662490844727,1.884783387184143,0.792472243309021,-3.1695384979248047,4.0,1.4803136587142944,0,3
7,prey,10,10,-9.129488945007324,1.45343816280365,-0.06013339385390282,-0.027885394170880318,True,1.1089305877685547,-3.9791598320007324,2.504535675048828,1.671286702156067,-0.36548280715942383,0.2779604196548462,4.0,4.0,0,0
7,prey,11,11,1.1157015562057495,-7.409152030944824,-0.11588213592767715,-0.17466560006141663,True,-4.778744220733643,-9.119086265563965,2.4999840259552,-3.96146297454834,-2.0618956089019775,-2.750411033630371,3.4018423557281494,1.1213423013687134,1,3
7,prey,12,12,2.711406707763672,-9.207297325134277,-0.007455415092408657,-0.21425233781337738,True,4.338115692138672,5.980813026428223,1.9298491477966309,-4.546525001525879,0.7908597588539124,-1.1842318773269653,4.0,1.5624536275863647,0,3
7,prey,13,13,4.600479602813721,8.17169189453125,-0.009894385933876038,-0.11987091600894928,True,-5.595890045166016,-5.855794906616211,2.691401243209839,0.24022789299488068,1.826184630393982,7.377824306488037,4.0,2.3601768016815186,0,1
7,prey,14,14,9.573718070983887,9.803718566894531,0.04834335669875145,-0.07048527896404266,True,5.502799034118652,-0.7467077970504761,-0.7116172313690186,6.7965087890625,0.5182101726531982,-3.893320083618164,4.0,4.0,0,0
7,prey,15,15,-2.6787004470825195,1.1106855869293213,-0.1073511391878128,0.1996108889579773,True,8.566977500915527,-3.5830039978027344,-0.263456255197525,0.23894180357456207,2.0295586585998535,1.5135118961334229,3.560598850250244,2.0627903938293457,1,4
8,predator,0,0,-9.664132118225098,-5.64415168762207,0.11438532173633575,0.2231246680021286,True,-6.698370933532715,3.855624198913574,0.0,0.0,6.673514366149902,6.497692108154297,2.057727813720703,4.0,1,0
8,predator,1,1,-7.785923480987549,5.924522876739502,-0.011196705512702465,0.067051962018013,True,-7.082204341888428,12.001602172851562,-0.5898023843765259,2.025329828262329,-3.160174608230591,-8.25167179107666,4.0,3.82596492767334,0,1
8,predator,2,2,0.5707700252532959,-4.051241397857666,-0.10765331238508224,-0.0177162978798151,True,-3.9606661796569824,-6.087339878082275,0.0,0.0,-5.543925762176514,-4.007873058319092,2.6051583290100098,4.0,2,0
8,predator,3,3,-4.341475486755371,4.259054183959961,-0.10660125315189362,-0.0718589648604393,True,6.8921332359313965,0.9497619271278381,6.601794719696045,4.959619045257568,2.7295119762420654,-5.755329608917236,1.6058604717254639,3.82596492767334,3,1
8,prey,0,0,0.6780466437339783,1.6904106140136719,0.2092045545578003,-0.0011775230523198843,True,-3.227367639541626,-1.0667885541915894,2.2051408290863037,0.3026256561279297,1.88876211643219,2.792778253555298,4.0,1.4818824529647827,0,2
8,prey,1,1,1.6502071619033813,-6.42224645614624,-0.01060196291655302,0.1438954919576645,True,2.9326841831207275,1.9588770866394043,0.5299623012542725,-2.9458062648773193,-0.3910965621471405,1.2389642000198364,2.6051583290100098,1.1245317459106445,1,3
8,prey,2,2,-3.23416805267334,3.0960159301757812,0.0647255927324295,-0.1336696743965149,True,3.7361292839050293,-4.265017509460449,0.39562973380088806,-0.9250532984733582,-4.637662887573242,2.708240032196045,1.6058604717254639,2.0596046447753906,1,3
8,prey,3,3,-2.287208080291748,6.4497880935668945,-0.1484822779893875,0.0009529399103485048,True,-5.140796661376953,-4.160120010375977,-1.29175865650177,0.976563036441803,-5.095928192138672,3.447355270385742,3.0032198429107666,2.542513608932495,1,2
8,prey,4,4,-4.739064693450928,-1.8148839473724365,0.06575467437505722,0.09536654502153397,True,-2.018453359603882,-3.8432040214538574,0.10186167806386948,-0.12638235092163086,8.633468627929688,6.086076736450195,4.0,3.579481601715088,0,1
8,prey,5,5,-8.021737098693848,-4.404481410980225,0.06478318572044373,-0.11649803072214127,True,5.478091239929199,0.10965263843536377,1.5192296504974365,-4.748556613922119,15.249324798583984,-16.160186767578125,2.057727813720703,4.0,1,0
8,prey,6,6,4.00447940826416,5.887171268463135,0.07253242284059525,-0.11917860060930252,True,2.969705104827881,-0.275112509727478,-1.4881864786148071,0.0003735224308911711,2.8226125240325928,-1.9407281875610352,4.0,2.3605175018310547,0,2
8,prey,7,7,0.18146035075187683,7.058106899261475,-0.08276486396789551,0.16677579283714294,True,5.524182319641113,-6.933879375457764,-0.09870167821645737,1.059317946434021,3.961059331893921,4.6781840324401855,4.0,2.542513608932495,0,2
8,prey,8,8,1.1500017642974854,-9.269351959228516,-0.02076295204460621,-0.0333247147500515,True,-2.101940155029297,-1.7008610963821411,2.5543134212493896,0.14992253482341766,-5.819145202636719,-5.525053024291992,4.0,1.5627225637435913,0,3
8,prey,9,9,-0.35009074211120605,2.7576074600219727,-0.023253748193383217,0.03637596592307091,True,8.045589447021484,13.90024471282959,-0.16701817512512207,-0.9077741503715515,3.3490872383117676,-1.1413129568099976,4.0,1.4818824529647827,0,3
8,prey,10,10,-9.130027770996094,1.4533042907714844,-0.06472480297088623,-0.016063828021287918,True,-0.37907081842422485,-0.6867811679840088,3.2597103118896484,-3.1767234802246094,1.9245465993881226,-11.18438720703125,4.0,4.0,0,0
8,prey,11,11,1.1144018173217773,-7.410924434661865,-0.15596403181552887,-0.21269245445728302,True,1.5531643629074097,-5.888030529022217,4.824066638946533,1.289902687072754,1.4809224605560303,-7.018787860870361,3.40338134765625,1.1245317459106445,1,3
8,prey,12,12,2.7115700244903564,-9.209297180175781,0.019597064703702927,-0.24002061784267426,True,3.3487210273742676,-0.028655648231506348,1.7851134538650513,-3.7433969974517822,1.329598307609558,1.353440761566162,4.0,1.5627225637435913,0,3
8,prey,13,13,4.600747108459473,8.171138763427734,0.03209663927555084,-0.06645062565803528,True,0.0432891845703125,5.681028366088867,2.4044394493103027,2.9001805782318115,-0.5134551525115967,2.021544933319092,4.0,2.3605175018310547,0,1
8,prey,14,14,9.574234008789062,9.802899360656738,0.06190431863069534,-0.09825025498867035,True,10.085719108581543,5.2298407554626465,-0.8160595893859863,3.114792823791504,4.957066535949707,1.8581124544143677,4.0,4.0,0,0
8,prey,15,15,-2.67927885055542,1.1125670671463013,-0.06939978152513504,0.22577744722366333,True,1.7637214660644531,-0.10100254416465759,-1.0539268255233765,-0.9886631369590759,-2.6076040267944336,10.938394546508789,3.5585501194000244,2.0596046447753906,1,4
9,predator,0,0,-9.6629056930542,-5.642048358917236,0.14717167615890503,0.2523999512195587,True,-6.098244667053223,5.0576581954956055,0.0,0.0,6.448212146759033,9.114964485168457,2.055391311645508,4.0,1,0
9,predator,1,1,-7.786270618438721,5.924731731414795,-0.04164016619324684,0.025040999054908752,True,-2.7933201789855957,3.165243148803711,6.8921332359313965,0.9497619271278381,6.728061676025391,10.245121002197266,4.0,3.8261265754699707,0,1
9,predator,2,2,0.5696281790733337,-4.0516767501831055,-0.1370180994272232,-0.052223268896341324,True,0.6704328060150146,-5.724542617797852,0.0,0.0,-2.81596040725708,0.5610547065734863,2.603771924972534,4.0,2,0
9,predator,3,3,-4.342107772827148,4.258302211761475,-0.07584021240472794,-0.09026152640581131,True,-0.3544405996799469,7.9194722175598145,-7.082204341888428,12.001602172851562,-4.4749884605407715,-10.870312690734863,1.6064518690109253,3.8261265754699707,3,1
9,prey,0,0,0.6800054311752319,1.690683126449585,0.23505377769470215,0.0327017605304718,True,-5.058406352996826,4.837140083312988,2.125725269317627,-0.8111557960510254,1.436795711517334,1.150515079498291,4.0,1.4830267429351807,0,2
9,prey,1,1,1.6499810218811035,-6.420741081237793,-0.027131550014019012,0.18062494695186615,True,-1.285088062286377,10.109353065490723,0.933315098285675,-2.539182424545288,2.5041213035583496,-3.0071306228637695,2.603771924972534,1.1279988288879395,1,3
9,prey,2,2,-3.2339425086975098,3.095264196395874,0.02706654742360115,-0.09020025283098221,True,0.0213564932346344,2.193479061126709,0.6525436043739319,-0.41307586431503296,0.030377566814422607,-1.1070486307144165,1.6064518690109253,2.0564627647399902,1,3
9,prey,3,3,-2.2886643409729004,6.450074672698975,-0.1747499704360962,0.034370653331279755,True,10.483829498291016,-5.3016510009765625,2.6936073303222656,0.9913533926010132,1.838708519935608,-6.1936750411987305,3.0034141540527344,2.5438761711120605,1,2
9,prey,4,4,-4.738269329071045,-1.8138551712036133,0.09544916450977325,0.1234561949968338,True,-5.146185398101807,4.240527629852295,2.5695154666900635,1.3150511980056763,3.6326191425323486,-7.196619987487793,4.0,3.5794384479522705,0,1
9,prey,5,5,-8.02094554901123,-4.405682563781738,0.09497873485088348,-0.1441221386194229,True,8.401285171508789,4.364785194396973,-1.198762059211731,-2.2649927139282227,6.792205810546875,-12.474139213562012,2.055391311645508,4.0,1,0
9,prey,6,6,4.005420207977295,5.885859489440918,0.11292368918657303,-0.1574697345495224,True,3.2583842277526855,4.807867050170898,2.555102586746216,2.1083877086639404,-5.040341377258301,0.6170293688774109,4.0,2.361454725265503,0,1
9,prey,7,7,0.1810813546180725,7.059715270996094,-0.04548002779483795,0.19299477338790894,True,-3.1301159858703613,1.343477725982666,1.1700388193130493,1.3876047134399414,-13.086533546447754,4.864179611206055,4.0,2.5438761711120605,0,1
9,prey,8,8,1.1494941711425781,-9.2699556350708,-0.06091159209609032,-0.07242432981729507,True,0.3784930109977722,-0.5853416323661804,2.611523151397705,-1.3192696571350098,-4.124788761138916,-10.75827407836914,4.0,1.5636268854141235,0,3
9,prey,9,9,-0.35005977749824524,2.757610559463501,0.0037150788120925426,0.00038133165799081326,True,6.482337474822998,7.980593204498291,0.45630112290382385,-1.8705118894577026,-0.5134609937667847,-4.353976249694824,4.0,1.4830267429351807,0,3
9,prey,10,10,-9.130239486694336,1.4529383182525635,-0.025350293144583702,-0.043912891298532486,True,-2.0651047229766846,-0.3032033443450928,2.2398722171783447,-2.024892807006836,4.09814453125,-3.3362269401550293,4.0,4.0,0,0
9,prey,11,11,1.1135149002075195,-7.413003921508789,-0.10643591731786728,-0.24955321848392487,True,0.9429094791412354,-6.0690789222717285,1.3931550979614258,0.07645344734191895,3.8268439769744873,-5.2155561447143555,3.4050452709198,1.1279988288879395,1,3
9,prey,12,12,2.7120065689086914,-9.210929870605469,0.052383918315172195,-0.19588246941566467,True,3.493675708770752,1.3391423225402832,0.794636070728302,-1.8766714334487915,-5.9283833503723145,-6.979922294616699,4.0,1.5636268854141235,0,3
9,prey,13,13,4.600792407989502,8.171029090881348,0.005452414508908987,-0.013104862533509731,True,-3.574248790740967,-15.167150497436523,4.296879768371582,1.5521947145462036,2.279480457305908,-6.955104827880859,4.0,2.361454725265503,0,1
9,prey,14,14,9.575064659118652,9.802494049072266,0.09977058321237564,-0.048707153648138046,True,0.42656129598617554,-2.1024932861328125,1.5064971446990967,2.70295786857605,2.556732177734375,-1.1138973236083984,4.0,4.0,0,0
9,prey,15,15,-2.680206775665283,1.1147552728652954,-0.11135073751211166,0.26258793473243713,True,5.6991047859191895,-2.021472215652466,0.934316098690033,-1.0079350471496582,2.2427937984466553,0.1589345932006836,3.5558125972747803,2.0564627647399902,1,4
10,predator,0,0,-9.661409378051758,-5.639700889587402,0.17948617041110992,0.2816469967365265,True,-2.470367431640625,4.812291622161865,0.0,0.0,-0.10384487360715866,5.111668586730957,2.052755117416382,4.0,1,0
10,predator,1,1,-7.786386489868164,5.925083160400391,-0.013898484408855438,0.04216879978775978,True,-5.060314655303955,6.754757881164551,-0.3544405996799469,7.9194722175598145,2.289454936981201,8.116094589233398,4.0,3.8260655403137207,0,1
10,predator,2,2,0.5683498382568359,-4.051977157592773,-0.15340565145015717,-0.03607584908604622,True,-7.671726703643799,-5.857135772705078,0.0,0.0,-4.462395668029785,-0.9673494100570679,2.6031334400177,4.0,2,0
10,predator,3,3,-4.342900276184082,4.257396221160889,-0.0951036587357521,-0.1086890771985054,True,4.013736724853516,11.411333084106445,-2.7933201789855957,3.165243148803711,-2.162274122238159,-5.025957107543945,1.6071982383728027,3.8260655403137207,3,1
10,prey,0,0,0.6822676658630371,1.6913150548934937,0.271468847990036,0.07583348453044891,True,-5.0682783126831055,-3.894929885864258,2.524101734161377,1.8918315172195435,5.794276237487793,-3.416487455368042,4.0,1.4840474128723145,0,2
10,prey,1,1,1.6501259803771973,-6.419690132141113,0.017385877668857574,0.12613625824451447,True,-5.057021141052246,-3.525043487548828,1.605026125907898,-1.7717593908309937,-3.087012529373169,0.6191731095314026,2.6031334400177,1.1313203573226929,1,3
10,prey,2,2,-3.2337241172790527,3.0942907333374023,0.026216186583042145,-0.11681298166513443,True,7.784024715423584,3.770909547805786,1.0379226207733154,1.5393445491790771,0.6301628947257996,3.275599479675293,1.6071982383728027,2.0532238483428955,1,3
10,prey,3,3,-2.2897536754608154,6.450068473815918,-0.13071796298027039,-0.00075072719482705,True,8.006185531616211,-8.298025131225586,0.5283445715904236,0.5677050352096558,-2.0371499061584473,-3.3711562156677246,3.0038681030273438,2.5447463989257812,1,2
10,prey,4,4,-4.737242698669434,-1.8131611347198486,0.12321698665618896,0.0832839384675026,True,-4.455743312835693,-7.619064807891846,2.2467620372772217,2.8418867588043213,3.940581798553467,-0.9048347473144531,4.0,3.5796940326690674,0,1
10,prey,5,5,-8.019906044006348,-4.407114028930664,0.12471220642328262,-0.17180253565311432,True,-4.267960071563721,0.22913342714309692,-3.605645179748535,1.968662142753601,3.165052652359009,-3.1181304454803467,2.052755117416382,4.0,1,0
10,prey,6,6,4.006031036376953,5.884792804718018,0.07329965382814407,-0.12799587845802307,True,-1.4114940166473389,2.4681692123413086,0.9383261799812317,-1.401680588722229,7.838368892669678,-0.894753634929657,4.0,2.362006902694702,0,1
10,prey,7,7,0.18043528497219086,7.061542987823486,-0.07752816379070282,0.21932367980480194,True,-2.548859119415283,-8.310300827026367,2.473193883895874,-0.381599098443985,-1.8509495258331299,4.447188854217529,4.0,2.5447463989257812,0,1
10,prey,8,8,1.1486554145812988,-9.270885467529297,-0.10065704584121704,-0.11152571439743042,True,-2.0776119232177734,1.176061987876892,1.0504990816116333,1.793138861656189,-5.98783540725708,-3.63897967338562,4.0,1.5645681619644165,0,3
10,prey,9,9,-0.35015276074409485,2.757385015487671,-0.011156311258673668,-0.027062643319368362,True,2.8105578422546387,11.014729499816895,0.3192148208618164,-0.6334728002548218,3.039816379547119,2.3343467712402344,4.0,1.4840474128723145,0,3
10,prey,10,10,-9.130084991455078,1.452261209487915,0.018450405448675156,-0.08124898374080658,True,1.1446919441223145,-1.1550931930541992,2.2438902854919434,2.1943299770355225,-8.744209289550781,3.4053702354431152,4.0,4.0,0,0
10,prey,11,11,1.113025426864624,-7.4153852462768555,-0.05872560292482376,-0.28572434186935425,True,-1.683287262916565,-11.377391815185547,0.8623602390289307,3.621051073074341,4.5677809715271,-2.2554826736450195,3.4072256088256836,1.1313203573226929,1,3
10,prey,12,12,2.712144136428833,-9.212778091430664,0.016514115035533905,-0.22174817323684692,True,2.6108744144439697,1.3269810676574707,0.012104809284210205,1.151644229888916,-4.41228723526001,-2.2975270748138428,4.0,1.5645681619644165,0,3
10,prey,13,13,4.60117244720459,8.17059326171875,0.045564085245132446,-0.05238163843750954,True,-2.079963445663452,-0.4396737813949585,3.504199504852295,1.345558762550354,6.202299118041992,-9.374019622802734,4.0,2.362006902694702,0,1
10,prey,14,14,9.576126098632812,9.801834106445312,0.12736552953720093,-0.07916615158319473,True,-17.498262405395508,5.887804985046387,-0.15793228149414062,-5.1796417236328125,5.8264312744140625,-0.5649960041046143,4.0,4.0,0,0
10,prey,15,15,-2.680819272994995,1.116912603378296,-0.07352059334516525,0.25888118147850037,True,1.0535415410995483,-4.270310401916504,0.2268158346414566,2.1414806842803955,-2.2839882373809814,0.6254510879516602,3.5531888008117676,2.0532238483428955,1,4
11,predator,0,0,-9.659987449645996,-5.63711404800415,0.1706562042236328,0.3104179799556732,True,-6.73912239074707,7.569985866546631,0.0,0.0,6.140023708343506,9.447162628173828,2.0501134395599365,4.0,1,0
11,predator,1,1,-7.786208629608154,5.925680160522461,0.02133067511022091,0.07164885848760605,True,-11.283299446105957,11.565787315368652,4.013736724853516,11.411333084106445,1.7229197025299072,-1.4813580513000488,4.0,3.8257715702056885,0,1
11,predator,2,2,0.5668287873268127,-4.052554607391357,-0.1825222671031952,-0.06927629560232162,True,-4.763487339019775,2.5890679359436035,0.0,0.0,-3.320828676223755,1.4684631824493408,2.6020443439483643,4.0,2,0
11,predator,3,3,-4.343851566314697,4.2563371658325195,-0.11418643593788147,-0.12708985805511475,True,6.481363773345947,-4.972384929656982,-5.060314655303955,6.754757881164551,-1.1596286296844482,-5.962203502655029,1.6077626943588257,3.8257715702056885,3,1
11,prey,0,0,0.6848291754722595,1.6915580034255981,0.30738019943237305,0.029156196862459183,True,-8.316232681274414,-5.278930187225342,1.6054588556289673,-1.6062705516815186,4.447990894317627,-1.9780066013336182,4.0,1.485586166381836,0,2
11,prey,1,1,1.6499032974243164,-6.418476104736328,-0.026720626279711723,0.14567609131336212,True,-5.175289630889893,-4.8055243492126465,-0.38334155082702637,-2.9581165313720703,-7.107553482055664,2.9657299518585205,2.6020443439483643,1.1346923112869263,1,3
11,prey,2,2,-3.233309507369995,3.093755006790161,0.04976359009742737,-0.06430331617593765,True,10.845845222473145,13.364398002624512,0.1345851719379425,-3.2189993858337402,3.782705783843994,-2.9021668434143066,1.6077626943588257,2.0501790046691895,1,3
11,prey,3,3,-2.291062831878662,6.449785232543945,-0.15711192786693573,-0.03401701897382736,True,0.6806394457817078,-3.7792723178863525,0.07707565277814865,0.04837049916386604,-0.7431168556213379,-6.078056335449219,3.0041897296905518,2.5456979274749756,1,2
11,prey,4,4,-4.7359938621521,-1.8127553462982178,0.14985239505767822,0.04868989810347557,True,-9.655787467956543,1.3389225006103516,0.5760962963104248,0.9490731358528137,6.031343460083008,-2.0873863697052,4.0,3.57999587059021,0,1
11,prey,5,5,-8.018534660339355,-4.4088640213012695,0.16454008221626282,-0.21000009775161743,True,1.4313089847564697,0.8159904479980469,-1.6555256843566895,-4.387079238891602,-2.637253761291504,0.6923092603683472,2.0501134395599365,4.0,1,0
11,prey,6,6,4.006892204284668,5.88352632522583,0.10335109382867813,-0.15194115042686462,True,5.760129928588867,1.2967627048492432,-2.729769706726074,-0.6733991503715515,6.989440441131592,-0.1954241394996643,4.0,2.362518310546875,0,1
11,prey,7,7,0.17952845990657806,7.0635905265808105,-0.10881951451301575,0.2457227110862732,True,-4.080661773681641,-9.902417182922363,1.5849391222000122,0.050124168395996094,0.36675524711608887,2.250199794769287,4.0,2.5456979274749756,0,1
11,prey,8,8,1.1475752592086792,-9.272051811218262,-0.12962082028388977,-0.1399928331375122,True,-4.448452472686768,-5.730175495147705,-1.376477837562561,-4.52515172958374,2.4846010208129883,0.4182421565055847,4.0,1.565464735031128,0,3
11,prey,9,9,-0.3499261140823364,2.75750732421875,0.027198821306228638,0.014669503085315228,True,7.067800521850586,10.838922500610352,0.1599266529083252,-3.324153423309326,-0.16452276706695557,2.8068017959594727,4.0,1.485586166381836,0,3
11,prey,10,10,-9.130200386047363,1.4519429206848145,-0.013846863061189651,-0.038196634501218796,True,0.7367528080940247,-1.5253090858459473,0.028465718030929565,-1.9723330736160278,0.12127453088760376,-3.7438249588012695,4.0,4.0,0,0
11,prey,11,11,1.1129205226898193,-7.418064117431641,-0.012589878402650356,-0.3215167224407196,True,-5.147514343261719,1.2554290294647217,-1.5079196691513062,-0.3406667709350586,1.18843412399292,0.841623067855835,3.4095263481140137,1.1346923112869263,1,3
11,prey,12,12,2.711994171142578,-9.214839935302734,-0.017977822571992874,-0.24746501445770264,True,-1.7334340810775757,-3.516963005065918,-2.9393069744110107,-4.57545804977417,-5.833652973175049,-8.323586463928223,4.0,1.565464735031128,0,3
11,prey,13,13,4.601795673370361,8.169917106628418,0.07481922209262848,-0.08113858848810196,True,-7.5603485107421875,2.5433125495910645,-2.1283745765686035,0.5524755716323853,-0.7538783550262451,6.790924549102783,4.0,2.362518310546875,0,1
11,prey,14,14,9.57741641998291,9.801048278808594,0.15477415919303894,-0.0943080484867096,True,4.094984531402588,3.5810484886169434,-1.7457287311553955,1.0142476558685303,0.6314164996147156,2.4828429222106934,4.0,4.0,0,0
11,prey,15,15,-2.6816959381103516,1.1191774606704712,-0.1051812395453453,0.27177882194519043,True,6.356514930725098,-6.39061975479126,1.0960828065872192,-2.070253610610962,-4.608484268188477,6.316695213317871,3.550286293029785,2.0501790046691895,1,4
12,predator,0,0,-9.658295631408691,-5.6342878341674805,0.20299501717090607,0.33915185928344727,True,-0.1350858509540558,5.5604143142700195,0.0,0.0,0.5304460525512695,7.52078914642334,2.047006607055664,4.0,1,0
12,predator,1,1,-7.785778522491455,5.925928115844727,0.051650725305080414,0.029748162254691124,True,0.774394154548645,-10.072325706481934,6.481363773345947,-4.972384929656982,3.7864913940429688,0.7340087890625,4.0,3.8250234127044678,0,1
12,predator,2,2,0.5650702714920044,-4.052806854248047,-0.21102149784564972,-0.030270451679825783,True,-4.48639440536499,-4.286224365234375,0.0,0.0,-4.2236809730529785,-5.828087329864502,2.6010377407073975,4.0,2,0
12,predator,3,3,-4.344961166381836,4.255125522613525,-0.13311000168323517,-0.14543940126895905,True,-1.3012217283248901,0.9112349152565002,-11.283299446105957,11.565787315368652,-8.88425350189209,-11.290907859802246,1.6086692810058594,3.8250234127044678,3,1
12,prey,0,0,0.6876002550125122,1.6915092468261719,0.33253002166748047,-0.005859022494405508,True,-2.1395342350006104,-10.576106071472168,2.4249255657196045,0.9666708707809448,5.652254581451416,-1.4902141094207764,4.0,1.4876987934112549,0,2
12,prey,1,1,1.6494120359420776,-6.4170403480529785,-0.05894507095217705,0.17224420607089996,True,-1.965834379196167,-3.407501697540283,-3.7764666080474854,-2.66390323638916,-3.698826789855957,5.567171096801758,2.6010377407073975,1.1377122402191162,1,3
12,prey,2,2,-3.232649087905884,3.0929815769195557,0.0792311578989029,-0.09279681742191315,True,-7.513627052307129,-5.75560998916626,-1.0301392078399658,-2.0998148918151855,1.519076943397522,-8.372940063476562,1.6086692810058594,2.046452522277832,1,3
12,prey,3,3,-2.2925188541412354,6.449235439300537,-0.17471285164356232,-0.0659647211432457,True,-0.11149446666240692,-3.1536171436309814,1.4390068054199219,0.9244898557662964,-1.6365889310836792,-2.8675191402435303,3.004436492919922,2.5470407009124756,1,2
12,prey,4,4,-4.734439849853516,-1.8127317428588867,0.1864558607339859,0.0028309496119618416,True,-2.5675086975097656,0.9791989326477051,3.020331621170044,1.970742106437683,2.9682998657226562,-4.379103660583496,4.0,3.580490827560425,0,1
12,prey,5,5,-8.017501831054688,-4.410346984863281,0.12399806082248688,-0.17795318365097046,True,3.8386363983154297,-0.1286858320236206,-4.459517478942871,-0.09319329261779785,1.1200510263442993,-6.955099582672119,2.047006607055664,4.0,1,0
12,prey,6,6,4.008082389831543,5.882242202758789,0.14278492331504822,-0.1540878266096115,True,1.3747261762619019,8.936010360717773,-1.352303147315979,-0.3328894078731537,4.398414134979248,-0.9878516793251038,4.0,2.3632922172546387,0,1
12,prey,7,7,0.17875540256500244,7.065854549407959,-0.09276600927114487,0.27168750762939453,True,-2.5766472816467285,-5.05992317199707,2.119192600250244,1.799224853515625,-5.635458946228027,8.180343627929688,4.0,2.5470407009124756,0,1
12,prey,8,8,1.1469184160232544,-9.272997856140137,-0.07881644368171692,-0.11355272680521011,True,-0.15955233573913574,7.540459632873535,-4.0187458992004395,-2.3556861877441406,-1.8543859720230103,3.562333822250366,4.0,1.565645456314087,0,3
12,prey,9,9,-0.3497752845287323,2.7578580379486084,0.018097974359989166,0.04209556803107262,True,5.25210428237915,8.252721786499023,-0.7462376356124878,-0.8509804606437683,2.485924482345581,-3.841127872467041,4.0,1.4876987934112549,0,3
12,prey,10,10,-9.130271911621094,1.4514018297195435,-0.00848318636417389,-0.06492498517036438,True,4.436598777770996,-1.5000423192977905,2.2444703578948975,2.282172679901123,2.810533046722412,-2.7645092010498047,4.0,4.0,0,0
12,prey,11,11,1.113102674484253,-7.42041540145874,0.021848518401384354,-0.2821396291255951,True,4.891891002655029,-2.3426942825317383,-3.7857253551483154,-4.684220790863037,-6.259186267852783,0.22522497177124023,3.411909580230713,1.1377122402191162,1,3
12,prey,12,12,2.711566209793091,-9.217116355895996,-0.051373422145843506,-0.2731436491012573,True,4.966618061065674,-1.9710546731948853,-4.923752307891846,-3.09342360496521,-7.0172529220581055,-5.090649604797363,4.0,1.565645456314087,0,3
12,prey,13,13,4.602079391479492,8.169668197631836,0.0340283066034317,-0.02986972965300083,True,-2.496084213256836,-1.8959815502166748,2.704578399658203,0.40700873732566833,2.872546672821045,2.5602774620056152,4.0,2.3632922172546387,0,1
12,prey,14,14,9.578872680664062,9.800662994384766,0.17483900487422943,-0.04625324159860611,True,3.2240777015686035,-4.711238384246826,-0.9001092910766602,1.9200376272201538,-2.6415653228759766,0.70723557472229,4.0,4.0,0,0
12,prey,15,15,-2.682917594909668,1.1217477321624756,-0.1466056853532791,0.3084333539009094,True,6.065606117248535,-0.6740255355834961,-0.3888062834739685,0.722330629825592,1.4338548183441162,11.343255996704102,3.5468924045562744,2.046452522277832,1,4
13,predator,0,0,-9.65648365020752,-5.631224155426025,0.21754370629787445,0.36764463782310486,True,-2.903663158416748,6.1823601722717285,0.0,0.0,0.2381892204284668,4.0779948234558105,2.043726921081543,4.0,1,0
13,predator,1,1,-7.785199165344238,5.926291465759277,0.06949856132268906,0.04362115636467934,True,-0.6497093439102173,1.2615300416946411,-1.3012217283248901,0.9112349152565002,5.652050018310547,-4.474922180175781,4.0,3.8241195678710938,0,1
13,predator,2,2,0.5631786584854126,-4.053250312805176,-0.22699546813964844,-0.05325019732117653,True,0.17327117919921875,-2.1798079013824463,0.0,0.0,0.07046914100646973,3.5709128379821777,2.5996036529541016,4.0,2,0
13,predator,3,3,-4.346226692199707,4.253760814666748,-0.15188606083393097,-0.16372089087963104,True,-5.454262733459473,0.6647771000862122,0.774394154548645,-10.072325706481934,-12.969721794128418,-3.475536823272705,1.6099141836166382,3.8241195678710938,3,1
13,prey,0,0,0.6906676292419434,1.691090703010559,0.3680834174156189,-0.050221703946590424,True,-0.05700904130935669,0.823210597038269,-0.010977336205542088,0.503536581993103,-6.801942348480225,0.23904633522033691,4.0,1.4899126291275024,0,2
13,prey,1,1,1.6486597061157227,-6.4153828620910645,-0.09027663618326187,0.19895145297050476,True,-11.248861312866211,7.629208087921143,3.232985734939575,1.0755702257156372,2.2265591621398926,1.1444729566574097,2.5996036529541016,1.140839695930481,1,3
13,prey,2,2,-3.231745719909668,3.091970920562744,0.10841216892004013,-0.12126863747835159,True,3.0309839248657227,6.418409824371338,1.1941606998443604,-1.6759706735610962,0.23344957828521729,-0.5547572374343872,1.6099141836166382,2.042313575744629,1,3
13,prey,3,3,-2.2941977977752686,6.448426246643066,-0.2014836221933365,-0.09708940982818604,True,5.001401901245117,0.6268637180328369,-0.29049375653266907,-0.967559278011322,-8.727371215820312,3.2220234870910645,3.0045597553253174,2.5484018325805664,1,2
13,prey,4,4,-4.732581615447998,-1.813075065612793,0.22299529612064362,-0.04119793325662613,True,4.975495338439941,2.113060474395752,1.6566308736801147,-1.7302910089492798,2.3333656787872314,-0.5235382318496704,4.0,3.5814733505249023,0,1
13,prey,5,5,-8.01622200012207,-4.412059783935547,0.15347738564014435,-0.20550131797790527,True,-5.447755813598633,0.18748581409454346,0.9345450401306152,-0.2604216933250427,7.867291450500488,-7.051596164703369,2.043726921081543,4.0,1,0
13,prey,6,6,4.0095109939575195,5.880726337432861,0.1714579164981842,-0.1819368302822113,True,5.890321731567383,16.027793884277344,0.19207032024860382,-2.8573577404022217,-0.5444009900093079,-3.756669044494629,4.0,2.364663600921631,0,1
13,prey,7,7,0.1776345819234848,7.068423271179199,-0.13449899852275848,0.3082377314567566,True,11.276423454284668,-0.8732008934020996,0.06167090684175491,-0.6952298283576965,-7.163741111755371,1.473999261856079,4.0,2.5484018325805664,0,1
13,prey,8,8,1.1460292339324951,-9.273609161376953,-0.10670711100101471,-0.07338295131921768,True,-1.9620118141174316,-9.307841300964355,2.6308915615081787,-2.5737502574920654,-7.413715362548828,-4.574363708496094,4.0,1.5657695531845093,0,3
13,prey,9,9,-0.3494010269641876,2.757906913757324,0.04491225257515907,0.005855652503669262,True,3.701023578643799,2.5103580951690674,-1.2455705404281616,-2.1500065326690674,0.6197425127029419,-6.068691253662109,4.0,1.4899126291275024,0,3
13,prey,10,10,-9.129984855651855,1.4505486488342285,0.03444764018058777,-0.10238870978355408,True,6.444483280181885,-2.56790828704834,-0.04422330856323242,-1.3947806358337402,4.92692232131958,-2.1666998863220215,4.0,4.0,0,0
13,prey,11,11,1.112910509109497,-7.422600746154785,-0.02305237576365471,-0.2622399628162384,True,-1.879722237586975,-4.7716851234436035,0.9470770955085754,0.7206344604492188,-4.583384990692139,-6.096235752105713,3.4139020442962646,1.140839695930481,1,3
13,prey,12,12,2.710867166519165,-9.219606399536133,-0.08389042317867279,-0.2988182306289673,True,5.803223609924316,-1.615843653678894,0.9221680760383606,0.5967545509338379,-5.094551086425781,0.09312838315963745,4.0,1.5657695531845093,0,3
13,prey,13,13,4.6026740074157715,8.169785499572754,0.07136218994855881,0.014168214984238148,True,0.8132734298706055,-1.7862553596496582,1.4325532913208008,0.8527906537055969,2.9809436798095703,6.085083961486816,4.0,2.364663600921631,0,1
13,prey,14,14,9.579963684082031,9.800496101379395,0.1308979094028473,-0.02003534696996212,True,-0.8284053206443787,9.635684967041016,-0.560679018497467,3.5200142860412598,4.7173051834106445,4.893871307373047,4.0,4.0,0,0
13,prey,15,15,-2.6838197708129883,1.124530553817749,-0.10826491564512253,0.3339329957962036,True,-1.4428741931915283,-3.2166993618011475,-0.7457298636436462,-2.4019112586975098,-4.046939373016357,6.195629596710205,3.5433993339538574,2.042313575744629,1,4
14,predator,0,0,-9.654640197753906,-5.627925872802734,0.22119440138339996,0.3958221673965454,True,-3.2362542152404785,2.7666468620300293,0.0,0.0,5.220087051391602,13.807700157165527,2.040346384048462,4.0,1,0
14,predator,1,1,-7.784481048583984,5.926431655883789,0.08616228401660919,0.016855040565133095,True,-3.7752959728240967,-4.193614482879639,-5.454262733459473,0.6647771000862122,-4.086523532867432,4.612504482269287,4.0,3.82292103767395,0,1
14,predator,2,2,0.5613790154457092,-4.053475379943848,-0.21595555543899536,-0.026963666081428528,True,-7.931334018707275,-8.888214111328125,0.0,0.0,-10.10351848602295,-0.8548696041107178,2.598219871520996,4.0,2,0
14,predator,3,3,-4.347647666931152,4.25224494934082,-0.17052114009857178,-0.18192200362682343,True,-5.221911430358887,-6.993349075317383,-0.6497093439102173,1.2615300416946411,-16.839624404907227,-4.6480393409729,1.6112983226776123,3.82292103767395,3,1
14,prey,0,0,0.6933581829071045,1.6907527446746826,0.3228686451911926,-0.04054898023605347,True,2.931936740875244,-5.313580513000488,4.633254051208496,3.3723692893981934,7.749692440032959,-2.1089727878570557,4.0,1.491536259651184,0,2
14,prey,1,1,1.648302674293518,-6.413421154022217,-0.04285423457622528,0.23539936542510986,True,-1.9369075298309326,-6.337138652801514,0.6538298726081848,-5.231790065765381,-4.033310413360596,5.47593355178833,2.598219871520996,1.1447436809539795,1,3
14,prey,2,2,-3.2308011054992676,3.0908079147338867,0.11335510015487671,-0.13957680761814117,True,1.570345401763916,7.8432230949401855,4.271277904510498,-0.08347368240356445,-0.38342738151550293,-1.6136451959609985,1.6112983226776123,2.0376343727111816,1,3
14,prey,3,3,-2.2960941791534424,6.447930335998535,-0.22754772007465363,-0.05952540040016174,True,9.651021957397461,1.3625437021255493,3.3160204887390137,2.8433737754821777,10.509733200073242,4.591139793395996,3.0049803256988525,2.5496439933776855,1,2
14,prey,4,4,-4.730420112609863,-1.8135991096496582,0.2594107389450073,-0.06288255751132965,True,1.368956446647644,4.13207483291626,1.0381419658660889,0.6924760937690735,2.195193290710449,0.8317633271217346,4.0,3.5824832916259766,0,1
14,prey,5,5,-8.014700889587402,-4.41400146484375,0.18263037502765656,-0.23299181461334229,True,0.9984419941902161,8.442706108093262,5.709989547729492,-0.22742390632629395,-3.470702648162842,-9.42078971862793,2.040346384048462,4.0,1,0
14,prey,6,6,4.0106892585754395,5.878896236419678,0.1413690596818924,-0.21961474418640137,True,-5.490760326385498,-1.1551458835601807,3.317784547805786,1.8227766752243042,-7.744752883911133,-4.634387969970703,4.0,2.3668196201324463,0,1
14,prey,7,7,0.17617174983024597,7.071296215057373,-0.17554061114788055,0.344736784696579,True,-3.959237575531006,0.6826174855232239,2.419588804244995,3.057668685913086,-7.090230941772461,9.563518524169922,4.0,2.5496439933776855,0,1
14,prey,8,8,1.144818663597107,-9.274555206298828,-0.1452609747648239,-0.11350236088037491,True,-2.7341203689575195,3.6355276107788086,-2.441786766052246,0.41389310359954834,-3.3399462699890137,-0.34124070405960083,4.0,1.5659693479537964,0,3
14,prey,9,9,-0.34891000390052795,2.7576911449432373,0.05892274156212807,-0.025882046669721603,True,2.5027384757995605,6.613642692565918,3.686002016067505,2.5166478157043457,-3.8086447715759277,-6.252772331237793,4.0,1.491536259651184,0,3
14,prey,10,10,-9.129437446594238,1.4494684934616089,0.06559726595878601,-0.1296219825744629,True,6.68945837020874,-8.250326156616211,0.27896231412887573,1.3755640983581543,2.117833137512207,2.336806297302246,4.0,4.0,0,0
14,prey,11,11,1.112440824508667,-7.424999237060547,-0.05636042729020119,-0.28783681988716125,True,10.105817794799805,3.0681285858154297,-2.4692163467407227,-1.0981589555740356,4.280244827270508,-3.981658697128296,3.4162614345550537,1.1447436809539795,1,3
14,prey,12,12,2.7099056243896484,-9.221992492675781,-0.11537706851959229,-0.2863442897796631,True,3.7229762077331543,1.0391850471496582,-5.030198574066162,-2.150106191635132,-5.093308925628662,-0.5818722248077393,4.0,1.5659693479537964,0,3
14,prey,13,13,4.6035847663879395,8.170251846313477,0.10926560312509537,0.055882371962070465,True,-1.216871738433838,2.651278495788574,5.008152961730957,5.5854997634887695,2.956711769104004,-0.2886749505996704,4.0,2.3668196201324463,0,1
14,prey,14,14,9.581361770629883,9.800699234008789,0.16769063472747803,0.02438269928097725,True,2.759843349456787,2.18646502494812,3.351797580718994,7.120769500732422,4.007518768310547,-4.150940418243408,4.0,4.0,0,0
14,prey,15,15,-2.685070514678955,1.1276136636734009,-0.15008248388767242,0.369977742433548,True,6.015646457672119,-1.6327805519104004,4.910400390625,1.2929704189300537,1.6466450691223145,0.5428874492645264,3.5394186973571777,2.0376343727111816,1,4
15,predator,0,0,-9.652530670166016,-5.624393463134766,0.2531633973121643,0.4239063858985901,True,0.8492535352706909,6.992154598236084,0.0,0.0,-3.278963327407837,11.161651611328125,2.036222219467163,4.0,1,0
15,predator,1,1,-7.784124374389648,5.926833152770996,0.042839325964450836,0.048170097172260284,True,-4.479737758636475,-3.8781614303588867,-5.221911430358887,-6.993349075317383,4.113171100616455,-3.775141716003418,4.0,3.8220911026000977,0,1
15,predator,2,2,0.5593423843383789,-4.053950309753418,-0.24439840018749237,-0.0570266917347908,True,-3.19291353225708,-7.2510199546813965,0.0,0.0,-3.4473955631256104,-2.012021541595459,2.596284866333008,4.0,2,0
15,predator,3,3,-4.349222660064697,4.250577926635742,-0.18901872634887695,-0.20003320276737213,True,-6.92322301864624,2.4229178428649902,-3.7752959728240967,-4.193614482879639,-6.034527778625488,-5.506438732147217,1.6127420663833618,3.8220911026000977,3,1
15,prey,0,0,0.6962589621543884,1.6901391744613647,0.34808728098869324,-0.07363352179527283,True,-0.9077427983283997,-7.203224182128906,1.6655300855636597,2.5494537353515625,5.447951793670654,8.398477554321289,4.0,1.4935660362243652,0,2
15,prey,1,1,1.6475886106491089,-6.4111552238464355,-0.08567538857460022,0.2718864679336548,True,-8.295093536376953,7.502692222595215,3.6982243061065674,2.580947160720825,-0.21733549237251282,2.4215519428253174,2.596284866333008,1.1488388776779175,1,3
15,prey,2,2,-3.230006694793701,3.0894179344177246,0.09532133489847183,-0.16679280996322632,True,9.45934772491455,0.6978025436401367,3.600074291229248,-0.34368687868118286,5.38692045211792,-3.6412949562072754,1.6127420663833618,2.032789945602417,1,3
15,prey,3,3,-2.297621250152588,6.447736740112305,-0.18326635658740997,-0.02319256402552128,True,-0.2167741060256958,-6.068641662597656,0.3362567126750946,1.3841792345046997,-0.538381814956665,-6.9019880294799805,3.006089687347412,2.5502679347991943,1,2
15,prey,4,4,-4.7279582023620605,-1.813799500465393,0.2953936457633972,-0.024042323231697083,True,-6.077147483825684,-1.0770423412322998,3.451427698135376,1.2838140726089478,-2.5501229763031006,-5.681513786315918,4.0,3.583306074142456,0,1
15,prey,5,5,-8.013511657714844,-4.416164398193359,0.1427053064107895,-0.2595694363117218,True,-5.707581520080566,-4.19271183013916,4.029207229614258,-2.0591256618499756,7.4132585525512695,2.460543632507324,2.036222219467163,4.0,1,0
15,prey,6,6,4.011543273925781,5.876846790313721,0.10248090326786041,-0.24591398239135742,True,-5.357120990753174,-3.763498306274414,2.111572027206421,1.3638278245925903,-4.2070722579956055,-6.346968650817871,4.0,2.369220495223999,0,1
15,prey,7,7,0.17445874214172363,7.0743842124938965,-0.20556092262268066,0.370595782995224,True,-0.1916593313217163,-0.43233105540275574,2.2805793285369873,1.4813116788864136,-9.671064376831055,4.702805042266846,4.0,2.5502679347991943,0,1
15,prey,8,8,1.1432914733886719,-9.275588035583496,-0.18327239155769348,-0.12389110028743744,True,-1.348292350769043,0.10865277051925659,3.9639618396759033,-0.743274986743927,-1.6920478343963623,-2.6850674152374268,4.0,1.5662305355072021,0,3
15,prey,9,9,-0.34873753786087036,2.7572484016418457,0.020695185288786888,-0.05314931645989418,True,-1.0218470096588135,9.949679374694824,1.358879804611206,1.0712788105010986,9.373867988586426,-3.884456157684326,4.0,1.4935660362243652,0,3
15,prey,10,10,-9.12865161895752,1.4487316608428955,0.09432005882263184,-0.08841274678707123,True,6.342143535614014,0.8325554132461548,2.4883475303649902,4.696305751800537,-0.618963360786438,8.035717964172363,4.0,4.0,0,0
15,prey,11,11,1.1123549938201904,-7.427696228027344,-0.01029708981513977,-0.3236154317855835,True,-2.437741279602051,-5.041540622711182,-0.3160172998905182,-0.5541419982910156,4.383892059326172,-4.976571083068848,3.418769359588623,1.1488388776779175,1,3
15,prey,12,12,2.7086877822875977,-9.22447395324707,-0.1461465209722519,-0.2978091239929199,True,3.4364724159240723,3.536724090576172,1.8115965127944946,0.122172512114048,-9.770902633666992,-7.596792221069336,4.0,1.5662305355072021,0,3
15,prey,13,13,4.604804515838623,8.170587539672852,0.14637237787246704,0.04031497612595558,True,0.63565993309021,2.6892318725585938,1.0927212238311768,1.9380245208740234,3.828545570373535,7.009056091308594,4.0,2.369220495223999,0,1
15,prey,14,14,9.583063125610352,9.800528526306152,0.20423901081085205,-0.02042292058467865,True,-6.881070613861084,-2.0775623321533203,-3.353816032409668,0.7480663061141968,2.209502696990967,8.332300186157227,4.0,4.0,0,0
15,prey,15,15,-2.6860029697418213,1.1307718753814697,-0.11189251393079758,0.37898164987564087,True,-6.950464248657227,-1.6184768676757812,2.965031147003174,1.0100278854370117,-5.087138652801514,1.032485008239746,3.535461664199829,2.032789945602417,1,4
16,predator,0,0,-9.650774955749512,-5.620631694793701,0.21063101291656494,0.4513601064682007,True,1.1548188924789429,4.804871082305908,0.0,0.0,2.1551313400268555,3.111537218093872,2.0327816009521484,4.0,1,0
16,predator,1,1,-7.7835235595703125,5.9269118309021,0.07204338908195496,0.009398972615599632,True,-7.866477966308594,7.621118068695068,-6.92322301864624,2.4229178428649902,0.2456800937652588,-5.458518028259277,4.0,3.8208301067352295,0,1
16,predator,2,2,0.5571731925010681,-4.054611682891846,-0.2603045701980591,-0.0793457105755806,True,-3.586338520050049,1.1980808973312378,0.0,0.0,-2.494940996170044,-3.8932642936706543,2.593940019607544,4.0,2,0
16,predator,3,3,-4.350951194763184,4.248761177062988,-0.20738044381141663,-0.21804676949977875,True,0.9512057304382324,1.082898497581482,-4.479737758636475,-3.8781614303588867,3.4504640102386475,7.12174654006958,1.6146482229232788,3.8208301067352295,3,1
16,prey,0,0,0.6994544863700867,1.689913034439087,0.38346704840660095,-0.02714090794324875,True,-7.71455192565918,5.996036052703857,-1.47938072681427,-0.3303583264350891,6.044528484344482,0.9604383111000061,4.0,1.495060920715332,0,2
16,prey,1,1,1.6468157768249512,-6.40858793258667,-0.09274887293577194,0.3081025779247284,True,3.265531063079834,-1.577279806137085,-0.11652040481567383,-0.4653879702091217,2.05881404876709,5.5136542320251465,2.593940019607544,1.1532703638076782,1,3
16,prey,2,2,-3.228874921798706,3.087712526321411,0.135826975107193,-0.20465348660945892,True,-3.7695887088775635,3.1604630947113037,-1.2890701293945312,-0.8024973273277283,7.240193843841553,1.5701169967651367,1.6146482229232788,2.0272793769836426,1,3
16,prey,3,3,-2.2992324829101562,6.447271823883057,-0.19335094094276428,-0.05581086501479149,True,5.071813583374023,-2.9963958263397217,-0.6191181540489197,0.0455976240336895,-3.496079444885254,-0.46009910106658936,3.007158041000366,2.550858736038208,1,2
16,prey,4,4,-4.725955009460449,-1.8143595457077026,0.24042466282844543,-0.06721127033233643,True,3.035463333129883,1.4621295928955078,0.202309250831604,-0.25572919845581055,6.7912092208862305,-1.3799737691879272,4.0,3.5847134590148926,0,1
16,prey,5,5,-8.011994361877441,-4.4178853034973145,0.1820298582315445,-0.20653513073921204,True,5.896648406982422,-1.8447157144546509,0.13249802589416504,-0.12224346399307251,1.0266960859298706,-3.3408565521240234,2.0327816009521484,4.0,1,0
16,prey,6,6,4.012000560760498,5.874495983123779,0.05487822741270065,-0.28209081292152405,True,3.157440662384033,2.020557403564453,-1.4305723905563354,-0.5238080024719238,-6.325197219848633,-6.377959728240967,4.0,2.3724288940429688,0,1
16,prey,7,7,0.17249898612499237,7.0776872634887695,-0.23517011106014252,0.39636680483818054,True,1.7854020595550537,-1.7221026420593262,-0.6227059364318848,-0.7595896124839783,3.6671340465545654,-2.3676929473876953,4.0,2.550858736038208,0,1
16,prey,8,8,1.1414475440979004,-9.27695369720459,-0.22127000987529755,-0.16389431059360504,True,1.651324987411499,-2.7227306365966797,-2.4321208000183105,1.9992918968200684,-0.04759214445948601,2.104506254196167,4.0,1.566560983657837,0,3
16,prey,9,9,-0.3482246398925781,2.7564847469329834,0.061545901000499725,-0.09162932634353638,True,1.801559567451477,-1.265264630317688,-1.200737714767456,-2.097022533416748,-6.187836647033691,-6.408292770385742,4.0,1.495060920715332,0,3
16,prey,10,10,-9.128105163574219,1.4483304023742676,0.06562204658985138,-0.04815978184342384,True,6.112457275390625,-6.302312850952148,-2.3189613819122314,-1.547607183456421,-2.9537606239318848,-1.7874950170516968,4.0,4.0,0,0
16,prey,11,11,1.1126424074172974,-7.430689334869385,0.03447822853922844,-0.3591933846473694,True,1.1453801393508911,-1.7954998016357422,-2.0689711570739746,3.7160232067108154,5.644283294677734,-10.64664077758789,3.421468496322632,1.1532703638076782,1,3
16,prey,12,12,2.7072174549102783,-9.227173805236816,-0.17642605304718018,-0.3239767849445343,True,2.5723025798797607,0.3373416066169739,-4.027042388916016,0.8566014170646667,-2.4207425117492676,-4.5408101081848145,4.0,1.566560983657837,0,3
16,prey,13,13,4.606335163116455,8.171273231506348,0.18370957672595978,0.08227962255477905,True,-4.0194268226623535,5.3020124435424805,-2.733694314956665,-0.4784708023071289,7.881010055541992,10.086795806884766,4.0,2.3724288940429688,0,1
16,prey,14,14,9.584980010986328,9.800646781921387,0.2300540804862976,0.014176663011312485,True,12.117583274841309,5.951959133148193,-2.3607306480407715,-0.5371332168579102,-1.0721348524093628,-1.0170955657958984,4.0,4.0,0,0
16,prey,15,15,-2.6871988773345947,1.1341391801834106,-0.1435062140226364,0.40407484769821167,True,-2.222215414047241,3.205650568008423,1.055188775062561,-0.4716002941131592,-1.8020100593566895,9.383079528808594,3.5311388969421387,2.0272793769836426,1,4
17,predator,0,0,-9.648852348327637,-5.61674690246582,0.23069077730178833,0.4662155210971832,True,2.449437141418457,10.410473823547363,0.0,0.0,-3.899644136428833,3.126286506652832,2.0291972160339355,4.0,1,0
17,predator,1,1,-7.782913684844971,5.926699638366699,0.07321306318044662,-0.025458043441176414,True,-9.441933631896973,6.752316951751709,0.9512057304382324,1.082898497581482,-2.5555343627929688,-5.520839214324951,4.0,3.8196029663085938,0,1
17,predator,2,2,0.5548710823059082,-4.055454254150391,-0.2762478291988373,-0.10111506283283234,True,0.8323286771774292,-6.072810649871826,0.0,0.0,-2.555593490600586,2.662994384765625,2.5913846492767334,4.0,2,0
17,predator,3,3,-4.352310657501221,4.247315883636475,-0.16315463185310364,-0.1734108179807663,True,-2.5770323276519775,0.9781712293624878,-7.866477966308594,7.621118068695068,-7.715915679931641,-3.2831106185913086,1.6164823770523071,3.8196029663085938,3,1
17,prey,0,0,0.7029427289962769,1.690049648284912,0.4185870885848999,0.01639511063694954,True,-5.643955230712891,-0.6840028762817383,1.265696406364441,0.5521482229232788,-0.9157911539077759,0.0009830594062805176,4.0,1.4965648651123047,0,2
17,prey,1,1,1.646435260772705,-6.405722618103027,-0.04566164314746857,0.34380263090133667,True,7.298493385314941,-7.238094329833984,1.789669394493103,-1.393629550933838,-1.1356971263885498,3.7016420364379883,2.5913846492767334,1.158252477645874,1,3
17,prey,2,2,-3.227505683898926,3.086355447769165,0.16431576013565063,-0.16283726692199707,True,-4.242867469787598,-2.315582036972046,1.1242754459381104,-0.23175136744976044,0.34490489959716797,-0.9582947492599487,1.6164823770523071,2.0216641426086426,1,3
17,prey,3,3,-2.30106258392334,6.446695327758789,-0.21958599984645844,-0.06917847692966461,True,0.3597642183303833,-10.696476936340332,-1.5687686204910278,2.385335922241211,-3.578705310821533,-3.7356276512145996,3.007472038269043,2.5519907474517822,1,2
17,prey,4,4,-4.7236456871032715,-1.8152709007263184,0.2770686745643616,-0.10936013609170914,True,0.9573158025741577,4.57243537902832,0.017384866252541542,0.4916428029537201,1.3816311359405518,4.550552845001221,4.0,3.5862908363342285,0,1
17,prey,5,5,-8.010239601135254,-4.4198384284973145,0.21059812605381012,-0.23435746133327484,True,-4.840795993804932,5.0108184814453125,4.573960304260254,-2.4200916290283203,-3.597294807434082,-10.078816413879395,2.0291972160339355,4.0,1,0
17,prey,6,6,4.01215934753418,5.871934413909912,0.019076896831393242,-0.30741754174232483,True,0.5405699610710144,0.6523115634918213,1.507063388824463,1.8777074813842773,-1.9558148384094238,0.7313675880432129,4.0,2.376326322555542,0,1
17,prey,7,7,0.17096270620822906,7.080531120300293,-0.1843530237674713,0.341261625289917,True,-4.897647857666016,-2.6397814750671387,-1.0992811918258667,2.203294038772583,9.611454963684082,1.2634609937667847,4.0,2.5519907474517822,0,1
17,prey,8,8,1.1396585702896118,-9.277986526489258,-0.21468007564544678,-0.12393627315759659,True,0.9314715266227722,4.78590202331543,2.327737808227539,-1.011812686920166,-10.426071166992188,-4.224886417388916,4.0,1.5664827823638916,0,3
17,prey,9,9,-0.34801968932151794,2.755499839782715,0.024595631286501884,-0.11820167303085327,True,-3.374906063079834,-0.6036666035652161,-0.5844578742980957,2.05354380607605,-6.548992156982422,0.36949360370635986,4.0,1.4965648651123047,0,3
17,prey,10,10,-9.12795352935791,1.4476182460784912,0.01812944933772087,-0.08544556051492691,True,0.7782915234565735,-0.3954620361328125,0.7350769639015198,1.4958820343017578,10.43352222442627,5.922459602355957,4.0,4.0,0,0
17,prey,11,11,1.113294005393982,-7.433978080749512,0.07819344848394394,-0.39463815093040466,True,3.119374990463257,-8.163214683532715,2.4963862895965576,-1.3208897113800049,-0.21525198221206665,-5.118979454040527,3.4243626594543457,1.158252477645874,1,3
17,prey,12,12,2.705411672592163,-9.230179786682129,-0.21670912206172943,-0.36062121391296387,True,1.246134877204895,3.8997550010681152,2.020745277404785,-2.031836748123169,-4.913147449493408,-8.513243675231934,4.0,1.5664827823638916,0,3
17,prey,13,13,4.60817813873291,8.172301292419434,0.22115173935890198,0.12338458001613617,True,-5.7407097816467285,-4.784980773925781,4.786759376525879,0.39775073528289795,9.802538871765137,7.654769420623779,4.0,2.376326322555542,0,1
17,prey,14,14,9.586528778076172,9.800479888916016,0.18574640154838562,-0.02001977525651455,True,-0.6696868538856506,4.840668201446533,-0.43099308013916016,3.661284923553467,6.80330228805542,3.700082778930664,4.0,4.0,0,0
17,prey,15,15,-2.6887402534484863,1.1378027200698853,-0.18498145043849945,0.4396341145038605,True,4.525125980377197,-5.019314289093018,0.9032222032546997,-0.23820672929286957,-0.2332601547241211,3.838775157928467,3.526547908782959,2.0216641426086426,1,4
18,predator,0,0,-9.647176742553711,-5.612740993499756,0.201075941324234,0.4807211756706238,True,2.4013290405273438,7.32820463180542,0.0,0.0,-0.9719595909118652,6.684056758880615,2.0253474712371826,4.0,1,0
18,predator,1,1,-7.782652378082275,5.926235198974609,0.03137340769171715,-0.05572007596492767,True,-8.131759643554688,10.124374389648438,-2.5770323276519775,0.9781712293624878,-3.2115612030029297,0.4264015555381775,4.0,3.8185067176818848,0,1
18,predator,2,2,0.5524391531944275,-4.05606746673584,-0.29183146357536316,-0.07357139885425568,True,-6.615267276763916,-5.841712474822998,0.0,0.0,-6.285914897918701,-1.8082181215286255,2.588674306869507,4.0,2,0
18,predator,3,3,-4.353824615478516,4.2457194328308105,-0.18168753385543823,-0.19158455729484558,True,-0.9403243064880371,2.9446346759796143,-9.441933631896973,6.752316951751709,-13.402388572692871,-1.8501596450805664,1.6185921430587769,3.8185067176818848,3,1
18,prey,0,0,0.7059950232505798,1.6901828050613403,0.36627647280693054,0.01598701998591423,True,8.051460266113281,-0.30602264404296875,-0.8760921359062195,-2.29286789894104,6.400092124938965,9.460404396057129,4.0,1.49809992313385,0,2
18,prey,1,1,1.645693302154541,-6.402560710906982,-0.08903758227825165,0.3794139623641968,True,-4.712373733520508,-12.05451488494873,1.7656604051589966,0.17414744198322296,-2.7193195819854736,1.5648174285888672,2.588674306869507,1.1635631322860718,1,3
18,prey,2,2,-3.226057291030884,3.084693431854248,0.17379476130008698,-0.1994410902261734,True,-8.654634475708008,-1.6824798583984375,-1.0422874689102173,-2.2094669342041016,7.023471355438232,-8.278153419494629,1.6185921430587769,2.0155274868011475,1,3
18,prey,3,3,-2.3031115531921387,6.445856094360352,-0.2458956092596054,-0.10072506964206696,True,1.9244648218154907,-7.458822250366211,-2.690627336502075,-2.1992881298065186,-7.549532890319824,1.905937910079956,3.0076611042022705,2.5537729263305664,1,2
18,prey,4,4,-4.721036911010742,-1.8157849311828613,0.3130500316619873,-0.06168843060731888,True,-5.510750770568848,2.4759955406188965,-2.1331844329833984,-0.6678681969642639,4.489971160888672,-0.12433944642543793,4.0,3.5875320434570312,0,1
18,prey,5,5,-8.008822441101074,-4.422015190124512,0.1699848771095276,-0.261220782995224,True,-0.46836382150650024,-1.7290501594543457,0.867803692817688,2.088486671447754,5.63034725189209,-3.6489734649658203,2.0253474712371826,4.0,1,0
18,prey,6,6,4.012029647827148,5.8696675300598145,-0.015559681691229343,-0.2719818353652954,True,4.2289347648620605,0.05477935075759888,-3.32785701751709,-2.4280402660369873,0.09954530000686646,-0.5179361701011658,4.0,2.38031005859375,0,1
18,prey,7,7,0.1697520762681961,7.083587169647217,-0.14527583122253418,0.3666883707046509,True,8.658554077148438,2.287499189376831,-1.9395684003829956,-3.3502445220947266,-6.107048988342285,4.4355902671813965,4.0,2.5537729263305664,0,1
18,prey,8,8,1.137644648551941,-9.279269218444824,-0.24166856706142426,-0.15390075743198395,True,7.645650386810303,-6.852720737457275,3.8880012035369873,-3.8338515758514404,2.6501517295837402,1.1277410984039307,4.0,1.5662988424301147,0,3
18,prey,9,9,-0.34810054302215576,2.754694938659668,-0.00970209576189518,-0.09658303111791611,True,-3.9528863430023193,-2.406325101852417,-1.7678004503250122,-2.614423990249634,-5.764954566955566,-0.7428591251373291,4.0,1.49809992313385,0,3
18,prey,10,10,-9.127482414245605,1.4473246335983276,0.056607432663440704,-0.035238321870565414,True,-1.2105830907821655,-7.878201007843018,-0.9003053903579712,0.5620893239974976,-11.41837215423584,0.22894275188446045,4.0,4.0,0,0
18,prey,11,11,1.113867998123169,-7.437471866607666,0.06887718290090561,-0.4192653298377991,True,-3.1351237297058105,-6.944895267486572,3.1586999893188477,0.4825209081172943,2.4756205081939697,0.9329073429107666,3.4276957511901855,1.1635631322860718,1,3
18,prey,12,12,2.7032742500305176,-9.233489036560059,-0.25649115443229675,-0.39711883664131165,True,4.290599822998047,-4.847821235656738,3.783113479614258,-3.538469076156616,2.613877773284912,-1.789264440536499,4.0,1.5662988424301147,0,3
18,prey,13,13,4.610245227813721,8.173580169677734,0.24804489314556122,0.15343928337097168,True,-2.0051345825195312,2.877556800842285,-1.6083812713623047,-1.6893889904022217,3.5158705711364746,0.774321973323822,4.0,2.38031005859375,0,1
18,prey,14,14,9.588292121887207,9.8006010055542,0.21167229115962982,0.014519598335027695,True,3.106006383895874,9.1956205368042,-2.600069999694824,-2.0663347244262695,4.156114101409912,0.4835183620452881,4.0,4.0,0,0
18,prey,15,15,-2.690314769744873,1.1416723728179932,-0.18892642855644226,0.46435633301734924,True,-1.2006361484527588,-1.918595552444458,-2.2948577404022217,-1.8232195377349854,-6.293256759643555,5.528778553009033,3.521700382232666,2.0155274868011475,1,4
19,predator,0,0,-9.645835876464844,-5.6085124015808105,0.16088248789310455,0.5073821544647217,True,-0.9167817831039429,6.239914417266846,0.0,0.0,-0.4354158639907837,2.9199869632720947,2.021735906600952,4.0,1,0
19,predator,1,1,-7.782693862915039,5.925973415374756,-0.004984050057828426,-0.03140905499458313,True,-6.107203483581543,-1.8861171007156372,-0.9403243064880371,2.9446346759796143,0.9757890701293945,0.463059663772583,4.0,3.8176534175872803,0,1
19,predator,2,2,0.5497725009918213,-4.056967735290527,-0.32000401616096497,-0.10805705189704895,True,-2.300276756286621,-3.814521551132202,0.0,0.0,0.7281466126441956,-5.898208141326904,2.585505723953247,4.0,2,0
19,predator,3,3,-4.35559606552124,4.243867874145508,-0.21257880330085754,-0.2221689671278,True,5.590710639953613,2.4261116981506348,-8.131759643554688,10.124374389648438,-1.3912159204483032,1.3985815048217773,1.6210341453552246,3.8176534175872803,3,1
19,prey,0,0,0.7093417644500732,1.69068443775177,0.401606947183609,0.060183845460414886,True,5.015323162078857,-3.9769034385681152,-0.6438506841659546,-1.2354212999343872,1.637629747390747,2.470273017883301,4.0,1.499682903289795,0,2
19,prey,1,1,1.6446834802627563,-6.399190902709961,-0.1211753711104393,0.40438616275787354,True,3.8747215270996094,1.6998422145843506,2.933708906173706,-6.215145587921143,3.217346668243408,3.360590934753418,2.585505723953247,1.168510913848877,1,3
19,prey,2,2,-3.224370241165161,3.0827994346618652,0.20244145393371582,-0.22728604078292847,True,5.36696195602417,9.59325122833252,0.9656603932380676,-2.172067165374756,1.2417829036712646,2.0618138313293457,1.6210341453552246,2.0088398456573486,1,3
19,prey,3,3,-2.305375337600708,6.445328235626221,-0.27163732051849365,-0.06333737075328827,True,11.892642974853516,-1.5434761047363281,0.7322368025779724,-0.15622684359550476,4.346185207366943,1.2003753185272217,3.008294105529785,2.5554940700531006,1,2
19,prey,4,4,-4.718217849731445,-1.8163198232650757,0.3382978141307831,-0.06417776644229889,True,-0.42335134744644165,-3.849576473236084,-1.239274024963379,-2.6534457206726074,10.222012519836426,4.634089946746826,4.0,3.588707447052002,0,1
19,prey,5,5,-8.007074356079102,-4.424503803253174,0.2098548710346222,-0.298605352640152,True,-6.2414445877075195,-5.7653703689575195,-3.3606669902801514,-2.7011027336120605,-10.940153121948242,-2.3258938789367676,2.021735906600952,4.0,1,0
19,prey,6,6,4.011932849884033,5.867330074310303,-0.011654095724225044,-0.2804996967315674,True,-0.5754714012145996,0.7569549083709717,2.63041090965271,0.6982510685920715,-3.5823826789855957,1.3598780632019043,4.0,2.384586811065674,0,1
19,prey,7,7,0.16828472912311554,7.086854457855225,-0.17608273029327393,0.3920999765396118,True,0.967670202255249,-1.7682197093963623,-0.22977598011493683,-1.5485584735870361,0.9556553363800049,0.05368030071258545,4.0,2.5554940700531006,0,1
19,prey,8,8,1.135992169380188,-9.280219078063965,-0.19828592240810394,-0.11400129646062851,True,3.5063819885253906,-4.143889427185059,-1.185632586479187,-7.949077606201172,11.559768676757812,3.0259010791778564,4.0,1.5660765171051025,0,3
19,prey,9,9,-0.348533570766449,2.7536747455596924,-0.0519636794924736,-0.1224164068698883,True,7.540584087371826,10.604889869689941,0.6865323781967163,-0.45876118540763855,2.0015475749969482,-0.2705928683280945,4.0,1.499682903289795,0,3
19,prey,10,10,-9.12734603881836,1.4471526145935059,0.016292382031679153,-0.020650411024689674,True,0.5736479759216309,-5.203004360198975,-3.9585962295532227,-0.7135325074195862,-5.507960796356201,5.4452056884765625,4.0,4.0,0,0
19,prey,11,11,1.1147124767303467,-7.44060754776001,0.10134235769510269,-0.37623122334480286,True,2.5648584365844727,-5.535094738006592,2.407958745956421,-7.9183526039123535,2.120698928833008,-7.360894203186035,3.4304776191711426,1.168510913848877,1,3
19,prey,12,12,2.701472520828247,-9.237009048461914,-0.21619299054145813,-0.4224051535129547,True,2.1152946949005127,0.2795618176460266,-0.06728235632181168,-8.617377281188965,-3.8369691371917725,-3.0034611225128174,4.0,1.5660765171051025,0,3
19,prey,13,13,4.61253547668457,8.175041198730469,0.2748193144798279,0.17531850934028625,True,-5.171809196472168,-4.910410404205322,2.7930150032043457,0.33455032110214233,3.5042009353637695,0.4023827910423279,4.0,2.384586811065674,0,1
19,prey,14,14,9.59027099609375,9.800853729248047,0.23749427497386932,0.0303335040807724,True,-4.452470302581787,-2.9705591201782227,1.1119000911712646,1.4661680459976196,1.645647644996643,0.775632381439209,4.0,4.0,0,0
19,prey,15,15,-2.692142963409424,1.1457473039627075,-0.21939818561077118,0.488992840051651,True,1.5524539947509766,5.863763332366943,-0.09919650107622147,-2.138336420059204,4.684004783630371,-0.917575478553772,3.516451120376587,2.0088398456573486,1,4
20,predator,0,0,-9.644613265991211,-5.60416841506958,0.14675459265708923,0.5212734341621399,True,2.0443105697631836,9.338687896728516,0.0,0.0,-3.6217353343963623,7.997132301330566,2.0176525115966797,4.0,1,0
20,predator,1,1,-7.782492637634277,5.92588472366333,0.024148013442754745,-0.010616240091621876,True,-5.3404974937438965,3.2339675426483154,5.590710639953613,2.4261116981506348,-0.7543946504592896,12.471638679504395,4.0,3.816413164138794,0,1
20,predator,2,2,0.547409176826477,-4.058145523071289,-0.2835976183414459,-0.1413087546825409,True,-3.1256585121154785,7.881650924682617,0.0,0.0,-2.655038356781006,-1.9463709592819214,2.581865072250366,4.0,2,0
20,predator,3,3,-4.357513904571533,4.242278575897217,-0.23012691736221313,-0.19074198603630066,True,1.0383445024490356,3.850306987762451,-6.107203483581543,-1.8861171007156372,-5.352964401245117,0.4956046938896179,1.6236826181411743,3.816413164138794,3,1
20,prey,0,0,0.7129817605018616,1.6915464401245117,0.4367999732494354,0.10344668477773666,True,6.102050304412842,0.28555047512054443,3.7602126598358154,2.8082263469696045,3.7217698097229004,-0.1704772710800171,4.0,1.5009349584579468,0,2
20,prey,1,1,1.644070029258728,-6.395529270172119,-0.07360690087080002,0.43942776322364807,True,-8.143208503723145,-10.03508472442627,2.7288448810577393,-3.1331405639648438,1.821920394897461,2.569305658340454,2.581865072250366,1.1739826202392578,1,3
20,prey,2,2,-3.2223682403564453,3.0813350677490234,0.24024352431297302,-0.1757250279188156,True,6.066777229309082,-4.514817714691162,3.874138593673706,0.01821044459939003,1.226710319519043,-0.7708066701889038,1.6236826181411743,2.002915859222412,1,3
20,prey,3,3,-2.307267427444458,6.445102691650391,-0.2270720899105072,-0.027033450081944466,True,7.887099266052246,-3.8035390377044678,2.0993876457214355,2.309046506881714,-3.3150534629821777,0.04984426498413086,3.0093095302581787,2.557067632675171,1,2
20,prey,4,4,-4.715190887451172,-1.8165546655654907,0.36325275897979736,-0.028186054900288582,True,-5.2171244621276855,0.31605973839759827,2.3012542724609375,1.8527711629867554,5.233019828796387,4.249399662017822,4.0,3.5894198417663574,0,1
20,prey,5,5,-8.005743980407715,-4.427295684814453,0.15964408218860626,-0.33502641320228577,True,7.188100337982178,5.105832099914551,0.0751483142375946,-4.526290416717529,3.439188241958618,-2.652599334716797,2.0176525115966797,4.0,1,0
20,prey,6,6,4.011557102203369,5.865363597869873,-0.0450563058257103,-0.2359721064567566,True,-1.2443056106567383,4.689377307891846,2.6319901943206787,-0.760779857635498,0.11557698249816895,-12.458271026611328,4.0,2.388758897781372,0,1
20,prey,7,7,0.16712799668312073,7.090054035186768,-0.13880644738674164,0.3839552104473114,True,-0.32684433460235596,-0.8121163845062256,3.66009783744812,2.3411526679992676,-7.150546073913574,3.486715316772461,4.0,2.557067632675171,0,1
20,prey,8,8,1.1347012519836426,-9.280842781066895,-0.15491026639938354,-0.07486085593700409,True,-5.71883487701416,1.706311821937561,2.8516247272491455,-1.1852302551269531,-2.752376079559326,-1.564368486404419,4.0,1.5651463270187378,0,3
20,prey,9,9,-0.3485822379589081,2.752624988555908,-0.00583992013707757,-0.12598460912704468,True,4.4176177978515625,12.860760688781738,2.328052520751953,0.020672857761383057,5.153369426727295,0.39320889115333557,4.0,1.5009349584579468,0,3
20,prey,10,10,-9.127449035644531,1.447231411933899,-0.012288224883377552,0.009465993382036686,True,2.454939842224121,-4.365184307098389,0.06365501880645752,1.4605169296264648,-0.9364442825317383,6.633586406707764,4.0,4.0,0,0
20,prey,11,11,1.1158223152160645,-7.443951606750488,0.13318023085594177,-0.40129438042640686,True,2.229165554046631,-12.42062759399414,3.165466070175171,-0.7214951515197754,10.810872077941895,-5.245338439941406,3.433187484741211,1.1739826202392578,1,3
20,prey,12,12,2.699336051940918,-9.240826606750488,-0.2563730776309967,-0.45817527174949646,True,2.600081443786621,1.416637897491455,3.3153207302093506,-2.6597139835357666,3.4022881984710693,-7.2175211906433105,4.0,1.5651463270187378,0,3
20,prey,13,13,4.615133762359619,8.176610946655273,0.31180283427238464,0.1884286254644394,True,7.9961838722229,-5.020473003387451,3.0745911598205566,1.0159180164337158,2.0730485916137695,7.614516735076904,4.0,2.388758897781372,0,1
20,prey,14,14,9.5924654006958,9.80131721496582,0.26326969265937805,0.055633608251810074,True,-2.4731504917144775,-5.516059875488281,-2.873640298843384,-2.076727867126465,0.044979654252529144,-2.805217742919922,4.0,4.0,0,0
20,prey,15,15,-2.6936423778533936,1.1494653224945068,-0.17993628978729248,0.44616684317588806,True,-4.389664173126221,-1.6647460460662842,4.419068336486816,0.5509943962097168,-3.0473570823669434,5.243845462799072,3.5119740962982178,2.002915859222412,1,4
21,predator,0,0,-9.643723487854004,-5.599606990814209,0.10674743354320526,0.5474015474319458,True,3.3097481727600098,14.602872848510742,0.0,0.0,-10.562222480773926,4.860632419586182,2.01383113861084,4.0,1,0
21,predator,1,1,-7.782471656799316,5.925940990447998,0.002486973535269499,0.006710792891681194,True,-9.397947311401367,11.10538101196289,1.0383445024490356,3.850306987762451,-4.003389835357666,6.208467483520508,4.0,3.8152058124542236,0,1
21,predator,2,2,0.5448058247566223,-4.059596061706543,-0.31240013241767883,-0.17405450344085693,True,4.280542373657227,-2.7127835750579834,0.0,0.0,-11.7506742477417,2.7943854331970215,2.577988386154175,4.0,2,0
21,predator,3,3,-4.359573841094971,4.240839958190918,-0.24717949330806732,-0.1726386994123459,True,-0.5898038148880005,-0.8160141706466675,-5.3404974937438965,3.2339675426483154,-16.75112533569336,-3.0298473834991455,1.6268277168273926,3.8152058124542236,3,1
21,prey,0,0,0.7169120907783508,1.6923253536224365,0.4716440439224243,0.09347552061080933,True,-1.7730844020843506,-3.363985061645508,1.0276507139205933,1.0101398229599,5.498778820037842,-0.10247033834457397,4.0,1.502397894859314,0,2
21,prey,1,1,1.643843412399292,-6.391578197479248,-0.027195170521736145,0.4741195738315582,True,1.6894826889038086,-11.683732986450195,-0.29652929306030273,-3.0992259979248047,-7.26983118057251,6.2149505615234375,2.577988386154175,1.1800146102905273,1,3
21,prey,2,2,-3.220140218734741,3.0796942710876465,0.2673618197441101,-0.1969057023525238,True,1.3911635875701904,-1.4874557256698608,1.5611532926559448,0.4023977220058441,7.9510674476623535,-4.154696464538574,1.6268277168273926,1.9964979887008667,1,3
21,prey,3,3,-2.3093738555908203,6.444900035858154,-0.2527724802494049,-0.024365993216633797,True,3.0383377075195312,-6.065337181091309,2.660259485244751,0.8319334387779236,0.3123345375061035,-3.3843870162963867,3.0101828575134277,2.558649778366089,1,2
21,prey,4,4,-4.711869716644287,-1.8164119720458984,0.3985207676887512,0.017122972756624222,True,-3.126772880554199,-4.1527934074401855,3.639970064163208,1.2845659255981445,2.4731879234313965,-5.709131240844727,4.0,3.5896918773651123,0,1
21,prey,5,5,-8.004074096679688,-4.43039083480835,0.20035037398338318,-0.37141817808151245,True,4.952174186706543,3.7896265983581543,-1.3810923099517822,-2.024562358856201,5.139522552490234,1.536542296409607,2.01383113861084,4.0,1,0
21,prey,6,6,4.011227607727051,5.863183498382568,-0.039556581526994705,-0.26166653633117676,True,-0.8578956723213196,5.441976070404053,3.933826208114624,-0.33431291580200195,1.2198657989501953,-8.596561431884766,4.0,2.393528461456299,0,1
21,prey,7,7,0.16571252048015594,7.093463897705078,-0.16985759139060974,0.4091518223285675,True,-1.263879656791687,-7.95331335067749,3.8336803913116455,0.40458735823631287,-1.1048455238342285,-3.310939311981201,4.0,2.558649778366089,0,1
21,prey,8,8,1.1330958604812622,-9.281807899475098,-0.1926468461751938,-0.1157839223742485,True,4.982758522033691,-5.376900672912598,-1.1046538352966309,-7.013024806976318,2.4514307975769043,5.656298637390137,4.0,1.5648733377456665,0,3
21,prey,9,9,-0.3483562469482422,2.751760482788086,0.027119610458612442,-0.10372224450111389,True,12.15914535522461,7.110476493835449,2.10927152633667,-1.3155879974365234,3.700188159942627,-5.4355788230896,4.0,1.502397894859314,0,3
21,prey,10,10,-9.127775192260742,1.4475537538528442,-0.03919174522161484,0.038683027029037476,True,-10.344714164733887,0.526748538017273,0.9120222330093384,-0.1894180178642273,-4.84035587310791,1.8017271757125854,4.0,4.0,0,0
21,prey,11,11,1.1172794103622437,-7.447591781616211,0.17485228180885315,-0.4368264079093933,True,9.37825870513916,-2.682772397994995,-3.7539873123168945,-2.3040449619293213,1.407195806503296,-12.019706726074219,3.436021089553833,1.1800146102905273,1,3
21,prey,12,12,2.6975326538085938,-9.244850158691406,-0.21640071272850037,-0.48280447721481323,True,3.2229766845703125,0.11494165658950806,-3.8776257038116455,-6.916467189788818,-7.843174457550049,-6.8841753005981445,4.0,1.5648733377456665,0,3
21,prey,13,13,4.618039608001709,8.17851448059082,0.34869319200515747,0.22837871313095093,True,1.4708763360977173,5.712237358093262,1.652083396911621,1.4836845397949219,5.2391204833984375,3.4603941440582275,4.0,2.393528461456299,0,1
21,prey,14,14,9.594593048095703,9.801482200622559,0.255300909280777,0.01971016265451908,True,-6.264047145843506,-5.48193883895874,3.375939130783081,-0.16554784774780273,1.060983419418335,-3.993556499481201,4.0,4.0,0,0
21,prey,15,15,-2.695396661758423,1.1533899307250977,-0.21049021184444427,0.47094985842704773,True,-2.416335105895996,-6.002178192138672,3.0549304485321045,-0.004755169153213501,-3.619908094406128,8.308759689331055,3.507396936416626,1.9964979887008667,1,4
22,predator,0,0,-9.643160820007324,-5.59483003616333,0.06759742647409439,0.5732302069664001,True,3.06522274017334,5.374258518218994,0.0,0.0,-1.9716790914535522,3.232128381729126,2.0107035636901855,4.0,1,0
22,predator,1,1,-7.782721519470215,5.926255702972412,-0.029944872483611107,0.03777773678302765,True,4.059238433837891,-1.9922550916671753,-0.5898038148880005,-0.8160141706466675,-6.469033241271973,-0.8915836215019226,4.0,3.814301013946533,0,1
22,predator,2,2,0.5419682264328003,-4.0607008934021,-0.3405155539512634,-0.1326034814119339,True,-2.3195548057556152,-0.05963723361492157,0.0,0.0,-4.536693572998047,-1.504027009010315,2.574230909347534,4.0,2,0
22,predator,3,3,-4.3617753982543945,4.239240646362305,-0.2642243802547455,-0.19189856946468353,True,3.234367847442627,-1.0695774555206299,-9.397947311401367,11.10538101196289,-6.467151165008545,1.6501884460449219,1.6302927732467651,3.814301013946533,3,1
22,prey,0,0,0.7211302518844604,1.6930491924285889,0.506176769733429,0.08685316890478134,True,-1.4557247161865234,6.998806953430176,1.2748233079910278,-1.872660756111145,2.3466434478759766,8.248764038085938,4.0,1.503645420074463,0,2
22,prey,1,1,1.6433348655700684,-6.38742733001709,-0.06103375181555748,0.49809134006500244,True,-8.996771812438965,-4.9421820640563965,5.861331462860107,-2.6482439041137695,-1.6184252500534058,-2.556149482727051,2.574230909347534,1.186234474182129,1,3
22,prey,2,2,-3.217686891555786,3.0778121948242188,0.2943912744522095,-0.22583745419979095,True,-4.677267074584961,-7.111335754394531,-0.5324719548225403,-2.842911958694458,6.573265075683594,-1.8496724367141724,1.6302927732467651,1.98941969871521,1,3
22,prey,3,3,-2.311312198638916,6.444422245025635,-0.2325824797153473,-0.057283639907836914,True,-0.5900981426239014,-5.893196105957031,1.2442843914031982,-0.07746321707963943,-0.22821462154388428,-1.1712431907653809,3.011183261871338,2.559701681137085,1,2
22,prey,4,4,-4.708344459533691,-1.8165589570999146,0.4230298399925232,-0.01763654127717018,True,-3.72409725189209,-2.1293978691101074,0.66139155626297,0.09553885459899902,5.534680366516113,-3.102116584777832,4.0,3.5901546478271484,0,1
22,prey,5,5,-8.002076148986816,-4.4330339431762695,0.23973490297794342,-0.31719645857810974,True,11.711807250976562,-1.2368985414505005,-6.735743522644043,-1.8130223751068115,8.761991500854492,-0.008950114250183105,2.0107035636901855,4.0,1,0
22,prey,6,6,4.011192321777344,5.860790729522705,-0.004228508565574884,-0.28711530566215515,True,1.6856216192245483,13.68606185913086,1.2278913259506226,-1.6736435890197754,-2.1817007064819336,-12.779425621032715,4.0,2.398826837539673,0,1
22,prey,7,7,0.16396115720272064,7.096415042877197,-0.21016430854797363,0.3541613519191742,True,2.0370912551879883,-1.6226190328598022,1.8588868379592896,0.1922476589679718,-7.376087188720703,4.046581268310547,4.0,2.559701681137085,0,1
22,prey,8,8,1.13193941116333,-9.28235912322998,-0.13878464698791504,-0.06617480516433716,True,0.8959587216377258,-0.5321722030639648,4.763572692871094,-4.750521183013916,6.4007487297058105,3.71317458152771,4.0,1.5638936758041382,0,3
22,prey,9,9,-0.3477819561958313,2.750582218170166,0.06891272962093353,-0.14139539003372192,True,1.7971652746200562,3.39339017868042,-0.4421987533569336,-2.233856201171875,-2.922231674194336,4.131807804107666,4.0,1.503645420074463,0,3
22,prey,10,10,-9.12834358215332,1.4481184482574463,-0.06821754574775696,0.06775366514921188,True,-6.1796488761901855,-2.7514171600341797,0.20005744695663452,-1.9632002115249634,-9.043368339538574,-7.19343376159668,4.0,4.0,0,0
22,prey,11,11,1.1190783977508545,-7.451526641845703,0.21588143706321716,-0.4722156524658203,True,-1.7970815896987915,-9.269145965576172,3.298405885696411,-5.648563861846924,10.07752799987793,-4.538205146789551,3.4395864009857178,1.186234474182129,1,3
22,prey,12,12,2.695478916168213,-9.249078750610352,-0.24645036458969116,-0.5073745250701904,True,0.3224259614944458,-1.1633926630020142,5.350166320800781,-6.581135272979736,-1.7264299392700195,-5.743020534515381,4.0,1.5638936758041382,0,3
22,prey,13,13,4.621251583099365,8.180747032165527,0.3854216933250427,0.2678641974925995,True,-3.5921335220336914,2.4562630653381348,1.3623321056365967,-1.38962721824646,1.0118061304092407,4.232795238494873,4.0,2.398826837539673,0,1
22,prey,14,14,9.596932411193848,9.80135726928711,0.2808011770248413,-0.0149583350867033,True,-0.7823008298873901,0.33996105194091797,0.30649033188819885,5.577106475830078,1.6234779357910156,-5.091607570648193,4.0,4.0,0,0
22,prey,15,15,-2.69748854637146,1.157607913017273,-0.2510286867618561,0.5061514377593994,True,-1.1313731670379639,-1.1324882507324219,0.01145645510405302,-2.197951555252075,-0.8540360927581787,7.606692790985107,3.5023293495178223,1.98941969871521,1,4
23,predator,0,0,-9.642813682556152,-5.589944362640381,0.0415751151740551,0.5863087773323059,True,3.8499088287353516,1.687148928642273,0.0,0.0,0.15220463275909424,-3.096601963043213,2.0079424381256104,4.0,1,0
23,predator,1,1,-7.783112525939941,5.926364898681641,-0.046940408647060394,0.013122597709298134,True,-2.7482473850250244,-5.363692760467529,3.234367847442627,-1.0695774555206299,-2.05611252784729,5.285926342010498,4.0,3.8131988048553467,0,1
23,predator,2,2,0.5388963222503662,-4.062084197998047,-0.3686240315437317,-0.1659923493862152,True,0.6830648183822632,-4.2839860916137695,0.0,0.0,6.640275955200195,-7.220225811004639,2.570600986480713,4.0,2,0
23,predator,3,3,-4.364114761352539,4.2378926277160645,-0.28068122267723083,-0.16175612807273865,True,6.0433759689331055,5.864467144012451,4.059238433837891,-1.9922550916671753,-5.956842422485352,-3.0486350059509277,1.634366512298584,3.8131988048553467,3,1
23,prey,0,0,0.725634753704071,1.69413161277771,0.5405368208885193,0.12989461421966553,True,-3.9784486293792725,-1.0447101593017578,-0.6575652956962585,-0.1156550794839859,4.3618292808532715,0.5837776064872742,4.0,1.5053342580795288,0,2
23,prey,1,1,1.6424659490585327,-6.3837480545043945,-0.10427271574735641,0.44151800870895386,True,-6.447995185852051,-2.8612589836120605,-0.1928989738225937,-3.6549036502838135,-4.539369106292725,1.4984092712402344,2.570600986480713,1.1920161247253418,1,3
23,prey,2,2,-3.2150094509124756,3.0756916999816895,0.3213006258010864,-0.2544722259044647,True,10.362563133239746,-2.3232505321502686,-1.3209551572799683,-0.4481317102909088,0.5928121209144592,1.1159031391143799,1.634366512298584,1.9818071126937866,1,3
23,prey,3,3,-2.3132433891296387,6.443680286407471,-0.2317379117012024,-0.08905524760484695,True,-6.154809951782227,-4.960146903991699,-0.7623742818832397,2.3811538219451904,-6.301120281219482,-0.6130856275558472,3.0119051933288574,2.5606372356414795,1,2
23,prey,4,4,-4.704616069793701,-1.8169889450073242,0.4473995566368103,-0.051595643162727356,True,1.428778052330017,4.947912693023682,0.01082648802548647,-0.306657075881958,4.093134880065918,-0.8432365655899048,4.0,3.5908076763153076,0,1
23,prey,5,5,-7.999843120574951,-4.43561315536499,0.2679874897003174,-0.309483140707016,True,5.83759880065918,-3.5821728706359863,-4.951872825622559,-2.4404075145721436,7.70711612701416,6.86716365814209,2.0079424381256104,4.0,1,0
23,prey,6,6,4.0107879638671875,5.858098983764648,-0.04849309101700783,-0.3229905664920807,True,-0.44389843940734863,4.382291316986084,-0.43100014328956604,0.9454343914985657,-1.0814428329467773,-3.1589369773864746,4.0,2.4049010276794434,0,1
23,prey,7,7,0.16196474432945251,7.099583148956299,-0.23956967890262604,0.3801616430282593,True,2.7073144912719727,-2.7071802616119385,-1.137687087059021,1.7710715532302856,2.7807424068450928,5.35929012298584,4.0,2.5606372356414795,0,1
23,prey,8,8,1.1311453580856323,-9.282596588134766,-0.09528560191392899,-0.028513098135590553,True,-0.9902329444885254,-3.613145351409912,-3.49047589302063,-5.12490701675415,-4.588593006134033,-7.449862480163574,4.0,1.5623037815093994,0,3
23,prey,9,9,-0.3475227653980255,2.7497661113739014,0.031105630099773407,-0.09792191535234451,True,2.7797536849975586,7.395419120788574,-1.430997610092163,0.6565118432044983,-1.9788497686386108,8.244247436523438,4.0,1.5053342580795288,0,3
23,prey,10,10,-9.129136085510254,1.4483683109283447,-0.09510910511016846,0.02998681366443634,True,-4.6073713302612305,1.7194093465805054,0.544767439365387,-2.9025301933288574,-3.4131155014038086,-2.5136122703552246,4.0,4.0,0,0
23,prey,11,11,1.121214509010315,-7.455755233764648,0.25632837414741516,-0.5074303150177002,True,10.375986099243164,0.5686877965927124,-2.5927956104278564,-2.2125823497772217,4.290584564208984,-5.29926872253418,3.443268299102783,1.1920161247253418,1,3
23,prey,12,12,2.693178415298462,-9.253510475158691,-0.2760779559612274,-0.5318120121955872,True,3.873044013977051,-2.289315700531006,-3.2992982864379883,-4.914499759674072,2.320984125137329,-8.323402404785156,4.0,1.5623037815093994,0,3
23,prey,13,13,4.624767780303955,8.183303833007812,0.42195117473602295,0.3069148659706116,True,-2.779383659362793,2.316380023956299,0.8294957876205444,1.9807195663452148,0.9077273607254028,1.4988665580749512,4.0,2.4049010276794434,0,1
23,prey,14,14,9.59948444366455,9.800951957702637,0.30622804164886475,-0.04859739542007446,True,6.303573131561279,-2.29304838180542,-0.9532559514045715,8.071162223815918,-1.3945212364196777,-2.2370553016662598,4.0,4.0,0,0
23,prey,15,15,-2.699784517288208,1.162029504776001,-0.2755158841609955,0.530595600605011,True,-2.843454122543335,-4.133991718292236,-1.8275114297866821,-1.3022526502609253,4.101663589477539,5.034055233001709,3.497274398803711,1.9818071126937866,1,4
24,predator,0,0,-9.642443656921387,-5.585366725921631,0.04444561526179314,0.5492814183235168,True,4.540844917297363,2.396552324295044,0.0,0.0,1.696152687072754,-0.009358495473861694,2.005753517150879,4.0,1,0
24,predator,1,1,-7.783649921417236,5.926650524139404,-0.0645139217376709,0.034233707934617996,True,-1.4298368692398071,-0.7079366445541382,6.0433759689331055,5.864467144012451,-0.25428515672683716,8.337699890136719,4.0,3.812257766723633,0,1
24,predator,2,2,0.5361102819442749,-4.063634395599365,-0.3343236446380615,-0.1860458254814148,True,0.1484982967376709,-7.897748947143555,0.0,0.0,-6.346945285797119,-2.003488540649414,2.5662882328033447,4.0,2,0
24,predator,3,3,-4.366590976715088,4.236379146575928,-0.2971571683883667,-0.1816008985042572,True,-2.117192268371582,-10.975177764892578,-2.7482473850250244,-5.363692760467529,-2.8893682956695557,0.37892407178878784,1.6382535696029663,3.812257766723633,3,1
24,prey,0,0,0.7304233312606812,1.6954108476638794,0.5746351480484009,0.15350383520126343,True,-3.584881067276001,4.303361892700195,1.1194638013839722,0.371579110622406,4.741750717163086,3.95004940032959,4.0,1.5075615644454956,0,2
24,prey,1,1,1.6412431001663208,-6.379776954650879,-0.14673544466495514,0.47653084993362427,True,-3.173405647277832,-18.305402755737305,4.4195990562438965,-1.7779244184494019,-4.878579616546631,3.2203469276428223,2.5662882328033447,1.1980592012405396,1,3
24,prey,2,2,-3.2122321128845215,3.0739119052886963,0.3332790732383728,-0.21356695890426636,True,-1.775063157081604,2.0032529830932617,-1.5240341424942017,0.17381596565246582,3.3057212829589844,-4.593530654907227,1.6382535696029663,1.974334716796875,1,3
24,prey,3,3,-2.3154807090759277,6.4427361488342285,-0.2685008943080902,-0.11330889165401459,True,-2.5133590698242188,-0.7114577293395996,0.8292065858840942,0.5549939870834351,-0.14556646347045898,-2.9312565326690674,3.012484550476074,2.5623035430908203,1,2
24,prey,4,4,-4.700598239898682,-1.8177237510681152,0.4821540117263794,-0.08818076550960541,True,-6.696704864501953,-1.6138733625411987,1.2584401369094849,-0.3282160758972168,4.992369651794434,-0.3670123219490051,4.0,3.592041254043579,0,1
24,prey,5,5,-7.997381687164307,-4.437839508056641,0.29535192251205444,-0.2671820819377899,True,-4.241291046142578,-6.125073432922363,-1.589296579360962,3.3336610794067383,3.3950107097625732,-1.3979392051696777,2.005753517150879,4.0,1,0
24,prey,6,6,4.010110378265381,5.855196952819824,-0.0813659131526947,-0.34824422001838684,True,7.310749053955078,10.099831581115723,-0.18700020015239716,-0.21554772555828094,2.0911245346069336,-5.538177490234375,4.0,2.411526918411255,0,1
24,prey,7,7,0.16030211746692657,7.102962493896484,-0.19951418042182922,0.40553078055381775,True,3.682908058166504,0.3740750551223755,-0.4368111491203308,0.23314166069030762,-7.792462348937988,2.0637712478637695,4.0,2.5623035430908203,0,1
24,prey,8,8,1.1300359964370728,-9.283180236816406,-0.13311545550823212,-0.07007434219121933,True,3.823153257369995,-1.9110989570617676,2.6003448963165283,-1.5272955894470215,-2.198824644088745,-0.9289979338645935,4.0,1.5613759756088257,0,3
24,prey,9,9,-0.34755200147628784,2.7493135929107666,-0.003509932430461049,-0.054313722997903824,True,3.3874480724334717,7.156482696533203,-0.21266739070415497,-0.4403369426727295,4.881360054016113,-1.7947171926498413,4.0,1.5075615644454956,0,3
24,prey,10,10,-9.130148887634277,1.4483281373977661,-0.1215050220489502,-0.004825562238693237,True,0.43402570486068726,-2.231898307800293,3.696371555328369,-1.2728755474090576,-1.8880767822265625,2.1539485454559326,4.0,4.0,0,0
24,prey,11,11,1.1236830949783325,-7.460275650024414,0.2962343394756317,-0.5424399971961975,True,5.376856327056885,-1.4437445402145386,-1.1883946657180786,-2.9212398529052734,3.4723961353302,2.3310928344726562,3.447087526321411,1.1980592012405396,1,3
24,prey,12,12,2.691211223602295,-9.25814151763916,-0.23604287207126617,-0.5557444095611572,True,0.208939790725708,-4.918966770172119,0.9792526364326477,-1.9685721397399902,-1.779471755027771,-3.3401801586151123,4.0,1.5613759756088257,0,3
24,prey,13,13,4.628471851348877,8.18609619140625,0.444517582654953,0.3350473940372467,True,4.035224437713623,-7.318662643432617,1.038386583328247,0.3634670376777649,-3.272797107696533,-0.8755094408988953,4.0,2.411526918411255,0,1
24,prey,14,14,9.601666450500488,9.800277709960938,0.2617458403110504,-0.08091732859611511,True,-1.5076605081558228,-4.7161431312561035,-1.6116410493850708,3.3493356704711914,-1.6941180229187012,-2.2534947395324707,4.0,4.0,0,0
24,prey,15,15,-2.701660633087158,1.1667375564575195,-0.2251552790403366,0.5649692416191101,True,4.158213138580322,-2.7859532833099365,0.3625399172306061,0.43249329924583435,3.2242534160614014,2.877976417541504,3.4920899868011475,1.974334716796875,1,4
25,predator,0,0,-9.641876220703125,-5.580888748168945,0.06813012808561325,0.5373870730400085,True,0.9079468250274658,8.098034858703613,0.0,0.0,5.54598331451416,12.130233764648438,2.0035359859466553,4.0,1,0
25,predator,1,1,-7.784185886383057,5.927098751068115,-0.06431389600038528,0.05383376404643059,True,5.001590728759766,2.4947636127471924,-2.117192268371582,-10.975177764892578,-0.53348308801651,-2.6318416595458984,4.0,3.8111064434051514,0,1
25,predator,2,2,0.5331907272338867,-4.065349578857422,-0.350349098443985,-0.20583292841911316,True,1.7108668088912964,5.0066046714782715,0.0,0.0,-8.513360977172852,1.0991902351379395,2.561594247817993,4.0,2,0
25,predator,3,3,-4.369304656982422,4.235023498535156,-0.32567501068115234,-0.16271741688251495,True,3.7491295337677,10.235452651977539,-1.4298368692398071,-0.7079366445541382,-0.5608937740325928,-1.0418696403503418,1.6427544355392456,3.8111064434051514,3,1
25,prey,0,0,0.7354944944381714,1.6970398426055908,0.6085345149040222,0.19548282027244568,True,-3.525980234146118,4.8983283042907715,1.0791702270507812,2.074622631072998,0.34722256660461426,10.389394760131836,4.0,1.5092897415161133,0,2
25,prey,1,1,1.6397590637207031,-6.375603199005127,-0.17808055877685547,0.5008527040481567,True,-9.610746383666992,-9.846171379089355,3.1363162994384766,-2.757936716079712,-1.562434434890747,-0.6150063276290894,2.561594247817993,1.203655481338501,1,3
25,prey,2,2,-3.209235668182373,3.0718889236450195,0.3595648407936096,-0.2427511066198349,True,5.063411712646484,1.3080793619155884,-0.16176427900791168,0.6415337920188904,2.021087646484375,-1.7572077512741089,1.6427544355392456,1.9664695262908936,1,3
25,prey,3,3,-2.317702531814575,6.4414520263671875,-0.26660189032554626,-0.15410806238651276,True,2.0848939418792725,-0.3966423273086548,2.459228515625,1.976055383682251,5.188910007476807,2.871126890182495,3.0128722190856934,2.5638017654418945,1,2
25,prey,4,4,-4.696292877197266,-1.818579912185669,0.5166422724723816,-0.10273829847574234,True,-0.006959497928619385,2.4468302726745605,-0.2702580690383911,0.38669538497924805,8.969575881958008,3.406440496444702,4.0,3.593576192855835,0,1
25,prey,5,5,-7.994693279266357,-4.440299034118652,0.32259875535964966,-0.29510819911956787,True,8.187884330749512,-2.1338891983032227,-3.1313395500183105,-1.9228858947753906,0.35745322704315186,1.7623966932296753,2.0035359859466553,4.0,1,0
25,prey,6,6,4.00982141494751,5.8520002365112305,-0.034670908004045486,-0.3836342692375183,True,4.80440092086792,-0.6768055558204651,0.5832799673080444,-0.15205733478069305,-7.818726539611816,6.861746311187744,4.0,2.4178450107574463,0,1
25,prey,7,7,0.1583029180765152,7.106640815734863,-0.23990339040756226,0.4413943886756897,True,-1.6807605028152466,-1.5574321746826172,1.574047327041626,1.820979356765747,-4.385934829711914,4.037934303283691,4.0,2.5638017654418945,0,1
25,prey,8,8,1.1286104917526245,-9.284077644348145,-0.1710585504770279,-0.10765350610017776,True,4.465288162231445,-0.4566516876220703,0.8041301369667053,-8.222704887390137,-8.679760932922363,-5.129034042358398,4.0,1.5605264902114868,0,3
25,prey,9,9,-0.34722843766212463,2.748546600341797,0.0388278067111969,-0.09204323589801788,True,-3.2824878692626953,1.8677282333374023,0.5771358013153076,0.5438217520713806,0.9453715085983276,1.5274854898452759,4.0,1.5092897415161133,0,3
25,prey,10,10,-9.13138198852539,1.4485667943954468,-0.14791104197502136,0.02864304557442665,True,-2.1727688312530518,-1.4302457571029663,-2.138711452484131,-2.1304118633270264,-12.124164581298828,7.837371349334717,4.0,4.0,0,0
25,prey,11,11,1.1264755725860596,-7.464330196380615,0.33510085940361023,-0.4865509867668152,True,1.5432144403457642,3.93264102935791,0.28622913360595703,-8.37848949432373,10.226799964904785,-8.43472671508789,3.4503703117370605,1.203655481338501,1,3
25,prey,12,12,2.6889941692352295,-9.262970924377441,-0.2660553753376007,-0.5796005725860596,True,5.183513164520264,-0.7907549142837524,2.0088679790496826,-7.220081806182861,-4.239955425262451,-8.110729217529297,4.0,1.5605264902114868,0,3
25,prey,13,13,4.631718158721924,8.188497543334961,0.38956204056739807,0.288177490234375,True,0.7640295028686523,0.5152426958084106,2.072017192840576,2.4405577182769775,4.347869396209717,10.128520965576172,4.0,2.4178450107574463,0,1
25,prey,14,14,9.603483200073242,9.799346923828125,0.2180807888507843,-0.11175913363695145,True,-7.642580032348633,-5.682409763336182,5.67298698425293,1.3905844688415527,7.582027435302734,-2.3933358192443848,4.0,4.0,0,0
25,prey,15,15,-2.703212261199951,1.1716408729553223,-0.1861804723739624,0.5883895754814148,True,1.6873412132263184,1.4641292095184326,-1.0093752145767212,1.325706124305725,1.5548834800720215,1.6100382804870605,3.4871444702148438,1.9664695262908936,1,4
26,predator,0,0,-9.641011238098145,-5.576193809509277,0.10371275991201401,0.5633947253227234,True,3.393307685852051,3.7591657638549805,0.0,0.0,-6.162071704864502,5.898012161254883,2.00119948387146,4.0,1,0
26,predator,1,1,-7.784819602966309,5.927220344543457,-0.07600009441375732,0.014553329907357693,True,-1.2922446727752686,-3.2356128692626953,3.7491295337677,10.235452651977539,-1.3639429807662964,3.197720527648926,4.0,3.809936046600342,0,1
26,predator,2,2,0.5300382971763611,-4.066715240478516,-0.37829503417015076,-0.16387727856636047,True,-0.15771210193634033,7.4728827476501465,0.0,0.0,0.26575422286987305,-4.022516250610352,2.557464122772217,4.0,2,0
26,predator,3,3,-4.372060775756836,4.233499526977539,-0.3306918740272522,-0.18283700942993164,True,-1.837148904800415,3.75030517578125,5.001590728759766,2.4947636127471924,-0.5617878437042236,-5.74539041519165,1.6474982500076294,3.809936046600342,3,1
26,prey,0,0,0.7405990958213806,1.6990123987197876,0.6125527620315552,0.23670099675655365,True,-6.383450508117676,-4.155313491821289,1.2385485172271729,0.6365553140640259,11.039071083068848,-7.021080017089844,4.0,1.5108953714370728,0,2
26,prey,1,1,1.6379345655441284,-6.371750831604004,-0.21894490718841553,0.4622853994369507,True,-8.89456844329834,-1.2710864543914795,3.7306718826293945,0.895078182220459,3.266111373901367,-0.7083796262741089,2.557464122772217,1.2089965343475342,1,3
26,prey,2,2,-3.206021308898926,3.0696256160736084,0.385731965303421,-0.27159497141838074,True,-3.1055965423583984,10.467275619506836,-0.9852458834648132,1.0418137311935425,3.0259523391723633,-8.447253227233887,1.6474982500076294,1.958215355873108,1,3
26,prey,3,3,-2.3195598125457764,6.440497398376465,-0.2228778600692749,-0.11453186720609665,True,5.477527141571045,-6.173388481140137,0.5471364259719849,1.117038607597351,2.1736931800842285,-1.9596636295318604,3.0139009952545166,2.5646886825561523,1,2
26,prey,4,4,-4.691703796386719,-1.819044589996338,0.5507228970527649,-0.055761657655239105,True,-4.621711730957031,2.0049045085906982,0.9929000735282898,0.9956883788108826,3.4662768840789795,-5.397324085235596,4.0,3.594982385635376,0,1
26,prey,5,5,-7.991971015930176,-4.442409992218018,0.32671797275543213,-0.25333189964294434,True,11.7160062789917,-0.6508466005325317,-1.0898641347885132,0.5082922577857971,-0.5820528268814087,2.1810946464538574,2.00119948387146,4.0,1,0
26,prey,6,6,4.009255886077881,5.849180221557617,-0.06786265224218369,-0.3384040296077728,True,2.6010799407958984,7.8455119132995605,-2.2138140201568604,-0.059197504073381424,2.445357084274292,-10.675580024719238,4.0,2.4242634773254395,0,1
26,prey,7,7,0.1560586392879486,7.110528469085693,-0.26931485533714294,0.4665510952472687,True,0.6742554903030396,-4.072136878967285,1.0850870609283447,1.2828656435012817,-6.561338424682617,5.223404884338379,4.0,2.5646886825561523,0,1
26,prey,8,8,1.126956582069397,-9.285223007202148,-0.19848144054412842,-0.13745999336242676,True,-1.784320592880249,11.309259414672852,-0.9613394737243652,-2.2347617149353027,0.11390133202075958,2.2718119621276855,4.0,1.559669017791748,0,3
26,prey,9,9,-0.3466840982437134,2.748116970062256,0.06532123684883118,-0.05155684053897858,True,7.810673713684082,11.186749458312988,1.1487971544265747,1.0002162456512451,-2.5987491607666016,2.1022539138793945,4.0,1.5108953714370728,0,3
26,prey,10,10,-9.13292407989502,1.4491591453552246,-0.18507012724876404,0.07107565551996231,True,-1.8396422863006592,-3.9891743659973145,3.732919692993164,0.7712873816490173,-3.236663341522217,2.5206785202026367,4.0,4.0,0,0
26,prey,11,11,1.1295890808105469,-7.468681812286377,0.3736221492290497,-0.5221783518791199,True,-2.1346874237060547,-1.544288158416748,0.01268498133867979,-3.697859525680542,-0.018533647060394287,-10.02686882019043,3.4543938636779785,1.2089965343475342,1,3
26,prey,12,12,2.686530590057373,-9.267998695373535,-0.29564276337623596,-0.6033039689064026,True,0.5504112243652344,1.1270432472229004,-1.2007479667663574,-2.123394012451172,-0.18342162668704987,-2.1393775939941406,4.0,1.559669017791748,0,3
26,prey,13,13,4.635269641876221,8.191222190856934,0.4261668026447296,0.32691892981529236,True,-10.569063186645508,0.37886226177215576,-1.1433066129684448,-1.2891123294830322,8.717730522155762,5.032652378082275,4.0,2.4242634773254395,0,1
26,prey,14,14,9.605524063110352,9.798162460327148,0.24487820267677307,-0.14207705855369568,True,-7.349975109100342,-1.31863534450531,2.784215211868286,-0.08078143000602722,5.5288262367248535,2.7258005142211914,4.0,4.0,0,0
26,prey,15,15,-2.7044456005096436,1.1767364740371704,-0.1480029672384262,0.611479640007019,True,-0.019437432289123535,-10.038078308105469,-0.5029502511024475,1.019520878791809,0.7467489242553711,10.899112701416016,3.482059955596924,1.958215355873108,1,4
27,predator,0,0,-9.640472412109375,-5.571284770965576,0.06464172899723053,0.589076817035675,True,2.1435694694519043,5.699597358703613,0.0,0.0,-1.4343363046646118,-0.029090702533721924,1.9990348815917969,4.0,1,0
27,predator,1,1,-7.785594940185547,5.927524566650391,-0.09304891526699066,0.036502864211797714,True,-5.516511917114258,9.003569602966309,-1.837148904800415,3.75030517578125,-1.9585132598876953,2.0672554969787598,4.0,3.8090105056762695,0,1
27,predator,2,2,0.5270204544067383,-4.06825065612793,-0.3621385097503662,-0.18420647084712982,True,9.152952194213867,5.297496318817139,0.0,0.0,6.045525074005127,-2.718843936920166,2.553629159927368,4.0,2,0
27,predator,3,3,-4.37485933303833,4.2318115234375,-0.33583763241767883,-0.2025650143623352,True,-1.0103657245635986,6.3251166343688965,-1.2922446727752686,-3.2356128692626953,-12.74433422088623,-9.864588737487793,1.6524863243103027,3.8090105056762695,3,1
27,prey,0,0,0.7459821701049805,1.7005730867385864,0.6459714770317078,0.18728965520858765,True,-10.643181800842285,2.701876163482666,1.2595415115356445,1.6029767990112305,3.1018033027648926,4.169522285461426,4.0,1.51360285282135,0,2
27,prey,1,1,1.636526107788086,-6.368254661560059,-0.16901129484176636,0.419560045003891,True,2.058590888977051,3.9996752738952637,-1.1228655576705933,3.630671262741089,4.635963439941406,5.5470662117004395,2.553629159927368,1.2144514322280884,1,3
27,prey,2,2,-3.202589988708496,3.067124605178833,0.4117596447467804,-0.3001148998737335,True,3.741058588027954,9.141271591186523,0.15688775479793549,-2.176633834838867,4.622228622436523,0.9716100692749023,1.6524863243103027,1.9495559930801392,1,3
27,prey,3,3,-2.3210625648498535,6.439298629760742,-0.18032579123973846,-0.14383752644062042,True,7.8174662590026855,-3.6286747455596924,-1.2845056056976318,1.658981442451477,1.2446590662002563,-3.5647459030151367,3.015141725540161,2.5651283264160156,1,2
27,prey,4,4,-4.686919689178467,-1.8197875022888184,0.5740795731544495,-0.08914663642644882,True,-1.3136835098266602,-0.6448811292648315,1.363092064857483,0.4701021611690521,3.9204013347625732,-5.676232814788818,4.0,3.5968213081359863,0,1
27,prey,5,5,-7.989541053771973,-4.444090843200684,0.29158785939216614,-0.2016889601945877,True,8.661189079284668,4.163766384124756,-3.2306771278381348,-0.9921349287033081,6.284554481506348,1.0608991384506226,1.9990348815917969,4.0,1,0
27,prey,6,6,4.00899076461792,5.846151828765869,-0.03177107125520706,-0.3633645474910736,True,2.901853561401367,12.719003677368164,-1.7233389616012573,-0.6923103332519531,-4.304695129394531,-3.7012009620666504,4.0,2.431195020675659,0,1
27,prey,7,7,0.15357241034507751,7.114624977111816,-0.29834651947021484,0.49157142639160156,True,4.989159107208252,3.8016884326934814,-0.5983238816261292,1.3588027954101562,-0.3575509786605835,1.1578876972198486,4.0,2.5651283264160156,0,1
27,prey,8,8,1.1254158020019531,-9.285954475402832,-0.18488629162311554,-0.08774377405643463,True,2.4499330520629883,3.0533175468444824,-3.492948293685913,-0.5627771019935608,-1.6517854928970337,6.427963733673096,4.0,1.558695912361145,0,3
27,prey,9,9,-0.3465866148471832,2.7480878829956055,0.011695758439600468,-0.0034776676911860704,True,17.96744728088379,8.162738800048828,-1.9932997226715088,-0.46779537200927734,-5.529668807983398,3.653738021850586,4.0,1.51360285282135,0,3
27,prey,10,10,-9.134688377380371,1.4500105381011963,-0.21178306639194489,0.1021689623594284,True,-6.532064437866211,-0.4221322536468506,0.9923151731491089,0.4458138942718506,3.7311954498291016,-2.379624366760254,4.0,4.0,0,0
27,prey,11,11,1.1326380968093872,-7.473238468170166,0.36587047576904297,-0.5468112230300903,True,9.849653244018555,3.3127644062042236,-3.376159429550171,3.721738815307617,-2.5069050788879395,-5.970078468322754,3.4584264755249023,1.2144514322280884,1,3
27,prey,12,12,2.6840596199035645,-9.273221015930176,-0.29650723934173584,-0.6267115473747253,True,-3.3778767585754395,0.8804420232772827,-4.2711920738220215,2.8312950134277344,0.9206832647323608,-11.089029312133789,4.0,1.558695912361145,0,3
27,prey,13,13,4.639123916625977,8.194266319274902,0.4625225365161896,0.3652583956718445,True,2.3432536125183105,-0.36032378673553467,1.842712163925171,1.4936201572418213,-0.015498876571655273,-8.101849555969238,4.0,2.431195020675659,0,1
27,prey,14,14,9.607781410217285,9.797301292419434,0.27093175053596497,-0.10340282320976257,True,-0.580710232257843,-4.886194229125977,-3.9839916229248047,4.112186908721924,5.715877532958984,0.6038258075714111,4.0,4.0,0,0
27,prey,15,15,-2.7054402828216553,1.1820223331451416,-0.11935056746006012,0.6342950463294983,True,2.9971652030944824,-1.5844452381134033,-0.28399211168289185,0.7527024149894714,-4.371355056762695,4.788057327270508,3.4768052101135254,1.9495559930801392,1,4
28,predator,0,0,-9.640151023864746,-5.566482067108154,0.03866548091173172,0.5762841701507568,True,1.1409517526626587,4.188535690307617,0.0,0.0,6.702953338623047,-3.1223325729370117,1.99749755859375,4.0,1,0
28,predator,1,1,-7.786514759063721,5.928004264831543,-0.11037389189004898,0.05755595117807388,True,-9.304760932922363,0.14357399940490723,-1.0103657245635986,6.3251166343688965,1.4928925037384033,9.713746070861816,4.0,3.80824613571167,0,1
28,predator,2,2,0.5242865085601807,-4.069949150085449,-0.32807233929634094,-0.20381304621696472,True,-0.6945518255233765,-0.9536455869674683,0.0,0.0,-1.0536224842071533,1.7335857152938843,2.5494420528411865,4.0,2,0
28,predator,3,3,-4.3777923583984375,4.229961395263672,-0.35197511315345764,-0.2220284342765808,True,5.2978339195251465,11.813316345214844,-5.516511917114258,9.003569602966309,-2.546842098236084,-1.904665231704712,1.6573803424835205,3.80824613571167,3,1
28,prey,0,0,0.7516424059867859,1.702480435371399,0.6792237758636475,0.22887319326400757,True,-3.7829244136810303,-9.63144302368164,5.585781574249268,3.9952428340911865,10.586928367614746,-10.852057456970215,4.0,1.5166330337524414,0,2
28,prey,1,1,1.6355228424072266,-6.364466190338135,-0.12039577215909958,0.4546186923980713,True,1.662952184677124,2.4878990650177,2.973902940750122,2.4155080318450928,2.522156238555908,5.102121353149414,2.5494420528411865,1.2207095623016357,1,3
28,prey,2,2,-3.1989471912384033,3.064957618713379,0.43714460730552673,-0.26004213094711304,True,-7.303487777709961,6.1213059425354,2.1831870079040527,1.1980241537094116,0.6736099720001221,-7.984042644500732,1.6573803424835205,1.9409174919128418,1,3
28,prey,3,3,-2.322139024734497,6.4377827644348145,-0.12916865944862366,-0.18193419277668,True,4.793370723724365,5.289172172546387,3.4709649085998535,4.940258502960205,-2.6487374305725098,-5.215436935424805,3.0166513919830322,2.565248727798462,1,2
28,prey,4,4,-4.681854724884033,-1.820890188217163,0.6078096032142639,-0.13232094049453735,True,-8.038467407226562,3.996077060699463,2.6986019611358643,3.6938459873199463,3.6540820598602295,-5.43286657333374,4.0,3.598834991455078,0,1
28,prey,5,5,-7.986893653869629,-4.445439338684082,0.31765878200531006,-0.16184023022651672,True,5.028317451477051,2.9454469680786133,-3.9228739738464355,-0.5335066914558411,5.626112937927246,2.8575143814086914,1.99749755859375,4.0,1,0
28,prey,6,6,4.008447170257568,5.842916488647461,-0.06523654609918594,-0.3882354199886322,True,-3.7265453338623047,-0.8560972213745117,3.6489055156707764,0.9651849865913391,-5.252650737762451,-5.218721389770508,4.0,2.437954902648926,0,1
28,prey,7,7,0.15100136399269104,7.119015216827393,-0.3085254430770874,0.5267903208732605,True,2.720834255218506,8.537866592407227,3.875009059906006,3.8787782192230225,-4.865860939025879,9.160033226013184,4.0,2.565248727798462,0,1
28,prey,8,8,1.1235706806182861,-9.286290168762207,-0.22141563892364502,-0.04033798351883888,True,6.883543491363525,0.5888338088989258,2.8434555530548096,2.7309606075286865,-2.155967950820923,-3.8007853031158447,4.0,1.5583481788635254,0,3
28,prey,9,9,-0.34674063324928284,2.748296022415161,-0.018481794744729996,0.024971747770905495,True,1.4926844835281372,3.263302803039551,1.6041364669799805,2.7681891918182373,-7.199427604675293,9.087204933166504,4.0,1.5166330337524414,0,3
28,prey,10,10,-9.136089324951172,1.4505417346954346,-0.1680496633052826,0.06374431401491165,True,13.274397850036621,-5.6480937004089355,3.521432399749756,2.768927812576294,5.579719543457031,2.0949807167053223,4.0,4.0,0,0
28,prey,11,11,1.1353405714035034,-7.477996349334717,0.3243046998977661,-0.5709249377250671,True,-1.63616144657135,-7.063753604888916,0.376882404088974,2.6444783210754395,-3.6163547039031982,-4.713102340698242,3.4623942375183105,1.2207095623016357,1,3
28,prey,12,12,2.6819000244140625,-9.27863597869873,-0.25916287302970886,-0.6496971249580383,True,4.046077251434326,-8.296819686889648,4.7860589027404785,3.4552524089813232,9.569981575012207,-3.8263795375823975,4.0,1.5583481788635254,0,3
28,prey,13,13,4.642890930175781,8.196871757507324,0.4520317018032074,0.31268954277038574,True,3.625182628631592,-10.04285717010498,6.619042873382568,3.2337124347686768,0.4021883010864258,5.629363059997559,4.0,2.437954902648926,0,1
28,prey,14,14,9.61025333404541,9.796637535095215,0.29658013582229614,-0.0795944482088089,True,7.099016189575195,8.760918617248535,2.622553586959839,6.17933988571167,-1.8477624654769897,8.963903427124023,4.0,4.0,0,0
28,prey,15,15,-2.7067043781280518,1.1874971389770508,-0.15169332921504974,0.6569806933403015,True,-0.867556631565094,-4.330430030822754,2.2894575595855713,2.73026967048645,1.8893792629241943,1.5459041595458984,3.471184730529785,1.9409174919128418,1,4
29,predator,0,0,-9.639630317687988,-5.561987400054932,0.062470436096191406,0.5393749475479126,True,3.578261375427246,3.2297916412353516,0.0,0.0,7.656826496124268,12.031003952026367,1.996343731880188,4.0,1,0
29,predator,1,1,-7.787076473236084,5.928739547729492,-0.06739630550146103,0.0882883369922638,True,-8.279624938964844,7.341928482055664,5.2978339195251465,11.813316345214844,-8.045669555664062,4.463119983673096,4.0,3.807229518890381,0,1
29,predator,2,2,0.5213178992271423,-4.071296691894531,-0.3562341332435608,-0.1617559939622879,True,-6.146019458770752,-5.8075480461120605,0.0,0.0,0.6002667546272278,-1.7334779500961304,2.5455923080444336,4.0,2,0
29,predator,3,3,-4.380859375,4.2279510498046875,-0.368060827255249,-0.24123704433441162,True,1.1182795763015747,-1.332012414932251,-9.304760932922363,0.14357399940490723,-3.1096813678741455,-6.326435565948486,1.662521481513977,3.807229518890381,3,1
29,prey,0,0,0.7574880123138428,1.7040644884109497,0.7014742493629456,0.19009710848331451,True,-4.452356338500977,-3.4959068298339844,-1.5613096952438354,3.1458849906921387,-6.046235084533691,1.376328945159912,4.0,1.520381212234497,0,2
29,prey,1,1,1.6349148750305176,-6.36038875579834,-0.07295270264148712,0.48924851417541504,True,3.876296043395996,-7.203587055206299,3.0978195667266846,-4.923913478851318,-11.618661880493164,16.227127075195312,2.5455923080444336,1.227748155593872,1,3
29,prey,2,2,-3.195188045501709,3.062549352645874,0.4510890245437622,-0.2889978885650635,True,-5.150240421295166,-6.9134297370910645,1.3703340291976929,0.21092163026332855,7.669036388397217,-8.572907447814941,1.662521481513977,1.931918740272522,1,3
29,prey,3,3,-2.323547601699829,6.435949325561523,-0.16903024911880493,-0.22002410888671875,True,1.3827402591705322,-7.336371421813965,-1.1202589273452759,-0.9911933541297913,-3.658830165863037,-1.7026760578155518,3.017911195755005,2.565613031387329,1,2
29,prey,4,4,-4.676510334014893,-1.8223466873168945,0.641313910484314,-0.17477764189243317,True,-6.120315074920654,4.447035789489746,1.3069051504135132,-1.2133184671401978,10.632290840148926,1.8216025829315186,4.0,3.6013405323028564,0,1
29,prey,5,5,-7.984034061431885,-4.446465492248535,0.3431696891784668,-0.12316463142633438,True,6.283802032470703,1.878839135169983,2.6179652214050293,-0.8260083198547363,5.322318077087402,3.581055164337158,1.996343731880188,4.0,1,0
29,prey,6,6,4.007630825042725,5.839474678039551,-0.09797174483537674,-0.41302570700645447,True,-0.2881372570991516,11.864096641540527,2.658027410507202,1.0294932126998901,-3.5817599296569824,-14.70363712310791,4.0,2.4453177452087402,0,1
29,prey,7,7,0.1481914520263672,7.1236090660095215,-0.3371898829936981,0.5512815117835999,True,-0.22340631484985352,-1.2428531646728516,-0.8241823315620422,-1.4552925825119019,1.6245497465133667,2.8655433654785156,4.0,2.565613031387329,0,1
29,prey,8,8,1.1214206218719482,-9.286983489990234,-0.25800448656082153,-0.08312493562698364,True,3.2898647785186768,-1.5833405256271362,1.3576226234436035,-4.290891170501709,-4.450459957122803,1.6740832328796387,4.0,1.558650016784668,0,3
29,prey,9,9,-0.3471403121948242,2.748744010925293,-0.04795924201607704,0.05376359447836876,True,12.520608901977539,6.030844688415527,-1.5724492073059082,-0.11455076932907104,-0.7391718626022339,-2.666696071624756,4.0,1.520381212234497,0,3
29,prey,10,10,-9.137052536010742,1.4514039754867554,-0.1156308650970459,0.10347960889339447,True,7.864109992980957,-4.774936676025391,-2.7952985763549805,2.1830999851226807,-2.0910916328430176,-2.34610652923584,4.0,4.0,0,0
29,prey,11,11,1.1377034187316895,-7.4829511642456055,0.2835467457771301,-0.5946044921875,True,13.965667724609375,-2.9755096435546875,4.197524547576904,-1.740028977394104,-8.12630558013916,-7.653571128845215,3.466888666152954,1.227748155593872,1,3
29,prey,12,12,2.680068254470825,-9.284238815307617,-0.21978795528411865,-0.6723266839981079,True,-3.801074981689453,-3.7090368270874023,2.3034446239471436,-1.3290069103240967,-0.0654948502779007,-5.703598499298096,4.0,1.558650016784668,0,3
29,prey,13,13,4.646731853485107,8.199798583984375,0.46090933680534363,0.3512144982814789,True,3.3365354537963867,3.265382766723633,2.475872278213501,4.999032497406006,-8.697065353393555,-4.317810535430908,4.0,2.4453177452087402,0,1
29,prey,14,14,9.61235237121582,9.796280860900879,0.251905620098114,-0.04279155656695366,True,-10.370683670043945,5.405685901641846,-0.050681352615356445,-5.449477195739746,4.400095462799072,3.5230398178100586,4.0,4.0,0,0
29,prey,15,15,-2.7076566219329834,1.1931582689285278,-0.11427922546863556,0.6793364882469177,True,-1.8538987636566162,0.20281121134757996,0.45091548562049866,1.7040269374847412,3.1573145389556885,0.34598517417907715,3.4654834270477295,1.931918740272522,1,4
30,predator,0,0,-9.638812065124512,-5.557276248931885,0.09817065298557281,0.565352201461792,True,0.06877291202545166,-0.26410502195358276,0.0,0.0,7.2986578941345215,9.82196044921875,1.9951870441436768,4.0,1,0
30,predator,1,1,-7.787904262542725,5.929732322692871,-0.09934741258621216,0.11910192668437958,True,-11.436387062072754,1.493351697921753,1.1182795763015747,-1.332012414932251,0.6525356769561768,-2.68662691116333,4.0,3.806520462036133,0,1
30,predator,2,2,0.5186125636100769,-4.0729146003723145,-0.3246425688266754,-0.19412271678447723,True,-6.272031307220459,-6.256490707397461,0.0,0.0,-9.469133377075195,-0.6615124940872192,2.541093349456787,4.0,2,0
30,predator,3,3,-4.384060382843018,4.225782871246338,-0.38408416509628296,-0.2602044641971588,True,9.544251441955566,8.749897003173828,-8.279624938964844,7.341928482055664,-4.286317825317383,-8.096586227416992,1.6679775714874268,3.806520462036133,3,1
30,prey,0,0,0.7628483176231384,1.705993413925171,0.6432358622550964,0.23146237432956696,True,-7.180613994598389,0.8850111961364746,0.038192979991436005,1.0074478387832642,-0.3237009048461914,-0.46763986349105835,4.0,1.5234521627426147,0,2
30,prey,1,1,1.6340328454971313,-6.356112480163574,-0.10584701597690582,0.5131945610046387,True,-7.02578592300415,-6.947232723236084,4.484819412231445,-2.755962371826172,4.441845417022705,-1.6192601919174194,2.541093349456787,1.2352039813995361,1,3
30,prey,2,2,-3.191218137741089,3.0599026679992676,0.47640010714530945,-0.31761449575424194,True,-0.33794310688972473,5.994555950164795,1.3024976253509521,-0.8813394904136658,5.9145660400390625,-1.9057499170303345,1.6679775714874268,1.922715187072754,1,3
30,prey,3,3,-2.325197696685791,6.433887004852295,-0.19802308082580566,-0.24746990203857422,True,3.576155662536621,-6.31397819519043,0.5555863976478577,1.3872778415679932,0.8104408979415894,-1.9687442779541016,3.0190460681915283,2.5667781829833984,1,2
30,prey,4,4,-4.67097806930542,-1.823487639427185,0.6638596653938293,-0.13691453635692596,True,0.35271739959716797,0.11367955803871155,2.5353376865386963,-1.178629755973816,8.305804252624512,1.2792794704437256,4.0,3.603736400604248,0,1
30,prey,5,5,-7.9809651374816895,-4.447179317474365,0.3682566285133362,-0.08561385422945023,True,-1.3744165897369385,-10.640544891357422,0.8718974590301514,-0.16395044326782227,6.966573715209961,-2.4891357421875,1.9951870441436768,4.0,1,0
30,prey,6,6,4.006546974182129,5.835826873779297,-0.13006268441677094,-0.4377368688583374,True,3.7091760635375977,1.7395514249801636,0.3655729293823242,0.4377969801425934,6.823630332946777,0.9799134135246277,4.0,2.452409029006958,0,1
30,prey,7,7,0.1458098590373993,7.1284894943237305,-0.2857920229434967,0.5856539011001587,True,-3.910013198852539,-3.2480485439300537,0.7850359678268433,0.5167752504348755,-1.0148876905441284,8.469442367553711,4.0,2.5667781829833984,0,1
30,prey,8,8,1.119057536125183,-9.287369728088379,-0.2835700809955597,-0.0463654063642025,True,-2.6310739517211914,-4.92559814453125,4.680296421051025,-4.629377841949463,0.7091925740242004,-6.814692497253418,4.0,1.5591957569122314,0,3
30,prey,9,9,-0.347687691450119,2.7488818168640137,-0.06568802148103714,0.016530239954590797,True,8.331891059875488,-0.6140842437744141,-1.6711348295211792,0.0988457202911377,-2.783047676086426,1.230880856513977,4.0,1.5234521627426147,0,3
30,prey,10,10,-9.138326644897461,1.4518600702285767,-0.15287791192531586,0.05472661927342415,True,-3.223011016845703,-4.901971817016602,-1.7101631164550781,-0.09618590027093887,-4.86904764175415,4.620067596435547,4.0,4.0,0,0
30,prey,11,11,1.1397334337234497,-7.488100528717041,0.2435881495475769,-0.617888867855072,True,2.0552847385406494,-4.1274285316467285,1.1216951608657837,-4.165321350097656,1.9491431713104248,-3.9251914024353027,3.471208095550537,1.2352039813995361,1,3
30,prey,12,12,2.678251028060913,-9.290027618408203,-0.2180688977241516,-0.6947439312934875,True,1.15858793258667,-6.672833442687988,7.043942928314209,-3.9208123683929443,7.342913627624512,-9.080894470214844,4.0,1.5591957569122314,0,3
30,prey,13,13,4.650113582611084,8.202286720275879,0.40579110383987427,0.29855915904045105,True,0.029354095458984375,-2.598379135131836,0.6042243838310242,2.9442803859710693,-2.571483612060547,8.793147087097168,4.0,2.452409029006958,0,1
30,prey,14,14,9.614664077758789,9.796219825744629,0.27741608023643494,-0.007351441774517298,True,4.481916427612305,2.767662763595581,1.52419912815094,7.56473970413208,5.446197986602783,7.539754390716553,4.0,4.0,0,0
30,prey,15,15,-2.708216428756714,1.198843002319336,-0.06717384606599808,0.682162880897522,True,0.19766199588775635,2.6706652641296387,0.8315915465354919,-1.897945523262024,0.7980725765228271,3.8009209632873535,3.4598870277404785,1.922715187072754,1,4
31,predator,0,0,-9.637804985046387,-5.552453994750977,0.12085586041212082,0.5786421895027161,True,3.2401247024536133,1.9745270013809204,0.0,0.0,-1.9429048299789429,4.63370943069458,1.9938536882400513,4.0,1,0
31,predator,1,1,-7.788547039031982,5.930460453033447,-0.07714609056711197,0.08739975839853287,True,0.5447479486465454,5.939752101898193,9.544251441955566,8.749897003173828,-0.23330038785934448,-2.286746025085449,4.0,3.805482864379883,0,1
31,predator,2,2,0.515668511390686,-4.074694633483887,-0.3532823920249939,-0.21358510851860046,True,-1.3238452672958374,-0.635171115398407,0.0,0.0,-3.6815388202667236,0.5374882221221924,2.5371592044830322,4.0,2,0
31,predator,3,3,-4.387393951416016,4.223458290100098,-0.4000355005264282,-0.27894148230552673,True,0.10176461935043335,-4.379090309143066,-11.436387062072754,1.493351697921753,-15.905261039733887,-1.8434934616088867,1.6737476587295532,3.805482864379883,3,1
31,prey,0,0,0.7680121064186096,1.7077503204345703,0.6196543574333191,0.2108381986618042,True,-1.9793803691864014,-0.4803156852722168,1.7028065919876099,0.04890584945678711,-0.9028617143630981,5.3774213790893555,4.0,1.5268598794937134,0,2
31,prey,1,1,1.6335442066192627,-6.352309703826904,-0.05863293632864952,0.45632806420326233,True,-7.862340927124023,2.30968976020813,0.19426624476909637,-5.241953372955322,5.4270172119140625,-0.7301509380340576,2.5371592044830322,1.2424918413162231,1,3
31,prey,2,2,-3.1870384216308594,3.0570201873779297,0.5015482306480408,-0.34589284658432007,True,9.600157737731934,7.035221099853516,-0.2650303244590759,-1.629818081855774,3.150264263153076,3.596052646636963,1.6737476587295532,1.913048505783081,1,3
31,prey,3,3,-2.3265674114227295,6.431602478027344,-0.1643669754266739,-0.2741010785102844,True,0.5338242053985596,-5.522247314453125,0.11993040144443512,0.6898959279060364,-4.857970237731934,4.200638771057129,3.0204150676727295,2.5675723552703857,1,2
31,prey,4,4,-4.665260314941406,-1.8243191242218018,0.6861293315887451,-0.0997813493013382,True,-2.5229973793029785,-0.16005028784275055,-0.5977385640144348,-1.101061463356018,8.144750595092773,0.7308657765388489,4.0,3.6061887741088867,0,1
31,prey,5,5,-7.977687835693359,-4.448160648345947,0.393310010433197,-0.11777784675359726,True,-5.187010765075684,-5.129568099975586,-1.4351468086242676,-2.394146203994751,10.364304542541504,-3.1330533027648926,1.9938536882400513,4.0,1,0
31,prey,6,6,4.005776882171631,5.832553386688232,-0.09240058809518814,-0.3928263187408447,True,8.189098358154297,13.427603721618652,0.8881149888038635,-1.5203027725219727,1.2484712600708008,-11.059539794921875,4.0,2.4591853618621826,0,1
31,prey,7,7,0.14318425953388214,7.1335673332214355,-0.3150705397129059,0.6093611717224121,True,1.84230637550354,0.6533129215240479,1.1893831491470337,0.25190603733062744,-10.499741554260254,9.68184757232666,4.0,2.5675723552703857,0,1
31,prey,8,8,1.1170400381088257,-9.28810977935791,-0.24210597574710846,-0.08880172669887543,True,-3.1277689933776855,2.2572712898254395,-1.2706376314163208,-5.915831089019775,-1.97417151927948,-10.297625541687012,4.0,1.5597350597381592,0,3
31,prey,9,9,-0.3484637141227722,2.749279499053955,-0.09312010556459427,0.04772849380970001,True,1.6525474786758423,7.627494812011719,-0.4454381465911865,-0.0946178138256073,6.646565914154053,-8.817935943603516,4.0,1.5268598794937134,0,3
31,prey,10,10,-9.139912605285645,1.4526623487472534,-0.19034218788146973,0.09627234190702438,True,7.5049614906311035,-6.508100509643555,-0.2904950678348541,-0.46541106700897217,-5.183422565460205,4.756279945373535,4.0,4.0,0,0
31,prey,11,11,1.1420141458511353,-7.493442535400391,0.27368873357772827,-0.6410865783691406,True,5.54144811630249,3.3765621185302734,-2.8327572345733643,-6.181888580322266,-6.1903977394104,-7.075437068939209,3.4756505489349365,1.2424918413162231,1,3
31,prey,12,12,2.67675518989563,-9.296001434326172,-0.1795131415128708,-0.7168117165565491,True,0.9582927227020264,-2.499213218688965,-2.53385853767395,-5.3334197998046875,0.2829253077507019,-3.4800682067871094,4.0,1.5597350597381592,0,3
31,prey,13,13,4.653131484985352,8.205004692077637,0.36217471957206726,0.32621774077415466,True,-0.6059415340423584,-6.933574676513672,3.2378249168395996,-1.1337792873382568,10.330903053283691,11.99079704284668,4.0,2.4591853618621826,0,1
31,prey,14,14,9.6171875,9.7964448928833,0.3027970492839813,0.026962321251630783,True,-3.1692821979522705,4.3858489990234375,1.869265079498291,-0.4294138550758362,-8.602865219116211,-0.2623481750488281,4.0,4.0,0,0
31,prey,15,15,-2.7084667682647705,1.2047988176345825,-0.030046578496694565,0.7147044539451599,True,5.1522626876831055,-2.4553136825561523,-0.34154537320137024,-1.154976487159729,6.436912536621094,-5.852311134338379,3.4541428089141846,1.913048505783081,1,4
32,predator,0,0,-9.637125968933105,-5.54741907119751,0.08146284520626068,0.6042049527168274,True,0.2871361970901489,5.543918609619141,0.0,0.0,-1.0127451419830322,0.3706568479537964,1.9927246570587158,4.0,1,0
32,predator,1,1,-7.789181232452393,5.930936336517334,-0.07608073949813843,0.0570867545902729,True,1.3988374471664429,-5.190227031707764,0.10176461935043335,-4.379090309143066,11.850860595703125,3.8525607585906982,4.0,3.8042795658111572,0,1
32,predator,2,2,0.5124903917312622,-4.076265811920166,-0.3813745677471161,-0.1885489523410797,True,8.199130058288574,4.2464680671691895,0.0,0.0,12.343334197998047,1.3576570749282837,2.5339293479919434,4.0,2,0
32,predator,3,3,-4.390859603881836,4.2209792137146,-0.41590631008148193,-0.297456830739975,True,5.435176372528076,7.635831832885742,0.5447479486465454,5.939752101898193,-2.311100959777832,-5.177290439605713,1.6794267892837524,3.8042795658111572,3,1
32,prey,0,0,0.7728140950202942,1.7097605466842651,0.5762424468994141,0.24122871458530426,True,1.020703673362732,-5.9777116775512695,3.492457151412964,2.9437174797058105,8.751026153564453,-3.318697690963745,4.0,1.529372215270996,0,2
32,prey,1,1,1.6333539485931396,-6.348811149597168,-0.02283196896314621,0.4198337197303772,True,3.2538318634033203,-9.622145652770996,1.1239906549453735,1.0448733568191528,-13.593777656555176,3.5065767765045166,2.5339293479919434,1.250065565109253,1,3
32,prey,2,2,-3.1826541423797607,3.054482936859131,0.5261104702949524,-0.3044794201850891,True,-2.166078567504883,3.9898154735565186,1.7405033111572266,-0.9778885245323181,1.2208268642425537,2.715022087097168,1.6794267892837524,1.904130220413208,1,3
32,prey,3,3,-2.3281776905059814,6.429675102233887,-0.1932222992181778,-0.23131971061229706,True,6.117206573486328,1.4504544734954834,3.4072928428649902,2.6963467597961426,2.23939847946167,4.387853145599365,3.0220842361450195,2.5683434009552,1,2
32,prey,4,4,-4.659271717071533,-1.8248615264892578,0.7186471819877625,-0.06508618593215942,True,-1.3499428033828735,4.221017360687256,2.7905895709991455,0.014903068542480469,4.564661502838135,0.858485758304596,4.0,3.6080920696258545,0,1
32,prey,5,5,-7.974201679229736,-4.449405193328857,0.4182986319065094,-0.14933772385120392,True,10.368861198425293,2.622011661529541,2.4909820556640625,-3.334075450897217,10.54605484008789,-13.080046653747559,1.9927246570587158,4.0,1,0
32,prey,6,6,4.005397796630859,5.8289875984191895,-0.04549707472324371,-0.42790117859840393,True,12.810531616210938,16.212326049804688,-0.28765442967414856,-0.04491360858082771,2.6585662364959717,-6.838448524475098,4.0,2.4665305614471436,0,1
32,prey,7,7,0.14031797647476196,7.13884162902832,-0.3439538776874542,0.6328975558280945,True,6.1293511390686035,-0.4725155532360077,3.220366954803467,1.8141239881515503,-9.144518852233887,5.6032891273498535,4.0,2.5683434009552,0,1
32,prey,8,8,1.114715576171875,-9.289196014404297,-0.27893123030662537,-0.1303744912147522,True,2.5032544136047363,0.6902438402175903,-0.45420002937316895,1.06234610080719,1.5973247289657593,1.7733999490737915,4.0,1.5607057809829712,0,3
32,prey,9,9,-0.348877876996994,2.7493693828582764,-0.04970237612724304,0.010777975432574749,True,5.557178497314453,9.623757362365723,2.5261662006378174,0.6955795288085938,3.8409018516540527,-3.3377251625061035,4.0,1.529372215270996,0,3
32,prey,10,10,-9.1417236328125,1.4537179470062256,-0.21731668710708618,0.12666945159435272,True,5.567099094390869,-10.336392402648926,1.7606030702590942,-0.1774277687072754,4.738038063049316,1.360337495803833,4.0,4.0,0,0
32,prey,11,11,1.1438781023025513,-7.4990620613098145,0.22367863357067108,-0.6742932200431824,True,5.825592517852783,-1.5572876930236816,-3.3439390659332275,0.6892493367195129,4.816224575042725,-5.882206439971924,3.480543613433838,1.250065565109253,1,3
32,prey,12,12,2.675367593765259,-9.302156448364258,-0.16651277244091034,-0.7386434078216553,True,-3.0964818000793457,0.6734659075737,-1.816220760345459,2.647841215133667,4.4220075607299805,-5.239200115203857,4.0,1.5607057809829712,0,3
32,prey,13,13,4.656459808349609,8.208040237426758,0.3993901014328003,0.3641873896121979,True,-1.8515493869781494,2.4024810791015625,1.8096988201141357,4.114402770996094,4.110240936279297,10.79444694519043,4.0,2.4665305614471436,0,1
32,prey,14,14,9.61933708190918,9.796586990356445,0.2579946219921112,0.01709352619946003,True,-3.2910022735595703,2.0228800773620605,3.7915782928466797,3.2470145225524902,9.010466575622559,8.085830688476562,4.0,4.0,0,0
32,prey,15,15,-2.7084243297576904,1.2103523015975952,0.00510575482621789,0.6664215326309204,True,5.416854381561279,-4.0234856605529785,2.375917434692383,0.37790217995643616,-4.315445423126221,6.787688732147217,3.4488348960876465,1.904130220413208,1,4
33,predator,0,0,-9.636666297912598,-5.542408466339111,0.05516966059803963,0.6012786030769348,True,2.4423298835754395,3.503237247467041,0.0,0.0,-0.460310697555542,1.7950537204742432,1.991847038269043,4.0,1,0
33,predator,1,1,-7.789474010467529,5.93165922164917,-0.0351625420153141,0.08675023168325424,True,0.32791221141815186,2.4226765632629395,5.435176372528076,7.635831832885742,-4.70065975189209,5.288965702056885,4.0,3.802837610244751,0,1
33,predator,2,2,0.5096014142036438,-4.0775909423828125,-0.3466789722442627,-0.15902072191238403,True,1.4421228170394897,-4.833463191986084,0.0,0.0,-10.640448570251465,-3.0517783164978027,2.5304932594299316,4.0,2,0
33,predator,3,3,-4.3944573402404785,4.218348026275635,-0.4316888451576233,-0.3157574534416199,True,-3.3765034675598145,-7.292810916900635,1.3988374471664429,-5.190227031707764,-6.328887939453125,-4.177845001220703,1.6850242614746094,3.802837610244751,3,1
33,prey,0,0,0.7778977751731873,1.711357593536377,0.6100409626960754,0.19164450466632843,True,-8.369534492492676,-5.5079264640808105,4.64501428604126,4.428767204284668,8.234211921691895,-2.3217599391937256,4.0,1.5319879055023193,0,2
33,prey,1,1,1.632881760597229,-6.345108985900879,-0.05666255205869675,0.4442393183708191,True,-0.7387130260467529,1.379454493522644,1.7441216707229614,-0.06452598422765732,1.4504575729370117,6.016572952270508,2.5304932594299316,1.2578150033950806,1,3
33,prey,2,2,-3.1780691146850586,3.052283525466919,0.5502156019210815,-0.2639049291610718,True,2.72312331199646,6.2824578285217285,4.065493106842041,-0.7878394722938538,0.9017376899719238,-3.4888224601745605,1.6850242614746094,1.8952409029006958,1,3
33,prey,3,3,-2.329357624053955,6.428190231323242,-0.1415882110595703,-0.17816545069217682,True,10.839664459228516,-4.84361457824707,3.8452842235565186,3.107809543609619,-0.7689604759216309,3.7461748123168945,3.0245726108551025,2.5684244632720947,1,2
33,prey,4,4,-4.653102397918701,-1.8251464366912842,0.7403264045715332,-0.03419559821486473,True,1.62643563747406,-5.306823253631592,4.294103145599365,-0.6836676597595215,-0.9699649810791016,-1.944443941116333,4.0,3.6097006797790527,0,1
33,prey,5,5,-7.970508575439453,-4.450908184051514,0.44320884346961975,-0.18035854399204254,True,9.439995765686035,4.77925443649292,2.1085782051086426,-3.057687520980835,-1.864959478378296,-13.611262321472168,1.991847038269043,4.0,1,0
33,prey,6,6,4.005314350128174,5.825219631195068,-0.010045296512544155,-0.45217910408973694,True,-1.0968776941299438,5.7470784187316895,2.2803146839141846,1.508224368095398,4.327173709869385,-7.843717098236084,4.0,2.474269151687622,0,1
33,prey,7,7,0.13721419870853424,7.144310474395752,-0.37245339155197144,0.6562512516975403,True,-6.924226760864258,2.755779266357422,3.8435494899749756,3.382519483566284,-11.250238418579102,6.771812915802002,4.0,2.5684244632720947,0,1
33,prey,8,8,1.112847089767456,-9.289874076843262,-0.22422654926776886,-0.08137538284063339,True,-1.9015517234802246,1.5454233884811401,1.9943140745162964,-3.5019893646240234,-3.0920629501342773,-9.339441299438477,4.0,1.5616445541381836,0,3
33,prey,9,9,-0.3489636778831482,2.749225616455078,-0.010294760577380657,-0.017249951139092445,True,1.344565510749817,11.929071426391602,3.2658846378326416,2.225297451019287,-0.035102009773254395,-5.060460567474365,4.0,1.5319879055023193,0,3
33,prey,10,10,-9.143182754516602,1.4550144672393799,-0.17507214844226837,0.15557846426963806,True,5.231533527374268,-3.69816255569458,3.0674235820770264,1.70233952999115,9.487364768981934,0.921129584312439,4.0,4.0,0,0
33,prey,11,11,1.145997166633606,-7.504868507385254,0.2542814016342163,-0.6968088150024414,True,1.3931735754013062,-2.5908260345458984,0.8868681788444519,-2.752812147140503,2.378782033920288,-4.416330337524414,3.4858615398406982,1.2578150033950806,1,3
33,prey,12,12,2.674379587173462,-9.308578491210938,-0.11855127662420273,-0.7706559300422668,True,4.552172660827637,-7.687689304351807,3.8608930110931396,-3.49639630317688,-6.862144470214844,-3.8833837509155273,4.0,1.5616445541381836,0,3
33,prey,13,13,4.660008430480957,8.21130084991455,0.42580777406692505,0.39131781458854675,True,-1.4347878694534302,0.571147084236145,5.464653015136719,5.767380714416504,-2.2664453983306885,-7.2140092849731445,4.0,2.474269151687622,0,1
33,prey,14,14,9.62178897857666,9.797094345092773,0.29413673281669617,0.06084740161895752,True,-0.641442060470581,0.3207477331161499,5.479491233825684,9.307403564453125,2.444822311401367,-2.5187430381774902,4.0,4.0,0,0
33,prey,15,15,-2.7086708545684814,1.2160909175872803,-0.02957899309694767,0.6886268258094788,True,7.448812484741211,-2.615678548812866,2.9822165966033936,0.3569178581237793,-2.3231821060180664,5.293106555938721,3.4431705474853516,1.8952409029006958,1,4
34,predator,0,0,-9.636357307434082,-5.537186622619629,0.037057291716337204,0.6266002058982849,True,1.193746566772461,5.060886859893799,0.0,0.0,-1.1632460355758667,11.109490394592285,1.9905563592910767,4.0,1,0
34,predator,1,1,-7.790043830871582,5.9326324462890625,-0.06837198138237,0.11679984629154205,True,5.53020715713501,-0.5287035703659058,-3.3765034675598145,-7.292810916900635,6.158060550689697,-3.233243942260742,4.0,3.801712989807129,0,1
34,predator,2,2,0.5064771771430969,-4.079189777374268,-0.37490615248680115,-0.1918807476758957,True,-3.9043688774108887,1.3022130727767944,0.0,0.0,3.7321512699127197,-6.356932163238525,2.5268774032592773,4.0,2,0
34,predator,3,3,-4.3981852531433105,4.215566158294678,-0.44737619161605835,-0.3338489830493927,True,5.501943111419678,-5.867006301879883,0.32791221141815186,2.4226765632629395,0.9194543361663818,-2.46474027633667,1.6909270286560059,3.801712989807129,3,1
34,prey,0,0,0.7831721901893616,1.7126359939575195,0.632928192615509,0.153408944606781,True,-8.91513442993164,-9.050379753112793,2.2802138328552246,1.9926098585128784,12.496814727783203,2.0137217044830322,4.0,1.5348191261291504,0,2
34,prey,1,1,1.632707118988037,-6.341205596923828,-0.0209552850574255,0.46839267015457153,True,3.547539472579956,-6.4274444580078125,1.3479315042495728,-2.9110307693481445,5.542664527893066,-1.7548483610153198,2.5268774032592773,1.2659698724746704,1,3
34,prey,2,2,-3.1733124256134033,3.0498385429382324,0.5708134174346924,-0.29339778423309326,True,-6.079708576202393,-3.7374720573425293,1.599607229232788,-1.0410507917404175,8.219382286071777,-6.357845783233643,1.6909270286560059,1.885827660560608,1,3
34,prey,3,3,-2.3307037353515625,6.427048683166504,-0.16154205799102783,-0.13696718215942383,True,6.717180252075195,-8.187296867370605,-0.901275098323822,2.7374184131622314,-4.5795207023620605,-3.5678064823150635,3.027397394180298,2.568418264389038,1,2
34,prey,4,4,-4.6473283767700195,-1.825714349746704,0.6928704380989075,-0.06814680993556976,True,-7.537939071655273,5.424424648284912,2.9697494506835938,1.8615026473999023,-4.535199165344238,-6.280020236968994,4.0,3.611783266067505,0,1
34,prey,5,5,-7.967189788818359,-4.452661514282227,0.3982495665550232,-0.21042746305465698,True,5.892993927001953,12.393865585327148,3.4289846420288086,-4.502492904663086,-2.975206136703491,-2.3854165077209473,1.9905563592910767,4.0,1,0
34,prey,6,6,4.005518913269043,5.8212504386901855,0.02459297887980938,-0.4762797951698303,True,0.3497302532196045,6.070409297943115,-0.8642935752868652,0.8708674311637878,6.012279033660889,-2.0767483711242676,4.0,2.4815759658813477,0,1
34,prey,7,7,0.13387605547904968,7.149971961975098,-0.40057849884033203,0.6794109344482422,True,5.445364952087402,1.393798828125,1.6364237070083618,1.6517906188964844,-9.598806381225586,5.698862075805664,4.0,2.568418264389038,0,1
34,prey,8,8,1.110670566558838,-9.290899276733398,-0.26117339730262756,-0.1229727640748024,True,3.166719675064087,1.467968463897705,1.7355443239212036,-2.96635365486145,4.786938667297363,-2.19893479347229,4.0,1.5626380443572998,0,3
34,prey,9,9,-0.34904471039772034,2.748857259750366,-0.009723332710564137,-0.044192858040332794,True,2.993403673171997,10.842536926269531,0.6015760898590088,-0.36469757556915283,2.682342529296875,1.6871081590652466,4.0,1.5348191261291504,0,3
34,prey,10,10,-9.144217491149902,1.4565964937210083,-0.12419618666172028,0.1898483783006668,True,12.388800621032715,-0.9985953569412231,5.309591770172119,0.7848026156425476,8.910553932189941,0.0604175329208374,4.0,4.0,0,0
34,prey,11,11,1.1483674049377441,-7.510861396789551,0.2844286859035492,-0.7191506028175354,True,5.213523864746094,2.2733240127563477,0.6373026371002197,-1.5876039266586304,1.115685224533081,-4.4263739585876465,3.491187810897827,1.2659698724746704,1,3
34,prey,12,12,2.6731200218200684,-9.315177917480469,-0.15114007890224457,-0.7919106483459473,True,5.132209777832031,-7.2893290519714355,-0.4156970679759979,0.11135061830282211,-3.4677696228027344,-8.923969268798828,4.0,1.5626380443572998,0,3
34,prey,13,13,4.6631035804748535,8.214115142822266,0.3714584708213806,0.3377452790737152,True,0.8040838241577148,0.298984169960022,0.7043365240097046,3.1818125247955322,2.0750880241394043,-5.150888919830322,4.0,2.4815759658813477,0,1
34,prey,14,14,9.62445068359375,9.797301292419434,0.31939247250556946,0.024882443249225616,True,-0.6095967292785645,1.9502166509628296,-1.265832781791687,3.1591126918792725,8.661948204040527,1.8399449586868286,4.0,4.0,0,0
34,prey,15,15,-2.7092010974884033,1.2220128774642944,-0.06364177167415619,0.710637092590332,True,1.5600953102111816,-2.0395965576171875,0.9245086908340454,0.23011159896850586,-6.952056884765625,4.643631935119629,3.4371540546417236,1.885827660560608,1,4
35,predator,0,0,-9.636260032653809,-5.5318603515625,0.011657296679913998,0.6391773819923401,True,3.8927440643310547,7.602819919586182,0.0,0.0,-8.863534927368164,8.2777099609375,1.9888553619384766,4.0,1,0
35,predator,1,1,-7.7903733253479,5.933331489562988,-0.03956059366464615,0.08385390043258667,True,-7.411995887756348,-2.232409954071045,5.501943111419678,-5.867006301879883,-0.6708198189735413,-4.421774387359619,4.0,3.800560712814331,0,1
35,predator,2,2,0.5037403106689453,-4.081053733825684,-0.32842883467674255,-0.22364312410354614,True,1.3133022785186768,-4.528837203979492,0.0,0.0,2.635451078414917,-1.505421757698059,2.523451089859009,4.0,2,0
35,predator,3,3,-4.401645660400391,4.212637424468994,-0.4152446687221527,-0.35140037536621094,True,-5.985640525817871,-1.7395830154418945,5.53020715713501,-0.5287035703659058,-20.389049530029297,-3.0655689239501953,1.6968679428100586,3.800560712814331,3,1
35,prey,0,0,0.7886363863945007,1.7141788005828857,0.655707061290741,0.18513143062591553,True,3.6948063373565674,-2.1509814262390137,0.4925895035266876,1.3952577114105225,2.723421096801758,-0.2280704379081726,4.0,1.5376722812652588,0,2
35,prey,1,1,1.632908821105957,-6.337773323059082,0.024193692952394485,0.4118649661540985,True,-11.392576217651367,-7.58081579208374,4.504150867462158,-1.1826788187026978,1.5390729904174805,-0.9376362562179565,2.523451089859009,1.2739861011505127,1,3
35,prey,2,2,-3.168356418609619,3.0471510887145996,0.5947214961051941,-0.3224945664405823,True,-0.511634349822998,-2.4073760509490967,1.8073958158493042,-0.37358686327934265,-1.741972804069519,0.06707620620727539,1.6968679428100586,1.8758909702301025,1,3
35,prey,3,3,-2.3322834968566895,6.425666332244873,-0.1895744949579239,-0.16589193046092987,True,7.534228801727295,-9.602581977844238,-0.5488806962966919,0.5397543907165527,-7.532107830047607,-6.879718780517578,3.029811382293701,2.568556308746338,1,2
35,prey,4,4,-4.641953945159912,-1.82655930519104,0.6448970437049866,-0.101394884288311,True,3.900938034057617,-2.358391046524048,1.306741714477539,1.2350597381591797,-1.798050880432129,-5.647168159484863,4.0,3.614339828491211,0,1
35,prey,5,5,-7.964325428009033,-4.4547438621521,0.3437288999557495,-0.24984803795814514,True,2.5136561393737793,-0.7587360143661499,2.4254307746887207,2.2129147052764893,2.6463592052459717,-9.188393592834473,1.9888553619384766,4.0,1,0
35,prey,6,6,4.006006717681885,5.817081928253174,0.058491241186857224,-0.5002302527427673,True,-2.0190043449401855,8.783148765563965,1.0725501775741577,-0.45869001746177673,2.7601158618927,-4.384446620941162,4.0,2.4886608123779297,0,1
35,prey,7,7,0.13030657172203064,7.155825138092041,-0.42833682894706726,0.7023677825927734,True,-3.478419303894043,-0.8268232345581055,-0.3671928346157074,-0.8289735913276672,-5.662928581237793,3.4831724166870117,4.0,2.568556308746338,0,1
35,prey,8,8,1.1088533401489258,-9.292170524597168,-0.2180737555027008,-0.15262530744075775,True,0.660190761089325,-0.03171706199645996,4.631091117858887,-3.8144829273223877,3.891253709793091,4.370429039001465,4.0,1.5630238056182861,0,3
35,prey,9,9,-0.34889790415763855,2.748805284500122,0.01761649176478386,-0.006263327784836292,True,9.992167472839355,5.340523719787598,-0.9570408463478088,-1.2283909320831299,-5.900289058685303,1.9928432703018188,4.0,1.5376722812652588,0,3
35,prey,10,10,-9.144842147827148,1.4581302404403687,-0.07497680932283401,0.18405617773532867,True,11.77769660949707,-1.6174074411392212,-1.5411394834518433,3.010305404663086,-2.2226221561431885,0.6454641819000244,4.0,4.0,0,0
35,prey,11,11,1.1510722637176514,-7.517126560211182,0.32458585500717163,-0.7518324851989746,True,-1.5207754373550415,-12.273672103881836,3.9488229751586914,-4.082934856414795,5.472353458404541,-1.633981704711914,3.4965176582336426,1.2739861011505127,1,3
35,prey,12,12,2.671593427658081,-9.321952819824219,-0.18320588767528534,-0.8129751086235046,True,1.7959609031677246,-0.7621399164199829,3.9759275913238525,-0.8953840136528015,8.28706169128418,-5.800835132598877,4.0,1.5630238056182861,0,3
35,prey,13,13,4.666503429412842,8.216493606567383,0.4079360365867615,0.28544479608535767,True,3.1934237480163574,1.442132830619812,2.9792163372039795,2.413933038711548,-0.2561889886856079,4.827936172485352,4.0,2.4886608123779297,0,1
35,prey,14,14,9.627321243286133,9.7977876663208,0.3445756435394287,0.0583796389400959,True,3.834686756134033,-1.4747151136398315,0.5769070386886597,3.184696674346924,6.078770637512207,-9.04538345336914,4.0,4.0,0,0
35,prey,15,15,-2.710010290145874,1.228116750717163,-0.09711313992738724,0.7324592471122742,True,2.6679694652557373,-5.846281051635742,0.7159952521324158,-0.6161404252052307,-3.1997170448303223,2.6722536087036133,3.4305968284606934,1.8758909702301025,1,4
36,predator,0,0,-9.636473655700684,-5.526325702667236,-0.025606311857700348,0.6641414165496826,True,0.9241081476211548,11.749391555786133,0.0,0.0,-6.449392795562744,5.328172206878662,1.987391710281372,4.0,1,0
36,predator,1,1,-7.790794372558594,5.933769702911377,-0.05048843100667,0.052575793117284775,True,1.909722924232483,5.306710720062256,-5.985640525817871,-1.7395830154418945,-1.6720097064971924,-10.878362655639648,4.0,3.799323558807373,0,1
36,predator,2,2,0.5012803077697754,-4.083071708679199,-0.2951960861682892,-0.24215611815452576,True,7.541370868682861,0.5757433176040649,0.0,0.0,-2.5331993103027344,5.210238456726074,2.5203323364257812,4.0,2,0
36,predator,3,3,-4.405240535736084,4.209564208984375,-0.43135979771614075,-0.3688271641731262,True,-4.720936298370361,-1.5833020210266113,-7.411995887756348,-2.232409954071045,-5.214371681213379,-1.8185663223266602,1.7024985551834106,3.799323558807373,3,1
36,prey,0,0,0.7942880392074585,1.7156273126602173,0.6781943440437317,0.1738215833902359,True,-5.646655559539795,-0.454850435256958,2.583749294281006,-0.9882544279098511,0.7605999708175659,-1.3986692428588867,4.0,1.5410897731781006,0,2
36,prey,1,1,1.633475661277771,-6.334784030914307,0.06802836805582047,0.3587467670440674,True,-9.517522811889648,1.6305441856384277,0.3117920756340027,-4.3558430671691895,1.0994062423706055,3.516254186630249,2.5203323364257812,1.2818834781646729,1,3
36,prey,2,2,-3.163785696029663,3.0445358753204346,0.5484714508056641,-0.3138332664966583,True,4.890326023101807,1.1642106771469116,5.155625820159912,-2.43742036819458,-1.3110460042953491,-4.8000168800354,1.7024985551834106,1.8658827543258667,1,3
36,prey,3,3,-2.3340959548950195,6.424045085906982,-0.21749311685562134,-0.1945757418870926,True,2.7400736808776855,-3.5704586505889893,1.9341868162155151,0.6191920042037964,-6.841944694519043,1.6906096935272217,3.0320892333984375,2.5688436031341553,1,2
36,prey,4,4,-4.6370625495910645,-1.8277612924575806,0.5870161056518555,-0.14424505829811096,True,4.31547212600708,1.7464563846588135,5.022443771362305,-1.240043044090271,4.764561653137207,-0.3550616502761841,4.0,3.6174843311309814,0,1
36,prey,5,5,-7.961240768432617,-4.457064151763916,0.37015441060066223,-0.2784510850906372,True,-0.49703627824783325,2.3438215255737305,7.839317321777344,-1.9878993034362793,-6.560264587402344,0.39081084728240967,1.987391710281372,4.0,1,0
36,prey,6,6,4.006857395172119,5.81262731552124,0.10208997130393982,-0.5345677733421326,True,5.482024192810059,-5.642603397369385,4.128482341766357,-1.2120742797851562,1.6595011949539185,-3.7454090118408203,4.0,2.496189832687378,0,1
36,prey,7,7,0.12650878727436066,7.161867618560791,-0.4557339549064636,0.7251120805740356,True,2.2922701835632324,-3.8284904956817627,3.5074222087860107,-0.6344878077507019,-1.421952486038208,7.511202335357666,4.0,2.5688436031341553,0,1
36,prey,8,8,1.1073945760726929,-9.293107986450195,-0.1750446856021881,-0.11240340769290924,True,1.3072609901428223,-1.7408783435821533,-3.7057971954345703,-6.872209548950195,-4.897014617919922,7.595775604248047,4.0,1.5634855031967163,0,3
36,prey,9,9,-0.3490079939365387,2.7489867210388184,-0.013212168589234352,0.02177792228758335,True,3.678382396697998,6.12351655960083,1.8727885484695435,-1.6208940744400024,0.9396605491638184,1.1456440687179565,4.0,1.5410897731781006,0,3
36,prey,10,10,-9.1458101272583,1.4598418474197388,-0.11607972532510757,0.20538853108882904,True,-7.003524303436279,1.637689471244812,2.1427323818206787,-2.842696189880371,-5.791018009185791,-10.232320785522461,4.0,4.0,0,0
36,prey,11,11,1.1541070938110352,-7.523662090301514,0.3641817569732666,-0.7842210531234741,True,10.472064971923828,-3.0631163120269775,-2.9788081645965576,-2.791557550430298,-4.114459037780762,-8.985211372375488,3.5019772052764893,1.2818834781646729,1,3
36,prey,12,12,2.670468330383301,-9.328988075256348,-0.13501602411270142,-0.8441932797431946,True,3.9598159790039062,-0.0487896203994751,-4.084387302398682,-6.628734588623047,1.6781789064407349,-2.547952651977539,4.0,1.5634855031967163,0,3
36,prey,13,13,4.669732093811035,8.219193458557129,0.3874604403972626,0.32391875982284546,True,-4.676327228546143,-5.531695365905762,3.172731876373291,0.4439104199409485,3.544497489929199,-1.082383632659912,4.0,2.496189832687378,0,1
36,prey,14,14,9.630400657653809,9.797975540161133,0.3694780468940735,0.022552961483597755,True,4.603673934936523,2.024902820587158,0.5872097015380859,5.112640857696533,3.3824169635772705,2.3122146129608154,4.0,4.0,0,0
36,prey,15,15,-2.7110939025878906,1.2344008684158325,-0.13002070784568787,0.7540960311889648,True,4.169690132141113,-0.2950674593448639,4.70139741897583,-1.946148157119751,0.05428671836853027,0.9022324085235596,3.423701286315918,1.8658827543258667,1,4
37,predator,0,0,-9.636991500854492,-5.520585060119629,-0.06219296529889107,0.6888934373855591,True,4.259236812591553,5.592063903808594,0.0,0.0,1.3044402599334717,2.948117733001709,1.985838770866394,4.0,1,0
37,predator,1,1,-7.791357517242432,5.933974266052246,-0.06757888197898865,0.024549730122089386,True,-13.642192840576172,-0.6768685579299927,-4.720936298370361,-1.5833020210266113,2.9378559589385986,-4.89727258682251,4.0,3.7980587482452393,0,1
37,predator,2,2,0.49858006834983826,-4.0847296714782715,-0.32403045892715454,-0.1989840865135193,True,-2.3988499641418457,-2.159207820892334,0.0,0.0,2.7938716411590576,-5.265629768371582,2.5175883769989014,4.0,2,0
37,predator,3,3,-4.408968448638916,4.2063469886779785,-0.44735342264175415,-0.3860771059989929,True,-4.370748996734619,0.19427746534347534,1.909722924232483,5.306710720062256,-13.946084022521973,-8.255231857299805,1.7080274820327759,3.7980587482452393,3,1
37,prey,0,0,0.8001209497451782,1.7166743278503418,0.6999499797821045,0.12564507126808167,True,-0.8883772492408752,1.1395692825317383,3.938319683074951,-0.6146338582038879,3.9329819679260254,3.3143298625946045,4.0,1.5448890924453735,0,2
37,prey,1,1,1.634313702583313,-6.33158540725708,0.10056916624307632,0.38379836082458496,True,-3.7964677810668945,-14.412407875061035,5.24638032913208,-1.6175947189331055,-5.560344696044922,2.9929099082946777,2.5175883769989014,1.2903931140899658,1,3
37,prey,2,2,-3.1596808433532715,3.0415987968444824,0.4925924241542816,-0.35244134068489075,True,2.2278966903686523,-7.881620407104492,0.6493868827819824,0.194113627076149,2.357431411743164,-0.7482715845108032,1.7080274820327759,1.8555434942245483,1,3
37,prey,3,3,-2.336132764816284,6.422760486602783,-0.24440783262252808,-0.15416689217090607,True,8.44635009765625,-2.129777669906616,1.4556729793548584,-1.2092828750610352,5.102236270904541,2.5893406867980957,3.034656047821045,2.5691113471984863,1,2
37,prey,4,4,-4.631977558135986,-1.8290423154830933,0.6101642847061157,-0.1537114530801773,True,-2.6034765243530273,-11.413747787475586,-0.0681362971663475,1.7532200813293457,-6.050202369689941,5.6906352043151855,4.0,3.6207611560821533,0,1
37,prey,5,5,-7.958607196807861,-4.459179401397705,0.31602463126182556,-0.2538508474826813,True,-7.786819934844971,-3.667780876159668,-1.3440260887145996,1.692072868347168,2.7634780406951904,-7.687396049499512,1.985838770866394,4.0,1,0
37,prey,6,6,4.0080647468566895,5.807888031005859,0.1449131965637207,-0.5687078237533569,True,-0.10068672895431519,10.186063766479492,0.4985695779323578,-0.8728458881378174,2.6191282272338867,-7.620070934295654,4.0,2.5035605430603027,0,1
37,prey,7,7,0.1224856749176979,7.168097972869873,-0.4827742874622345,0.7476354241371155,True,4.155576705932617,-4.321497917175293,1.519644856452942,-1.1724212169647217,-5.997714996337891,3.4189019203186035,4.0,2.5691113471984863,0,1
37,prey,8,8,1.105629324913025,-9.293641090393066,-0.2118363380432129,-0.06397367268800735,True,1.2900124788284302,-3.01763916015625,1.6381193399429321,-0.4937872588634491,-0.867698073387146,4.933851718902588,4.0,1.5646005868911743,0,3
37,prey,9,9,-0.34886595606803894,2.749394655227661,0.01704496145248413,0.04896365478634834,True,8.530674934387207,4.824594020843506,1.6958591938018799,-2.0515623092651367,-0.3741074800491333,0.6835455894470215,4.0,1.5448890924453735,0,3
37,prey,10,10,-9.147018432617188,1.4612020254135132,-0.14505159854888916,0.16322067379951477,True,3.356668710708618,-12.857845306396484,3.2196130752563477,1.2398552894592285,2.7315139770507812,6.490786552429199,4.0,4.0,0,0
37,prey,11,11,1.1568013429641724,-7.530375003814697,0.32330650091171265,-0.8055405020713806,True,1.7730317115783691,4.7492194175720215,-1.4168154001235962,-0.053041260689496994,1.3120806217193604,-3.3250913619995117,3.5079519748687744,1.2903931140899658,1,3
37,prey,12,12,2.6696512699127197,-9.33619213104248,-0.09805179387331009,-0.8645463585853577,True,2.404892683029175,-8.783417701721191,0.7539342045783997,-1.0578168630599976,0.5081079602241516,2.789843797683716,4.0,1.5646005868911743,0,3
37,prey,13,13,4.673262596130371,8.22145938873291,0.4236513674259186,0.2719709873199463,True,-4.237662315368652,1.2622216939926147,3.7592849731445312,-0.978626549243927,1.186613917350769,-0.8373923897743225,4.0,2.5035605430603027,0,1
37,prey,14,14,9.633686065673828,9.798444747924805,0.39427611231803894,0.05626887455582619,True,-15.152868270874023,-7.708733081817627,0.402848482131958,-5.587149620056152,6.420498371124268,0.8976905345916748,4.0,4.0,0,0
37,prey,15,15,-2.7121427059173584,1.2408347129821777,-0.12584932148456573,0.7720592021942139,True,3.7789618968963623,-4.936585903167725,0.7523349523544312,0.40258195996284485,1.745779275894165,8.052532196044922,3.4166476726531982,1.8555434942245483,1,4
38,predator,0,0,-9.637191772460938,-5.5146403312683105,-0.02397937700152397,0.7133689522743225,True,2.207744598388672,8.379343032836914,0.0,0.0,-1.2674024105072021,0.13387596607208252,1.9840354919433594,4.0,1,0
38,predator,1,1,-7.791543006896973,5.933892726898193,-0.022291235625743866,-0.009777002036571503,True,2.85905122756958,3.716175079345703,-4.370748996734619,0.19427746534347534,-3.1833295822143555,-2.5367329120635986,4.0,3.7962806224823,0,1
38,predator,2,2,0.4962603449821472,-4.0866475105285645,-0.2783660888671875,-0.23013067245483398,True,-3.997832775115967,0.3867946267127991,0.0,0.0,-3.5735392570495605,-7.200624942779541,2.514130115509033,4.0,2,0
38,predator,3,3,-4.41282844543457,4.202987194061279,-0.4632212817668915,-0.4031510651111603,True,-4.3727006912231445,-6.040003299713135,-13.642192840576172,-0.6768685579299927,-9.57425594329834,-4.2683210372924805,1.7138357162475586,3.7962806224823,3,1
38,prey,0,0,0.8061373829841614,1.7179909944534302,0.7219746112823486,0.15800075232982635,True,-2.121128559112549,-7.8567891120910645,3.4907567501068115,-2.238938808441162,4.730884552001953,-2.5933544635772705,4.0,1.5488284826278687,0,2
38,prey,1,1,1.6348447799682617,-6.328181743621826,0.06372373551130295,0.4084874093532562,True,-9.629295349121094,-7.101322650909424,1.8226455450057983,-2.3506124019622803,2.4139561653137207,5.460660457611084,2.514130115509033,1.299128532409668,1,3
38,prey,2,2,-3.155366897583008,3.0385029315948486,0.5176546573638916,-0.3715072274208069,True,6.401487350463867,1.9374867677688599,3.539482355117798,-4.242184638977051,3.7448692321777344,-2.540769577026367,1.7138357162475586,1.8449066877365112,1,3
38,prey,3,3,-2.3378076553344727,6.421807765960693,-0.20098847150802612,-0.11429782211780548,True,-2.410154342651367,-4.341982841491699,1.9237691164016724,0.038963522762060165,0.25405776500701904,-1.192560076713562,3.0379066467285156,2.5687429904937744,1,2
38,prey,4,4,-4.627373695373535,-1.8299225568771362,0.5524933338165283,-0.1056319922208786,True,2.705422878265381,-6.593526363372803,1.5365009307861328,-3.896611213684082,0.8003885746002197,4.3006720542907715,4.0,3.6242871284484863,0,1
38,prey,5,5,-7.955662250518799,-4.461618423461914,0.3533768057823181,-0.29265138506889343,True,-3.688788890838623,0.29995453357696533,0.3765960931777954,-12.135796546936035,-6.635045051574707,-5.43367338180542,1.9840354919433594,4.0,1,0
38,prey,6,6,4.0095367431640625,5.802953720092773,0.17661724984645844,-0.5921147465705872,True,10.640564918518066,15.976383209228516,0.14228232204914093,-1.1556040048599243,7.488272666931152,-9.229488372802734,4.0,2.5107791423797607,0,1
38,prey,7,7,0.11815284192562103,7.174602031707764,-0.5199401378631592,0.7804440855979919,True,1.561362862586975,-4.608838081359863,2.5367369651794434,0.3520664572715759,-10.21483325958252,8.626943588256836,4.0,2.5687429904937744,0,1
38,prey,8,8,1.103611946105957,-9.293787002563477,-0.2420850396156311,-0.017556622624397278,True,8.137932777404785,-4.35050106048584,0.1271522045135498,-6.148868560791016,4.632632732391357,-1.9729936122894287,4.0,1.566156029701233,0,3
38,prey,9,9,-0.348837286233902,2.749932289123535,0.0034413051325827837,0.06451006233692169,True,13.094135284423828,10.620471000671387,1.3473228216171265,-2.2619218826293945,3.7733469009399414,-2.610903739929199,4.0,1.5488284826278687,0,3
38,prey,10,10,-9.147812843322754,1.4628729820251465,-0.09530531615018845,0.20050853490829468,True,-11.348846435546875,-5.591728210449219,-1.0958592891693115,-6.974934101104736,5.234351634979248,-8.84194278717041,4.0,4.0,0,0
38,prey,11,11,1.159826636314392,-7.537352085113525,0.36303699016571045,-0.8372715711593628,True,-3.2929916381835938,-5.8077921867370605,-0.03385424613952637,-8.737820625305176,-2.570406436920166,-4.7397050857543945,3.5139267444610596,1.299128532409668,1,3
38,prey,12,12,2.6689951419830322,-9.342981338500977,-0.0787172019481659,-0.8146729469299316,True,4.2124505043029785,-1.4328652620315552,-0.24447457492351532,-4.22694206237793,-3.0887792110443115,-6.309177398681641,4.0,1.566156029701233,0,3
38,prey,13,13,4.677089214324951,8.223363876342773,0.4591786861419678,0.22852325439453125,True,-1.6843407154083252,-1.1474989652633667,1.175809383392334,0.17012986540794373,-1.8686200380325317,10.324803352355957,4.0,2.5107791423797607,0,1
38,prey,14,14,9.637177467346191,9.799159049987793,0.41897034645080566,0.0857212170958519,True,-0.6711586713790894,7.2806806564331055,-2.1691744327545166,5.724142551422119,1.3651760816574097,5.827089309692383,4.0,4.0,0,0
38,prey,15,15,-2.7128844261169434,1.2474446296691895,-0.08900339901447296,0.7932020425796509,True,-0.3509789705276489,-3.2199318408966064,3.317901611328125,-4.662903785705566,-3.2387263774871826,1.1292757987976074,3.4095513820648193,1.8449066877365112,1,4
39,predator,0,0,-9.637594223022461,-5.508778095245361,-0.048248421400785446,0.7034644484519958,True,2.0733094215393066,3.910592555999756,0.0,0.0,6.903841495513916,2.7840845584869385,1.9819443225860596,4.0,1,0
39,predator,1,1,-7.791987419128418,5.933541297912598,-0.05328475683927536,-0.04216210916638374,True,-1.0045175552368164,-2.3779258728027344,-4.3727006912231445,-6.040003299713135,-6.291393280029297,-1.7854335308074951,4.0,3.7945621013641357,0,1
39,predator,2,2,0.4936932623386383,-4.088822841644287,-0.3080504238605499,-0.2610403597354889,True,-5.264258861541748,0.7031270861625671,0.0,0.0,-6.5563483238220215,-0.8733071088790894,2.510467290878296,4.0,2,0
39,predator,3,3,-4.416820049285889,4.19948673248291,-0.4789596498012543,-0.4200495779514313,True,3.6371307373046875,5.435112476348877,2.85905122756958,3.716175079345703,0.10815072059631348,-0.05929058790206909,1.7200969457626343,3.7945621013641357,3,1
39,prey,0,0,0.812421977519989,1.7189091444015503,0.7541528940200806,0.11017299443483353,True,-0.8613864779472351,-9.47553825378418,4.520263195037842,1.3957231044769287,3.7158126831054688,1.3918228149414062,4.0,1.5528461933135986,0,2
39,prey,1,1,1.6357358694076538,-6.324484825134277,0.10693271458148956,0.4436345100402832,True,-1.2259678840637207,-3.3103480339050293,3.0191307067871094,-3.8637192249298096,4.440532207489014,2.1101181507110596,2.510467290878296,1.308692455291748,1,3
39,prey,2,2,-3.1507582664489746,3.0350894927978516,0.5530530214309692,-0.4096086025238037,True,5.241168975830078,-2.6172773838043213,0.1614018976688385,-3.084618091583252,2.795154094696045,-2.3897719383239746,1.7200969457626343,1.8335533142089844,1,3
39,prey,3,3,-2.339345932006836,6.420610427856445,-0.1846144050359726,-0.14369042217731476,True,-2.8769779205322266,1.2399816513061523,3.934443235397339,1.6716119050979614,0.7153000831604004,0.8517814874649048,3.041264533996582,2.5681867599487305,1,2
39,prey,4,4,-4.622633457183838,-1.8304972648620605,0.5687951445579529,-0.06896085292100906,True,-0.7519623041152954,1.3794132471084595,0.33097997307777405,-0.6350895762443542,7.008566856384277,8.13718318939209,4.0,3.6275341510772705,0,1
39,prey,5,5,-7.953160285949707,-4.464371204376221,0.3002290427684784,-0.33032163977622986,True,5.83974552154541,-0.7306827306747437,-4.321711540222168,-6.09262752532959,-2.2484655380249023,-1.2621920108795166,1.9819443225860596,4.0,1,0
39,prey,6,6,4.011355400085449,5.7977375984191895,0.21823379397392273,-0.625905454158783,True,3.682828903198242,9.593955039978027,1.294785976409912,-0.008992831222712994,1.442124366760254,-7.8364739418029785,4.0,2.5183730125427246,0,1
39,prey,7,7,0.11360165476799011,7.181288242340088,-0.5461425185203552,0.8023844957351685,True,1.7573637962341309,1.8559212684631348,3.367083787918091,1.7097339630126953,-9.315801620483398,5.42382287979126,4.0,2.5681867599487305,0,1
39,prey,8,8,1.1020489931106567,-9.294290542602539,-0.18755123019218445,-0.060457829385995865,True,1.3842332363128662,7.556896209716797,-2.9032790660858154,-4.780660152435303,-0.2237132042646408,2.1034882068634033,4.0,1.5670011043548584,0,3
39,prey,9,9,-0.3485713005065918,2.7501344680786133,0.031918805092573166,0.024274883791804314,True,-0.09286960959434509,10.326327323913574,1.8427793979644775,-1.2318371534347534,6.3798322677612305,-1.9033936262130737,4.0,1.5528461933135986,0,3
39,prey,10,10,-9.148202896118164,1.4640913009643555,-0.046826694160699844,0.1462019830942154,True,-10.340102195739746,-3.367947578430176,1.266785740852356,-1.8940043449401855,-2.136298894882202,-7.192074298858643,4.0,4.0,0,0
39,prey,11,11,1.1624256372451782,-7.544588565826416,0.31187960505485535,-0.8684042096138,True,6.908448219299316,-0.01871591806411743,0.9070293307304382,-4.294896602630615,-2.2129573822021484,-6.583786964416504,3.5198750495910645,1.308692455291748,1,3
39,prey,12,12,2.6680614948272705,-9.349943161010742,-0.11203469336032867,-0.8353970050811768,True,1.1314852237701416,-0.49365127086639404,-1.5947847366333008,-5.7532057762146,-5.032566070556641,-3.1611850261688232,4.0,1.5670011043548584,0,3
39,prey,13,13,4.680455207824707,8.225598335266113,0.4039734899997711,0.2680635452270508,True,2.966829776763916,1.541704535484314,4.442950248718262,4.985342979431152,2.1373047828674316,0.7080640196800232,4.0,2.5183730125427246,0,1
39,prey,14,14,9.640873908996582,9.800143241882324,0.4435787796974182,0.11810756474733353,True,1.9947612285614014,4.443079471588135,4.47811222076416,7.41444206237793,5.938244342803955,0.8531820774078369,4.0,4.0,0,0
39,prey,15,15,-2.713988780975342,1.254317045211792,-0.13253964483737946,0.8246875405311584,True,-2.1592280864715576,6.116633892059326,1.1260398626327515,-2.347843885421753,6.856784820556641,-1.1479741334915161,3.402008056640625,1.8335533142089844,1,4
40,predator,0,0,-9.637782096862793,-5.502817153930664,-0.022646401077508926,0.7152953743934631,True,3.4232006072998047,5.3529462814331055,0.0,0.0,3.276397466659546,4.103328704833984,1.9792474508285522,4.0,1,0
40,predator,1,1,-7.792585849761963,5.933027267456055,-0.07184421271085739,-0.06165110319852829,True,-3.261277437210083,7.397843837738037,3.6371307373046875,5.435112476348877,-10.47648811340332,5.828225135803223,4.0,3.7929747104644775,0,1
40,predator,2,2,0.4908805787563324,-4.091214179992676,-0.33752045035362244,-0.2869672179222107,True,7.669848918914795,7.663088321685791,0.0,0.0,-2.343749523162842,4.786750793457031,2.5066397190093994,4.0,2,0
40,predator,3,3,-4.420710563659668,4.196043014526367,-0.46686744689941406,-0.4132482707500458,True,1.7029037475585938,8.139413833618164,-1.0045175552368164,-2.3779258728027344,-5.646850109100342,-9.230963706970215,1.7267695665359497,3.7929747104644775,3,1
40,prey,0,0,0.8188851475715637,1.7200998067855835,0.7755770683288574,0.1428820639848709,True,-10.992966651916504,-2.072249174118042,0.6857605576515198,3.9849934577941895,4.169760704040527,-3.64292311668396,4.0,1.5564770698547363,0,2
40,prey,1,1,1.636980414390564,-6.320496082305908,0.1493486762046814,0.47863879799842834,True,-9.524055480957031,3.455230236053467,3.1413888931274414,2.3481762409210205,-9.081526756286621,3.421844959259033,2.5066397190093994,1.3190677165985107,1,3
40,prey,2,2,-3.1458568572998047,3.031362295150757,0.5881545543670654,-0.4472799301147461,True,3.6253905296325684,-2.862844228744507,-2.1893088817596436,1.1535415649414062,-0.501808762550354,1.4272271394729614,1.7267695665359497,1.822304368019104,1,3
40,prey,3,3,-2.3406124114990234,6.419707298278809,-0.15197400748729706,-0.10839249938726425,True,3.8180665969848633,1.8766074180603027,1.5049582719802856,2.4773895740509033,-3.915447235107422,-0.1670781373977661,3.044912576675415,2.5671589374542236,1,2
40,prey,4,4,-4.617613792419434,-1.830686330795288,0.6023990511894226,-0.02270185761153698,True,2.7423830032348633,0.398500919342041,-0.395445317029953,0.04191923141479492,1.7880440950393677,5.4023919105529785,4.0,3.630138874053955,0,1
40,prey,5,5,-7.951005458831787,-4.467343807220459,0.25862017273902893,-0.35671141743659973,True,1.7822043895721436,0.827728271484375,-5.546032428741455,-0.9942671656608582,6.4735870361328125,6.100241184234619,1.9792474508285522,4.0,1,0
40,prey,6,6,4.013428688049316,5.792329788208008,0.24879415333271027,-0.6489368081092834,True,1.5126880407333374,4.015582084655762,0.48128679394721985,1.6552461385726929,2.947662115097046,-5.032817840576172,4.0,2.526372194290161,0,1
40,prey,7,7,0.10883501172065735,7.188155651092529,-0.5719969272613525,0.824080228805542,True,3.837538242340088,2.6974713802337646,0.8429093956947327,2.3893983364105225,-3.9993064403533936,3.4163565635681152,4.0,2.5671589374542236,0,1
40,prey,8,8,1.1004961729049683,-9.2944917678833,-0.18633821606636047,-0.024107331410050392,True,6.938732624053955,-3.691908836364746,2.271322011947632,-1.2742384672164917,5.096194267272949,2.3325111865997314,4.0,1.5676084756851196,0,3
40,prey,9,9,-0.348082035779953,2.7500553131103516,0.05871080979704857,-0.009522456675767899,True,13.193757057189941,11.082630157470703,0.8748294711112976,1.2043492794036865,1.130918264389038,1.5533796548843384,4.0,1.5564770698547363,0,3
40,prey,10,10,-9.148842811584473,1.464957356452942,-0.076744943857193,0.10392384231090546,True,-3.223632335662842,-0.8118948936462402,2.042431116104126,1.0370217561721802,-0.7351635694503784,-3.09120512008667,4.0,4.0,0,0
40,prey,11,11,1.1646056175231934,-7.552081108093262,0.26159605383872986,-0.8990964889526367,True,9.2954740524292,-1.9065661430358887,0.4299168586730957,1.2509655952453613,-0.6374886631965637,-6.812705039978027,3.525834083557129,1.3190677165985107,1,3
40,prey,12,12,2.6668548583984375,-9.357075691223145,-0.1448112428188324,-0.8559210896492004,True,-1.977900743484497,-2.511046886444092,2.3555710315704346,1.4092774391174316,6.128108501434326,-11.099126815795898,4.0,1.5676084756851196,0,3
40,prey,13,13,4.684123516082764,8.228048324584961,0.44017618894577026,0.29407957196235657,True,2.8996105194091797,0.3380969762802124,0.8930212259292603,5.491852760314941,-5.33760929107666,0.5894150137901306,4.0,2.526372194290161,0,1
40,prey,14,14,9.644774436950684,9.801350593566895,0.4680728614330292,0.14483405649662018,True,0.09999525547027588,2.7390220165252686,3.324829339981079,5.567829608917236,5.188758850097656,4.238473415374756,4.0,4.0,0,0
40,prey,15,15,-2.714784860610962,1.2607775926589966,-0.09552616626024246,0.7752677798271179,True,4.768905162811279,-5.0697855949401855,-1.1321094036102295,-0.09415996074676514,7.9322309494018555,7.886035442352295,3.394991397857666,1.822304368019104,1,4
41,predator,0,0,-9.637659072875977,-5.496654510498047,0.014852057211101055,0.7395103573799133,True,1.3917670249938965,1.8751006126403809,0.0,0.0,0.6138341426849365,2.599950075149536,1.976605772972107,4.0,1,0
41,predator,1,1,-7.79342794418335,5.932843208312988,-0.10102937370538712,-0.02212083525955677,True,-6.498403549194336,8.192526817321777,1.7029037475585938,8.139413833618164,6.209658145904541,-0.2387290596961975,4.0,3.7917075157165527,0,1
41,predator,2,2,0.4879317283630371,-4.093343257904053,-0.3538629412651062,-0.2554568946361542,True,2.1539199352264404,-1.0351481437683105,0.0,0.0,7.830068111419678,-6.024651050567627,2.502685546875,4.0,2,0
41,predator,3,3,-4.424732208251953,4.192459583282471,-0.48260560631752014,-0.4300144910812378,True,-0.8125131130218506,11.623106002807617,-3.261277437210083,7.397843837738037,-13.600286483764648,-5.171391010284424,1.7329566478729248,3.7917075157165527,3,1
41,prey,0,0,0.8255242705345154,1.7209810018539429,0.7966921925544739,0.10574071854352951,True,-0.26696282625198364,-16.029407501220703,4.785532474517822,1.734023094177246,8.6832914352417,-5.373861312866211,4.0,1.560460090637207,0,2
41,prey,1,1,1.6378248929977417,-6.316219806671143,0.10133045166730881,0.5131242871284485,True,-5.223350524902344,-10.987959861755371,4.752102375030518,-2.703173875808716,-0.80353182554245,4.2125020027160645,2.502685546875,1.3299229145050049,1,3
41,prey,2,2,-3.1412370204925537,3.028080463409424,0.5543971657752991,-0.39380449056625366,True,-2.651845932006836,6.0486369132995605,2.020578622817993,1.1573257446289062,0.4178617000579834,1.3875699043273926,1.7329566478729248,1.811460018157959,1,3
41,prey,3,3,-2.3421061038970947,6.418795108795166,-0.1792452484369278,-0.10944384336471558,True,-5.501733303070068,6.703546524047852,2.692131757736206,1.1612716913223267,3.2302141189575195,4.332719802856445,3.0485901832580566,2.566230297088623,1,2
41,prey,4,4,-4.612316131591797,-1.8304976224899292,0.6357071995735168,0.0226577240973711,True,-5.44420051574707,5.30110502243042,1.5256098508834839,0.18226401507854462,7.225188255310059,-0.13329513370990753,4.0,3.632603645324707,0,1
41,prey,5,5,-7.948617458343506,-4.469956398010254,0.2865537405014038,-0.3135369122028351,True,9.094870567321777,0.947731614112854,-0.24062466621398926,-0.2066969871520996,3.633466958999634,2.792811393737793,1.976605772972107,4.0,1,0
41,prey,6,6,4.015752792358398,5.786731719970703,0.27890142798423767,-0.6718047261238098,True,-3.2306342124938965,0.6977324485778809,2.142666816711426,2.7769298553466797,-0.18192613124847412,-0.050678789615631104,4.0,2.5345277786254883,0,1
41,prey,7,7,0.10385580360889435,7.195201873779297,-0.5975050926208496,0.8455255627632141,True,-1.2790993452072144,-4.268006324768066,2.689350128173828,1.044005274772644,-3.91800856590271,10.222577095031738,4.0,2.566230297088623,0,1
41,prey,8,8,1.0993975400924683,-9.294322967529297,-0.13183556497097015,0.020269617438316345,True,-4.398162841796875,11.07292366027832,-0.735494077205658,-0.3207942545413971,-0.2483721822500229,-1.5730998516082764,4.0,1.5681254863739014,0,3
41,prey,9,9,-0.3472801446914673,2.750333070755005,0.09622785449028015,0.03334266319870949,True,6.120426654815674,3.811121940612793,1.526451826095581,-0.08482751250267029,4.635284900665283,-9.7160005569458,4.0,1.560460090637207,0,3
41,prey,10,10,-9.149637222290039,1.4654897451400757,-0.09532388299703598,0.06388404965400696,True,2.4813902378082275,-3.3700060844421387,3.2297205924987793,-1.6766002178192139,7.278968334197998,-4.6238179206848145,4.0,4.0,0,0
41,prey,11,11,1.166509985923767,-7.559826374053955,0.22852657735347748,-0.9294030070304871,True,3.996349334716797,2.098454475402832,-1.521074652671814,-0.9159085154533386,3.857733964920044,-4.2305707931518555,3.532275915145874,1.3299229145050049,1,3
41,prey,12,12,2.665957450866699,-9.36437702178955,-0.10768742114305496,-0.8761457204818726,True,-3.211324691772461,-2.256049633026123,2.2367169857025146,-0.7144148945808411,2.545865058898926,4.552225112915039,4.0,1.5681254863739014,0,3
41,prey,13,13,4.687336444854736,8.230664253234863,0.38553085923194885,0.31386253237724304,True,4.240893363952637,2.498971462249756,4.492408752441406,4.48226261138916,-5.086061954498291,-8.453606605529785,4.0,2.5345277786254883,0,1
41,prey,14,14,9.648879051208496,9.802818298339844,0.4924701750278473,0.1761808693408966,True,-3.8239729404449463,5.471032619476318,2.2061493396759033,2.176839590072632,4.104996681213379,-5.279609203338623,4.0,4.0,0,0
41,prey,15,15,-2.715278387069702,1.2674139738082886,-0.05921125411987305,0.7963619828224182,True,3.4268534183502197,-6.4917311668396,1.8572195768356323,1.4726030826568604,-3.3865573406219482,6.97002649307251,3.3879380226135254,1.811460018157959,1,4
42,predator,0,0,-9.637411117553711,-5.490396499633789,0.029766926541924477,0.7509809136390686,True,1.932059645652771,2.472522258758545,0.0,0.0,-3.2837612628936768,3.105773687362671,1.974220871925354,4.0,1,0
42,predator,1,1,-7.7938923835754395,5.932615280151367,-0.05572859197854996,-0.027368878945708275,True,-4.071038722991943,2.673940420150757,-0.8125131130218506,11.623106002807617,-6.712917327880859,5.057269096374512,4.0,3.7900381088256836,0,1
42,predator,2,2,0.48526066541671753,-4.095623016357422,-0.3205272853374481,-0.2736200988292694,True,4.663304805755615,-3.761359930038452,0.0,0.0,-7.622045993804932,-5.134708404541016,2.498086452484131,4.0,2,0
42,predator,3,3,-4.428884029388428,4.188737869262695,-0.49820762872695923,-0.44660794734954834,True,6.422751426696777,-5.48219633102417,-6.498403549194336,8.192526817321777,-1.4806432723999023,-3.3423893451690674,1.7389262914657593,3.7900381088256836,3,1
42,prey,0,0,0.8323372602462769,1.7215580940246582,0.8175580501556396,0.06925506889820099,True,-1.2100484371185303,-2.8688292503356934,-1.2228904962539673,1.6860580444335938,3.8544578552246094,2.203918695449829,4.0,1.5644285678863525,0,2
42,prey,1,1,1.6383514404296875,-6.311659336090088,0.06318885833024979,0.5472468733787537,True,0.6427590847015381,-6.4819746017456055,-1.2043794393539429,3.6384429931640625,2.4511375427246094,1.1642922163009644,2.498086452484131,1.3410154581069946,1,3
42,prey,2,2,-3.136549234390259,3.0252363681793213,0.5625410676002502,-0.3413078486919403,True,1.4862581491470337,-1.2620738744735718,-0.06618940830230713,-2.049053907394409,6.644184112548828,-5.1029953956604,1.7389262914657593,1.8006888628005981,1,3
42,prey,3,3,-2.3432400226593018,6.418210506439209,-0.13607510924339294,-0.07014649361371994,True,-3.0849006175994873,-0.7064937353134155,0.9085186123847961,-1.9618117809295654,-5.208537578582764,5.976868629455566,3.0529427528381348,2.564741849899292,1,2
42,prey,4,4,-4.606831073760986,-1.8303507566452026,0.6582013964653015,0.017618518322706223,True,-0.7041223645210266,4.216405868530273,3.0341222286224365,-2.5139424800872803,1.2477303743362427,-4.11780309677124,4.0,3.6350581645965576,0,1
42,prey,5,5,-7.946003437042236,-4.472217559814453,0.3136708736419678,-0.27132847905158997,True,0.42013120651245117,-4.981680870056152,-1.4814051389694214,0.9655494689941406,1.3478708267211914,7.297286510467529,1.974220871925354,4.0,1,0
42,prey,6,6,4.01798152923584,5.781221866607666,0.26746082305908203,-0.6611645221710205,True,9.059280395507812,-1.632568120956421,-0.08507474511861801,-0.30212339758872986,-5.838947296142578,3.60872745513916,4.0,2.5420823097229004,0,1
42,prey,7,7,0.09866689890623093,7.2024245262146,-0.6226683259010315,0.8667156100273132,True,-4.468910217285156,-4.175626754760742,0.30528518557548523,-0.39444711804389954,2.7469968795776367,10.490826606750488,4.0,2.564741849899292,0,1
42,prey,8,8,1.098276972770691,-9.294522285461426,-0.13446524739265442,-0.02389555796980858,True,4.098817825317383,2.1429405212402344,-1.4794420003890991,-3.7151851654052734,-5.410102844238281,-0.8537753224372864,4.0,1.5689653158187866,0,3
42,prey,9,9,-0.34625837206840515,2.750319004058838,0.12261190265417099,-0.0016979124629870057,True,7.145524978637695,-3.1273341178894043,-1.338341236114502,-0.6923940181732178,-2.2651734352111816,0.21558132767677307,4.0,1.5644285678863525,0,3
42,prey,10,10,-9.149984359741211,1.4656169414520264,-0.04170473664999008,0.015276205725967884,True,13.260695457458496,-2.8912758827209473,1.106419324874878,1.4514356851577759,3.378126621246338,1.5275895595550537,4.0,4.0,0,0
42,prey,11,11,1.1686725616455078,-7.567734241485596,0.2595057487487793,-0.9489396810531616,True,6.417900085449219,-0.1151292622089386,-4.277612686157227,-0.7236952781677246,4.404853343963623,-6.998810291290283,3.538729667663574,1.3410154581069946,1,3
42,prey,12,12,2.6653645038604736,-9.371261596679688,-0.07114065438508987,-0.8261284828186035,True,4.658414363861084,-10.387969970703125,-1.8750547170639038,0.7278060913085938,5.112456798553467,-8.550206184387207,4.0,1.5689653158187866,0,3
42,prey,13,13,4.690096378326416,8.232842445373535,0.33120808005332947,0.26134154200553894,True,-4.982410430908203,0.8235553503036499,-1.5430028438568115,2.4830856323242188,5.535454750061035,-0.9218291640281677,4.0,2.5420823097229004,0,1
42,prey,14,14,9.653182029724121,9.803967475891113,0.516446590423584,0.1379527449607849,True,-11.4526948928833,-2.6323118209838867,0.5051295757293701,1.5983519554138184,-0.4615054428577423,-4.9331955909729,4.0,4.0,0,0
42,prey,15,15,-2.7161388397216797,1.274312138557434,-0.10325590521097183,0.8277815580368042,True,-5.2805914878845215,-6.179305076599121,-0.9345750212669373,-0.2575725018978119,-2.030789852142334,9.436243057250977,3.3804399967193604,1.8006888628005981,1,4
43,predator,0,0,-9.637475967407227,-5.4839396476745605,-0.007866548374295235,0.7748245000839233,True,4.265390872955322,4.217435359954834,0.0,0.0,1.8285155296325684,6.059778213500977,1.9725221395492554,4.0,1,0
43,predator,1,1,-7.79449462890625,5.932598114013672,-0.0723080113530159,-0.002019244711846113,True,6.702881336212158,-4.420445919036865,6.422751426696777,-5.48219633102417,-3.396989583969116,3.6337099075317383,4.0,3.788543224334717,0,1
43,predator,2,2,0.48244863748550415,-4.098053455352783,-0.33744391798973083,-0.2916538715362549,True,-2.553098201751709,5.9766035079956055,0.0,0.0,4.140663146972656,-5.263819217681885,2.49338960647583,4.0,2,0
43,predator,3,3,-4.433164596557617,4.184879302978516,-0.5136705636978149,-0.46302860975265503,True,-0.23437204957008362,-4.67959451675415,-4.071038722991943,2.673940420150757,-2.6975226402282715,-6.62133264541626,1.7452332973480225,3.788543224334717,3,1
43,prey,0,0,0.839322566986084,1.722414255142212,0.8382434844970703,0.10273430496454239,True,-0.08035296201705933,-3.34787917137146,0.5932197570800781,-1.8381422758102417,12.336971282958984,-7.248470306396484,4.0,1.5686691999435425,0,2
43,prey,1,1,1.6391549110412598,-6.306904315948486,0.09641845524311066,0.5706499218940735,True,4.483281135559082,-14.001970291137695,5.058377742767334,-2.786719560623169,-14.370874404907227,7.8667426109313965,2.49338960647583,1.3524750471115112,1,3
43,prey,2,2,-3.131659746170044,3.0221564769744873,0.5867369174957275,-0.3695938289165497,True,-5.843366622924805,-8.847472190856934,0.8082350492477417,-2.2474942207336426,5.849052906036377,-6.540006637573242,1.7452332973480225,1.7894164323806763,1,3
43,prey,3,3,-2.3445935249328613,6.417933940887451,-0.16241151094436646,-0.03317323699593544,True,5.851621150970459,1.0748246908187866,0.24987180531024933,-2.6317403316497803,2.1738791465759277,-7.115537166595459,3.057558298110962,2.563805103302002,1,2
43,prey,4,4,-4.601160526275635,-1.8304948806762695,0.6804801225662231,-0.01729619689285755,True,5.891304016113281,-2.348302125930786,2.6369950771331787,-3.5517499446868896,5.170490264892578,1.7764716148376465,4.0,3.63769268989563,0,1
43,prey,5,5,-7.9430832862854,-4.474050045013428,0.3503987789154053,-0.21988515555858612,True,-2.054490327835083,-0.6131821870803833,6.278286457061768,0.6625649929046631,-1.5314592123031616,-0.8013761043548584,1.9725221395492554,4.0,1,0
43,prey,6,6,4.019879341125488,5.776106834411621,0.22770920395851135,-0.6137790679931641,True,9.045818328857422,8.668447494506836,-3.008906364440918,-2.114506721496582,6.17164945602417,-0.6409516930580139,4.0,2.5490944385528564,0,1
43,prey,7,7,0.09385152906179428,7.209819316864014,-0.5778444409370422,0.8873999118804932,True,1.8644517660140991,-5.179018497467041,0.44758743047714233,-2.1361498832702637,1.5785408020019531,7.50615930557251,4.0,2.563805103302002,0,1
43,prey,8,8,1.0969350337982178,-9.29494857788086,-0.16103778779506683,-0.0511879026889801,True,-0.19667398929595947,-5.865411758422852,3.906358003616333,-5.661691188812256,5.696320056915283,6.030804634094238,4.0,1.5703502893447876,0,3
43,prey,9,9,-0.34560102224349976,2.7503631114959717,0.07888213545084,0.00530652143061161,True,11.366836547851562,-2.9095120429992676,-1.1481807231903076,-1.4731169939041138,3.665860652923584,-11.220264434814453,4.0,1.5686691999435425,0,3
43,prey,10,10,-9.149955749511719,1.466054916381836,0.003442746587097645,0.052551936358213425,True,-6.447969436645508,2.7513442039489746,-1.0195810794830322,-2.051663398742676,-10.818163871765137,-6.834860801696777,4.0,4.0,0,0
43,prey,11,11,1.1710892915725708,-7.575802803039551,0.29001423716545105,-0.9682656526565552,True,6.025195598602295,-9.376483917236328,3.1333305835723877,-4.909001350402832,0.995195209980011,-10.357580184936523,3.545273780822754,1.3524750471115112,1,3
43,prey,12,12,2.6650707721710205,-9.378316879272461,-0.035258948802948,-0.8466649055480957,True,-9.984479904174805,-4.004391193389893,3.7198257446289062,-1.4847211837768555,-1.4794750213623047,-8.494184494018555,4.0,1.5703502893447876,0,3
43,prey,13,13,4.6930742263793945,8.234702110290527,0.3573123812675476,0.22319801151752472,True,-4.49100923538208,-1.9251574277877808,-0.5603401064872742,-2.454866886138916,3.3851370811462402,-3.1122286319732666,4.0,2.5490944385528564,0,1
43,prey,14,14,9.657257080078125,9.804804801940918,0.4889834225177765,0.10042622685432434,True,-5.454773902893066,1.450176477432251,2.0384349822998047,-0.4045063853263855,6.0901360511779785,-5.952640056610107,4.0,4.0,0,0
43,prey,15,15,-2.717273473739624,1.2813820838928223,-0.13617143034934998,0.8483834266662598,True,7.069490432739258,-1.3825585842132568,1.774928092956543,-1.5450325012207031,7.870649337768555,-0.5665414929389954,3.372622013092041,1.7894164323806763,1,4
44,predator,0,0,-9.63723087310791,-5.477286338806152,0.029391705989837646,0.7984263896942139,True,3.7051334381103516,4.974720478057861,0.0,0.0,0.7861061096191406,1.6973800659179688,1.9700901508331299,4.0,1,0
44,predator,1,1,-7.795236587524414,5.932774066925049,-0.08903053402900696,0.02110450156033039,True,-2.011870861053467,-3.8147225379943848,-0.23437204957008362,-4.67959451675415,4.339869022369385,-1.7795372009277344,4.0,3.7872183322906494,0,1
44,predator,2,2,0.480011910200119,-4.100731372833252,-0.2924087345600128,-0.3213500380516052,True,2.207091808319092,0.5127632021903992,0.0,0.0,-9.148279190063477,0.6147106885910034,2.4880034923553467,4.0,2,0
44,predator,3,3,-4.437572479248047,4.180885314941406,-0.5289917588233948,-0.47927629947662354,True,-1.0808244943618774,1.2706120014190674,6.702881336212158,-4.420445919036865,-3.2458348274230957,-1.8717975616455078,1.7518755197525024,3.7872183322906494,3,1
44,prey,0,0,0.8464779853820801,1.7229669094085693,0.858649492263794,0.06631426513195038,True,-2.609308958053589,-7.358136177062988,5.035164833068848,-1.5605131387710571,8.888373374938965,-2.573361396789551,4.0,1.5729031562805176,0,2
44,prey,1,1,1.6396546363830566,-6.3019561767578125,0.05996269732713699,0.5937623977661133,True,-11.954827308654785,-8.86765193939209,-1.3853193521499634,-6.415428638458252,-3.453437328338623,4.356055736541748,2.4880034923553467,1.3641035556793213,1,3
44,prey,2,2,-3.126570224761963,3.018843650817871,0.6107445359230042,-0.39752739667892456,True,2.416412353515625,0.1281663477420807,3.645054578781128,-1.620157241821289,-1.4192482233047485,4.63050651550293,1.7518755197525024,1.7782292366027832,1,3
44,prey,3,3,-2.3455047607421875,6.417317867279053,-0.10935095697641373,-0.07393384724855423,True,-5.195183277130127,0.9100728631019592,2.7045528888702393,-2.13187837600708,-8.382763862609863,6.7607808113098145,3.0624136924743652,2.562983512878418,1,2
44,prey,4,4,-4.595305919647217,-1.830348014831543,0.7025431990623474,0.017619263380765915,True,5.679131507873535,-0.31780755519866943,0.6683580279350281,-2.391543388366699,5.020652770996094,3.169982671737671,4.0,3.639920473098755,0,1
44,prey,5,5,-7.940526008605957,-4.476063251495361,0.3069101572036743,-0.24158068001270294,True,7.636232852935791,2.838097095489502,-0.2783327102661133,0.20152103900909424,-6.179265975952148,-2.830524444580078,1.9700901508331299,4.0,1,0
44,prey,6,6,4.022029399871826,5.770903587341309,0.25801658630371094,-0.6244266629219055,True,6.956241130828857,11.98464584350586,1.5094622373580933,-1.8060942888259888,3.0091192722320557,-4.5746541023254395,4.0,2.555861234664917,0,1
44,prey,7,7,0.0894036665558815,7.217383861541748,-0.5337437391281128,0.9077401161193848,True,-8.299832344055176,-7.431540012359619,3.274148464202881,-1.2384722232818604,5.742246627807617,-3.075615406036377,4.0,2.562983512878418,0,1
44,prey,8,8,1.0959588289260864,-9.295072555541992,-0.11714370548725128,-0.014906764030456543,True,-1.7264690399169922,2.3782525062561035,0.1746654510498047,-9.127614974975586,4.975860595703125,0.06899738311767578,4.0,1.5711411237716675,0,3
44,prey,9,9,-0.34472087025642395,2.7501327991485596,0.10561876744031906,-0.02764749526977539,True,4.356958866119385,6.4873576164245605,2.41349458694458,-1.6608895063400269,7.756141662597656,-4.190329551696777,4.0,1.5729031562805176,0,3
44,prey,10,10,-9.150158882141113,1.4661664962768555,-0.02440510131418705,0.013389655388891697,True,-15.169286727905273,4.8362812995910645,1.2657344341278076,-3.2978787422180176,1.2852510213851929,-7.420587539672852,4.0,4.0,0,0
44,prey,11,11,1.1737550497055054,-7.584031105041504,0.3198957145214081,-0.9873773455619812,True,16.736181259155273,7.971413612365723,-1.899290919303894,-7.9572577476501465,-5.677082061767578,-7.290165424346924,3.5517117977142334,1.3641035556793213,1,3
44,prey,12,12,2.6644930839538574,-9.385541915893555,-0.06933648884296417,-0.8669978380203247,True,4.102715969085693,-1.2505863904953003,3.437267541885376,-9.747955322265625,8.731239318847656,-2.7325897216796875,4.0,1.5711411237716675,0,3
44,prey,13,13,4.696264266967773,8.23622989654541,0.3828234374523163,0.18334491550922394,True,-5.1666717529296875,7.42552375793457,4.534790992736816,0.6209837198257446,3.943970203399658,-6.890675067901611,4.0,2.555861234664917,0,1
44,prey,14,14,9.661530494689941,9.805335998535156,0.5128161311149597,0.06378940492868423,True,-0.4481430649757385,6.373591899871826,2.277404546737671,3.371644973754883,4.542107105255127,0.26671862602233887,4.0,4.0,0,0
44,prey,15,15,-2.718099594116211,1.2881642580032349,-0.09912801533937454,0.813867449760437,True,1.1957722902297974,-2.278108596801758,1.8003605604171753,-2.6865732669830322,2.5823447704315186,3.785529136657715,3.365177869796753,1.7782292366027832,1,4
45,predator,0,0,-9.636828422546387,-5.470541954040527,0.048337120562791824,0.809280514717102,True,1.7795182466506958,0.5706705451011658,0.0,0.0,7.0090556144714355,-1.2972333431243896,1.9669753313064575,4.0,1,0
45,predator,1,1,-7.795699119567871,5.932744979858398,-0.0554671585559845,-0.0034796518739312887,True,-11.235076904296875,5.052469253540039,-1.0808244943618774,1.2706120014190674,-0.4391750693321228,2.809537410736084,4.0,3.785463809967041,0,1
45,predator,2,2,0.47732779383659363,-4.103155612945557,-0.3220941722393036,-0.2908984422683716,True,8.7744140625,8.844864845275879,0.0,0.0,5.691125869750977,4.760796546936035,2.4825472831726074,4.0,2,0
45,predator,3,3,-4.442211627960205,4.1766533851623535,-0.5566746592521667,-0.5078443884849548,True,-7.364229679107666,-12.265369415283203,-2.011870861053467,-3.8147225379943848,-2.161973476409912,-0.24405592679977417,1.7580386400222778,3.785463809967041,3,1
45,prey,0,0,0.8538014888763428,1.7232211828231812,0.8788195848464966,0.0305152740329504,True,2.3580451011657715,-5.138602256774902,1.0156428813934326,1.354683756828308,-0.9889551401138306,0.39798587560653687,4.0,1.5771307945251465,0,2
45,prey,1,1,1.639770269393921,-6.296730041503906,0.013882666826248169,0.6271387934684753,True,-8.830479621887207,6.4681830406188965,6.370809555053711,3.033026695251465,6.294838905334473,-5.2510085105896,2.4825472831726074,1.3762658834457397,1,3
45,prey,2,2,-3.121866464614868,3.015882730484009,0.5644278526306152,-0.3553079068660736,True,-4.818365097045898,-4.383751392364502,-2.8631069660186768,-0.7359829545021057,-4.824060440063477,-1.2241038084030151,1.7580386400222778,1.7673805952072144,1,3
45,prey,3,3,-2.346637725830078,6.417014122009277,-0.13593849539756775,-0.03646659106016159,True,-7.824573516845703,0.21859842538833618,-0.16434690356254578,1.2797012329101562,10.110427856445312,-5.286129951477051,3.0676777362823486,2.5625736713409424,1,2
45,prey,4,4,-4.589269161224365,-1.8299155235290527,0.7244055271148682,0.05190923810005188,True,-0.26664966344833374,-2.2606186866760254,-0.36220312118530273,0.77560955286026,1.1002638339996338,6.014438152313232,4.0,3.642136335372925,0,1
45,prey,5,5,-7.938407897949219,-4.478393077850342,0.2541322112083435,-0.2796296179294586,True,5.441232681274414,-1.2245465517044067,-4.745077610015869,2.2592368125915527,-0.5987863540649414,-0.9328838586807251,1.9669753313064575,4.0,1,0
45,prey,6,6,4.024515628814697,5.765419006347656,0.29833829402923584,-0.6581231355667114,True,2.971381664276123,8.730932235717773,-2.8936967849731445,1.0678116083145142,6.082352638244629,-6.53322696685791,4.0,2.5624942779541016,0,1
45,prey,7,7,0.0854065790772438,7.224445343017578,-0.4796505868434906,0.8473610877990723,True,1.4464234113693237,-1.6080601215362549,0.2791743874549866,2.471360445022583,-4.334196090698242,-4.2978596687316895,4.0,2.5625736713409424,0,1
45,prey,8,8,1.0954335927963257,-9.295159339904785,-0.06303144991397858,-0.010370618663728237,True,-3.0217642784118652,3.644132137298584,2.9613564014434814,-0.7156082987785339,2.2188026905059814,-8.69116497039795,4.0,1.571824312210083,0,3
45,prey,9,9,-0.34361532330513,2.7496395111083984,0.1326645314693451,-0.05918916314840317,True,4.144847869873047,2.531459331512451,-0.6279298067092896,0.38285207748413086,0.7068839073181152,-10.77814769744873,4.0,1.5771307945251465,0,3
45,prey,10,10,-9.150019645690918,1.465955376625061,0.01670076511800289,-0.025342073291540146,True,10.137595176696777,-8.809290885925293,4.231887340545654,0.09258681535720825,2.521519660949707,3.806807041168213,4.0,4.0,0,0
45,prey,11,11,1.1760016679763794,-7.592502593994141,0.2695826590061188,-1.0165899991989136,True,9.834142684936523,2.5314128398895264,-3.1928603649139404,-2.5799953937530518,2.5970561504364014,-5.046316146850586,3.558607339859009,1.3762658834457397,1,3
45,prey,12,12,2.6642138957977295,-9.39293384552002,-0.033488597720861435,-0.8870749473571777,True,3.1181578636169434,-3.556166172027588,1.0182949304580688,0.4940047264099121,-5.052978515625,-8.776565551757812,4.0,1.571824312210083,0,3
45,prey,13,13,4.699749946594238,8.237348556518555,0.418267160654068,0.13425780832767487,True,-1.9336819648742676,-1.4903268814086914,-0.5259917378425598,3.664825916290283,-1.0464112758636475,5.506374835968018,4.0,2.5624942779541016,0,1
45,prey,14,14,9.666001319885254,9.805932998657227,0.5364722609519958,0.07163896411657333,True,3.911728858947754,5.206470966339111,0.894784688949585,9.705084800720215,2.464804172515869,1.086619257926941,4.0,4.0,0,0
45,prey,15,15,-2.7186226844787598,1.295118808746338,-0.06276345252990723,0.83454430103302,True,-4.021691799163818,4.969178199768066,-2.688730001449585,-0.3922293484210968,5.548332214355469,5.180651664733887,3.357677698135376,1.7673805952072144,1,4
46,predator,0,0,-9.636226654052734,-5.464125156402588,0.07220861315727234,0.7700347304344177,True,2.0479941368103027,1.4323151111602783,0.0,0.0,9.275057792663574,1.0040395259857178,1.9635061025619507,4.0,1,0
46,predator,1,1,-7.796234607696533,5.932999610900879,-0.0643070787191391,0.030530007556080818,True,-2.3717899322509766,-3.2373576164245605,-7.364229679107666,-12.265369415283203,-0.9804807305335999,-1.4533231258392334,4.0,3.7837939262390137,0,1
46,predator,2,2,0.475023090839386,-4.105207443237305,-0.27656397223472595,-0.2462243288755417,True,3.7223920822143555,5.59047269821167,0.0,0.0,4.594969272613525,-9.718507766723633,2.477856159210205,4.0,2,0
46,predator,3,3,-4.44697380065918,4.172446250915527,-0.5714805722236633,-0.5048232078552246,True,-5.507819175720215,1.0799295902252197,-11.235076904296875,5.052469253540039,-9.092209815979004,-2.362138271331787,1.764196753501892,3.7837939262390137,3,1
46,prey,0,0,0.8607111573219299,1.7235859632492065,0.8291611671447754,0.043775901198387146,True,-5.5395402908325195,1.2668250799179077,-1.195517897605896,1.1711053848266602,6.165710926055908,-8.327836036682129,4.0,1.580711841583252,0,2
46,prey,1,1,1.640257477760315,-6.291985988616943,0.05845365673303604,0.5692545175552368,True,-4.635848522186279,-0.7205283641815186,3.310178756713867,0.873126208782196,2.7769956588745117,2.4537947177886963,2.477856159210205,1.3882437944412231,1,3
46,prey,2,2,-3.117628812789917,3.0126049518585205,0.5085396766662598,-0.3933371901512146,True,7.146177291870117,8.807475090026855,0.8534279465675354,-1.4424763917922974,-2.1403274536132812,1.7467427253723145,1.764196753501892,1.7562352418899536,1,3
46,prey,3,3,-2.3474178314208984,6.416459560394287,-0.09362968802452087,-0.06655718386173248,True,-10.614398956298828,-2.035407781600952,0.020994169637560844,0.5158327221870422,-13.359538078308105,-0.29018068313598633,3.0730655193328857,2.5615932941436768,1,2
46,prey,4,4,-4.5829644203186035,-1.829115390777588,0.7565861940383911,0.09600581973791122,True,-2.0915417671203613,-0.6352085471153259,2.2069437503814697,-2.009258985519409,2.6354126930236816,1.5203886032104492,4.0,3.6442201137542725,0,1
46,prey,5,5,-7.936568737030029,-4.481008052825928,0.22072362899780273,-0.3137831389904022,True,-8.150239944458008,-2.7211360931396484,4.9354729652404785,-5.534955024719238,-9.001570701599121,-1.2653573751449585,1.9635061025619507,4.0,1,0
46,prey,6,6,4.027245998382568,5.759743690490723,0.3276515007019043,-0.6810340881347656,True,4.997270584106445,15.547258377075195,0.35046496987342834,-0.04674343392252922,-5.36522102355957,-0.6799523234367371,4.0,2.569397211074829,0,1
46,prey,7,7,0.0811871811747551,7.2310991287231445,-0.5063279271125793,0.7984883189201355,True,-1.447809100151062,-5.458014011383057,-1.3034337759017944,0.7767839431762695,13.132906913757324,-1.3754650354385376,4.0,2.5615932941436768,0,1
46,prey,8,8,1.095309853553772,-9.29555892944336,-0.01483845803886652,-0.048014212399721146,True,-0.6024861335754395,-0.2986312508583069,1.373940348625183,1.814476490020752,3.3448331356048584,-13.998634338378906,4.0,1.5718470811843872,0,3
46,prey,9,9,-0.34236735105514526,2.748891830444336,0.14975902438163757,-0.08970601111650467,True,0.5069353580474854,8.03223705291748,-1.511138916015625,-0.12033134698867798,6.701180934906006,3.726677417755127,4.0,1.580711841583252,0,3
46,prey,10,10,-9.149656295776367,1.4660240411758423,0.043596796691417694,0.008246593177318573,True,8.804274559020996,-8.852208137512207,-0.9163684844970703,-0.7249345779418945,4.50219202041626,-2.311826229095459,4.0,4.0,0,0
46,prey,11,11,1.1785887479782104,-7.601215839385986,0.31044986844062805,-1.0455639362335205,True,-2.0470170974731445,4.312982559204102,-2.9113616943359375,2.1853830814361572,13.553336143493652,-5.267012119293213,3.566101312637329,1.3882437944412231,1,3
46,prey,12,12,2.6636505126953125,-9.400491714477539,-0.06761807203292847,-0.9069444537162781,True,-4.68422269821167,-0.9191333055496216,-0.6727002263069153,4.214576244354248,2.804596185684204,-1.079866886138916,4.0,1.5718470811843872,0,3
46,prey,13,13,4.702860355377197,8.238724708557129,0.3732829988002777,0.16514547169208527,True,-3.953866958618164,1.3703020811080933,0.9299616813659668,3.0158801078796387,0.17184895277023315,8.867156982421875,4.0,2.569397211074829,0,1
46,prey,14,14,9.67066764831543,9.806805610656738,0.5599918365478516,0.10467643290758133,True,3.226243019104004,-1.3511708974838257,0.5188498497009277,3.620302677154541,-2.472724676132202,1.5676567554473877,4.0,4.0,0,0
46,prey,15,15,-2.7188477516174316,1.302243709564209,-0.027025017887353897,0.8549867272377014,True,-1.3383216857910156,0.4240522086620331,0.7396177053451538,-2.778609037399292,0.2351619005203247,6.182180881500244,3.3502957820892334,1.7562352418899536,1,4
47,predator,0,0,-9.635429382324219,-5.457614898681641,0.09568176418542862,0.7812298536300659,True,6.122635364532471,6.712383270263672,0.0,0.0,-8.582353591918945,6.489227771759033,1.9593428373336792,4.0,1,0
47,predator,1,1,-7.796904563903809,5.933040142059326,-0.08037246763706207,0.004896855913102627,True,-3.694042682647705,-3.3797202110290527,-5.507819175720215,1.0799295902252197,2.4373717308044434,2.5383903980255127,4.0,3.7820615768432617,0,1
47,predator,2,2,0.4730879068374634,-4.107508182525635,-0.23222222924232483,-0.27606236934661865,True,5.167877674102783,1.8650130033493042,0.0,0.0,-6.452369689941406,1.0739003419876099,2.4727091789245605,4.0,2,0
47,predator,3,3,-4.451962947845459,4.168003082275391,-0.5986785888671875,-0.5331790447235107,True,0.8077223300933838,0.3109780251979828,-2.3717899322509766,-3.2373576164245605,0.8768179416656494,-0.7951506972312927,1.7697575092315674,3.7820615768432617,3,1
47,prey,0,0,0.8678792119026184,1.7235689163208008,0.8601614236831665,-0.002039975253865123,True,-8.852783203125,-2.4730424880981445,-0.4059555232524872,3.5260560512542725,7.713246822357178,-0.9109393954277039,4.0,1.5847731828689575,0,2
47,prey,1,1,1.6411091089248657,-6.286961555480957,0.10220436006784439,0.6029654741287231,True,-6.199657917022705,3.687021017074585,-2.444575309753418,1.031739354133606,4.1662397384643555,4.171504497528076,2.4727091789245605,1.4007512331008911,1,3
47,prey,2,2,-3.1138534545898438,3.0097696781158447,0.4530229866504669,-0.3402339816093445,True,0.905794620513916,2.222116708755493,-1.6743431091308594,-1.0368177890777588,4.539126396179199,-7.246916770935059,1.7697575092315674,1.7454795837402344,1,3
47,prey,3,3,-2.3485145568847656,6.415831089019775,-0.13160115480422974,-0.07538733631372452,True,-0.49321475625038147,-2.9436986446380615,0.052977852523326874,4.284305095672607,-9.492114067077637,-1.7227343320846558,3.078510284423828,2.5612285137176514,1,2
47,prey,4,4,-4.5763936042785645,-1.8279539346694946,0.7884805202484131,0.13937675952911377,True,-2.3573811054229736,-2.0552213191986084,0.23821420967578888,1.1595408916473389,3.6071884632110596,0.506144106388092,4.0,3.6460604667663574,0,1
47,prey,5,5,-7.9351487159729,-4.483925819396973,0.1703725904226303,-0.3501216769218445,True,5.826870918273926,9.243361473083496,3.3563663959503174,-4.74370813369751,4.917960166931152,-6.140002727508545,1.9593428373336792,4.0,1,0
47,prey,6,6,4.029551982879639,5.753915786743164,0.27674537897109985,-0.6993863582611084,True,1.4618221521377563,1.5664979219436646,-2.9704062938690186,0.3041285574436188,7.736681938171387,-0.2582067847251892,4.0,2.576882839202881,0,1
47,prey,7,7,0.07741670310497284,7.23726224899292,-0.45245692133903503,0.739542543888092,True,-7.371350288391113,-1.8143126964569092,-1.2565349340438843,4.77324914932251,5.4929914474487305,-3.5990686416625977,4.0,2.5612285137176514,0,1
47,prey,8,8,1.0954623222351074,-9.296182632446289,0.018286438658833504,-0.07486297190189362,True,-1.176121711730957,7.308447360992432,-3.789029359817505,0.891106903553009,-5.125009059906006,-3.2297136783599854,4.0,1.571920394897461,0,3
47,prey,9,9,-0.3408127427101135,2.748542070388794,0.18655075132846832,-0.04197283089160919,True,-3.54779052734375,3.0675406455993652,-1.6052539348602295,2.410910129547119,9.48538589477539,2.2167277336120605,4.0,1.5847731828689575,0,3
47,prey,10,10,-9.148978233337402,1.4657396078109741,0.08136799931526184,-0.03412817046046257,True,1.7165130376815796,-3.841670036315918,-1.108481526374817,1.4687957763671875,4.884857654571533,-8.954964637756348,4.0,4.0,0,0
47,prey,11,11,1.1815112829208374,-7.610167503356934,0.3507069945335388,-1.0741859674453735,True,7.098601818084717,5.298730850219727,-3.3075191974639893,-0.6460976004600525,8.880913734436035,-4.777277946472168,3.5735816955566406,1.4007512331008911,1,3
47,prey,12,12,2.6633853912353516,-9.40821361541748,-0.03180041164159775,-0.9265594482421875,True,-1.6916210651397705,-2.8217172622680664,-2.428450584411621,1.0979410409927368,2.6583261489868164,-6.707931041717529,4.0,1.571920394897461,0,3
47,prey,13,13,4.705958366394043,8.240439414978027,0.3717595040798187,0.2057182788848877,True,1.5958987474441528,0.2500571012496948,-0.666351854801178,2.9469807147979736,-2.281679153442383,0.3613200783729553,4.0,2.576882839202881,0,1
47,prey,14,14,9.674946784973145,9.80794620513916,0.5134305357933044,0.13688623905181885,True,0.3744294047355652,8.723116874694824,0.5217018127441406,8.458780288696289,12.900683403015137,8.513242721557617,4.0,4.0,0,0
47,prey,15,15,-2.719001293182373,1.3095370531082153,-0.018413661047816277,0.875202476978302,True,1.7770497798919678,-0.4613974988460541,-0.46227189898490906,0.16081412136554718,1.6239192485809326,9.955808639526367,3.3427510261535645,1.7454795837402344,1,4
48,predator,0,0,-9.634955406188965,-5.450908660888672,0.05689366161823273,0.80475914478302,True,2.1102561950683594,2.4819908142089844,0.0,0.0,1.9093836545944214,-2.079054355621338,1.955513596534729,4.0,1,0
48,predator,1,1,-7.797210693359375,5.933345317840576,-0.03672032058238983,0.03660409152507782,True,-6.880487442016602,-3.095612049102783,0.8077223300933838,0.3109780251979828,6.4739556312561035,6.317588806152344,4.0,3.780419111251831,0,1
48,predator,2,2,0.4709022343158722,-4.109437942504883,-0.2622777819633484,-0.23158641159534454,True,-4.878053188323975,4.666021347045898,0.0,0.0,-6.606494426727295,2.0805306434631348,2.4679458141326904,4.0,2,0
48,predator,3,3,-4.4566826820373535,4.163475036621094,-0.5663647651672363,-0.5433953404426575,True,-0.9131721258163452,2.6657822132110596,-3.694042682647705,-3.3797202110290527,-9.630313873291016,-1.3621208667755127,1.7755216360092163,3.780419111251831,3,1
48,prey,0,0,0.8753027319908142,1.7232099771499634,0.8908278942108154,-0.043078504502773285,True,-0.8099493384361267,1.6375617980957031,-1.3750097751617432,-0.05978211387991905,3.5447840690612793,-3.9725325107574463,4.0,1.5892856121063232,0,2
48,prey,1,1,1.6423190832138062,-6.281657695770264,0.14519956707954407,0.6364466547966003,True,4.876795768737793,-1.6658270359039307,1.4102863073349,3.261820077896118,0.24590793251991272,5.11240291595459,2.4679458141326904,1.4137850999832153,1,3
48,prey,2,2,-3.1097776889801025,3.006615400314331,0.48909956216812134,-0.3785112798213959,True,-4.237061023712158,3.0311026573181152,-2.732707977294922,-1.5031145811080933,1.935318112373352,-2.5051722526550293,1.7755216360092163,1.734250545501709,1,3
48,prey,3,3,-2.3498408794403076,6.414951801300049,-0.15915657579898834,-0.10550873726606369,True,1.2718217372894287,-1.410959243774414,-2.0044798851013184,0.33677998185157776,-11.116670608520508,-6.136032581329346,3.083493232727051,2.5614449977874756,1,2
48,prey,4,4,-4.569647312164307,-1.8266663551330566,0.809535026550293,0.1545126587152481,True,-6.297478675842285,4.9135308265686035,-0.3623909056186676,1.2928181886672974,3.814466714859009,-7.485970973968506,4.0,3.6480162143707275,0,1
48,prey,5,5,-7.933477878570557,-4.487058162689209,0.20053711533546448,-0.3758833110332489,True,-1.4974210262298584,8.28564167022705,-0.320434033870697,-2.9484457969665527,-4.100957870483398,-3.373352527618408,1.955513596534729,4.0,1,0
48,prey,6,6,4.032105922698975,5.748116970062256,0.3064298629760742,-0.6958374381065369,True,-0.3073321580886841,0.5005857944488525,-3.049135208129883,0.8016101717948914,3.0966508388519287,7.159989356994629,4.0,2.5842418670654297,0,1
48,prey,7,7,0.0740891769528389,7.242938995361328,-0.39930304884910583,0.6812372207641602,True,-3.36850643157959,1.7213460206985474,-1.0218889713287354,0.17543910443782806,2.9867680072784424,1.133648157119751,4.0,2.5614449977874756,0,1
48,prey,8,8,1.0953326225280762,-9.297028541564941,-0.015556729398667812,-0.10144630074501038,True,1.7276692390441895,5.424464702606201,-0.26422572135925293,2.054678201675415,-7.023429870605469,1.2758376598358154,4.0,1.5725953578948975,0,3
48,prey,9,9,-0.3390423059463501,2.748487949371338,0.2124539166688919,-0.006514215376228094,True,6.330488204956055,0.7548631429672241,-1.6667704582214355,-0.7136251330375671,0.9887416362762451,-4.994187831878662,4.0,1.5892856121063232,0,3
48,prey,10,10,-9.148070335388184,1.4651997089385986,0.10897202789783478,-0.06479600816965103,True,1.6599552631378174,-1.5966795682907104,1.538083553314209,2.237215042114258,1.301283359527588,3.783548355102539,4.0,4.0,0,0
48,prey,11,11,1.1847642660140991,-7.619354248046875,0.39036449790000916,-1.1024478673934937,True,0.6972931027412415,-2.765705108642578,-3.0224668979644775,2.724583625793457,-3.7845098972320557,-6.56491756439209,3.581774950027466,1.4137850999832153,1,3
48,prey,12,12,2.6634140014648438,-9.416095733642578,0.0034246048890054226,-0.9459450244903564,True,-2.7486371994018555,0.4869067668914795,-0.09239260107278824,5.431399822235107,0.10584293305873871,-1.9613723754882812,4.0,1.5725953578948975,0,3
48,prey,13,13,4.708602428436279,8.242241859436035,0.317298948764801,0.21633288264274597,True,-2.982543468475342,-3.370340347290039,-1.915220856666565,1.7198288440704346,-3.7042689323425293,5.467007637023926,4.0,2.5842418670654297,0,1
48,prey,14,14,9.679512023925781,9.80943775177002,0.5478842258453369,0.17897383868694305,True,4.530123233795166,-4.212348461151123,1.5288604497909546,0.9082775115966797,0.09047292917966843,-0.18510961532592773,4.0,4.0,0,0
48,prey,15,15,-2.718863010406494,1.3169969320297241,0.016578635200858116,0.8951903581619263,True,5.715013027191162,-4.92669677734375,-2.857173442840576,-1.119755506515503,0.6138260364532471,3.442145824432373,3.3350343704223633,1.734250545501709,1,4
49,predator,0,0,-9.634284019470215,-5.444529056549072,0.08060869574546814,0.7655699849128723,True,-0.9822593927383423,3.093076229095459,0.0,0.0,6.219568729400635,3.69466495513916,1.9512102603912354,4.0,1,0
49,predator,1,1,-7.7972941398620605,5.933790683746338,-0.0100474888458848,0.053409986197948456,True,-7.588616847991943,5.273682117462158,-0.9131721258163452,2.6657822132110596,1.456923484802246,-0.9135926365852356,4.0,3.77860689163208,0,1
49,predator,2,2,0.4685758948326111,-4.111108779907227,-0.27916306257247925,-0.20051483809947968,True,-0.5886396169662476,-5.924060344696045,0.0,0.0,0.5950847268104553,-2.158979892730713,2.463351011276245,4.0,2,0
49,predator,3,3,-4.461526393890381,4.158819198608398,-0.5812586545944214,-0.5586891770362854,True,4.001283645629883,-1.6337172985076904,-6.880487442016602,-3.095612049102783,6.869819641113281,1.8282005786895752,1.781631588935852,3.77860689163208,3,1
49,prey,0,0,0.8828915953636169,1.7225679159164429,0.9106587171554565,-0.07705085724592209,True,-3.462114095687866,9.798661231994629,-0.12757930159568787,0.6548246741294861,-1.7210420370101929,2.9720542430877686,4.0,1.5937711000442505,0,2
49,prey,1,1,1.6435773372650146,-6.27616548538208,0.1509808897972107,0.6590951085090637,True,7.9073028564453125,0.20400360226631165,-0.10789164155721664,1.0485554933547974,0.7685099244117737,5.651320457458496,2.463351011276245,1.4273998737335205,1,3
49,prey,2,2,-3.1054911613464355,3.003232955932617,0.5143826603889465,-0.40589576959609985,True,12.303141593933105,4.932785987854004,0.6430492401123047,0.15613803267478943,0.5439345836639404,3.79030704498291,1.781631588935852,1.7226316928863525,1,3
49,prey,3,3,-2.3513970375061035,6.413825511932373,-0.18674452602863312,-0.13519074022769928,True,2.5070953369140625,-6.320904731750488,0.04858691245317459,-0.09308250993490219,-9.35503101348877,-13.178271293640137,3.0883164405822754,2.5623672008514404,1,2
49,prey,4,4,-4.562641143798828,-1.8257763385772705,0.8407713174819946,0.10680702328681946,True,-8.752976417541504,-4.049385070800781,1.1935042142868042,1.1976321935653687,1.2508113384246826,-1.8399417400360107,4.0,3.650435447692871,0,1
49,prey,5,5,-7.9322190284729,-4.490487098693848,0.15102718770503998,-0.4114738702774048,True,-5.100332736968994,-0.3594919443130493,-2.3187618255615234,1.6584255695343018,1.103964924812317,-3.171107769012451,1.9512102603912354,4.0,1,0
49,prey,6,6,4.034987449645996,5.742799758911133,0.3457889258861542,-0.6380482912063599,True,1.0823209285736084,10.859249114990234,0.8285722732543945,-0.813312828540802,-5.443540573120117,1.4446532726287842,4.0,2.59124755859375,0,1
49,prey,7,7,0.07110898941755295,7.248804569244385,-0.3576227128505707,0.7038694024085999,True,-1.88750159740448,-3.7130563259124756,0.7114909291267395,-0.5405547022819519,8.659273147583008,5.686339378356934,4.0,2.5623672008514404,0,1
49,prey,8,8,1.0949532985687256,-9.297524452209473,-0.04551723599433899,-0.059487491846084595,True,-2.348912239074707,1.0068758726119995,0.9418172836303711,-1.3148750066757202,-9.213518142700195,-8.721866607666016,4.0,1.573621392250061,0,3
49,prey,9,9,-0.3370595872402191,2.7481534481048584,0.23792506754398346,-0.040122173726558685,True,14.637043952941895,7.898478031158447,-1.377004623413086,0.2620163559913635,4.061635494232178,6.636697292327881,4.0,1.5937711000442505,0,3
49,prey,10,10,-9.146942138671875,1.4649676084518433,0.1354530304670334,-0.027846265584230423,True,10.003539085388184,-2.6830458641052246,-1.5792371034622192,2.825894355773926,-10.03626537322998,7.358862400054932,4.0,4.0,0,0
49,prey,11,11,1.187589168548584,-7.628772258758545,0.3389856517314911,-1.130150318145752,True,4.454390048980713,-5.5573859214782715,1.285275936126709,1.4151815176010132,-0.126179039478302,1.4441676139831543,3.590394973754883,1.4273998737335205,1,3
49,prey,12,12,2.6634726524353027,-9.424139022827148,0.007040950935333967,-0.9651005268096924,True,2.2342448234558105,0.6489925980567932,2.4339194297790527,0.33097752928733826,-3.864572763442993,-3.1424617767333984,4.0,1.573621392250061,0,3
49,prey,13,13,4.710803508758545,8.244366645812988,0.26408594846725464,0.25490668416023254,True,-0.9767173528671265,-6.440746307373047,1.6913188695907593,-0.5293024778366089,-4.108372688293457,1.5071618556976318,4.0,2.59124755859375,0,1
49,prey,14,14,9.684009552001953,9.810845375061035,0.5396502017974854,0.16887791454792023,True,1.7472060918807983,7.165016174316406,-1.6449377536773682,-1.4348772764205933,-3.263204574584961,11.426769256591797,4.0,4.0,0,0
49,prey,15,15,-2.7185497283935547,1.324621558189392,0.03759577497839928,0.9149530529975891,True,3.4207603931427,-2.4638586044311523,-0.7786757349967957,1.292966604232788,7.632983207702637,4.85030460357666,3.3272576332092285,1.7226316928863525,1,4
50,predator,0,0,-9.63331413269043,-5.43795108795166,0.11632329970598221,0.7893359661102295,True,5.34508752822876,5.937923908233643,0.0,0.0,0.607259213924408,7.2190070152282715,1.9467138051986694,4.0,1,0
50,predator,1,1,-7.797121524810791,5.9339094161987305,0.020759984850883484,0.014281698502600193,True,-9.384679794311523,-0.6280754804611206,4.001283645629883,-1.6337172985076904,2.9969558715820312,-3.6964468955993652,4.0,3.7765491008758545,0,1
50,predator,2,2,0.466498464345932,-4.113036632537842,-0.24929173290729523,-0.23133130371570587,True,1.7806662321090698,-4.782729148864746,0.0,0.0,-8.059618949890137,6.265774250030518,2.4583144187927246,4.0,2,0
50,predator,3,3,-4.466076374053955,4.154454231262207,-0.545985221862793,-0.5238247513771057,True,4.188465595245361,-0.23984968662261963,-7.588616847991943,5.273682117462158,-6.429492950439453,-1.1652379035949707,1.7875590324401855,3.7765491008758545,3,1
50,prey,0,0,0.8899726271629333,1.722312569618225,0.8497282862663269,-0.0306402575224638,True,-4.4426093101501465,8.072626113891602,3.329983949661255,1.0204726457595825,-3.8090877532958984,-3.5243542194366455,4.0,1.5976520776748657,0,2
50,prey,1,1,1.645100712776184,-6.270397663116455,0.18280577659606934,0.6920884251594543,True,5.846177101135254,3.3308565616607666,1.4465742111206055,-1.3005057573318481,2.0226211547851562,7.499931335449219,2.4583144187927246,1.440993070602417,1,3
50,prey,2,2,-3.1011314392089844,3.00020432472229,0.523159921169281,-0.36343294382095337,True,6.1464762687683105,14.308690071105957,2.352263927459717,-0.2190159112215042,5.841207504272461,0.039387524127960205,1.7875590324401855,1.711247205734253,1,3
50,prey,3,3,-2.3531830310821533,6.412454605102539,-0.21430273354053497,-0.16451925039291382,True,-0.52471923828125,7.991697311401367,3.5881335735321045,2.981644868850708,-6.78456974029541,3.7430005073547363,3.0923912525177,2.5639896392822266,1,2
50,prey,4,4,-4.55537748336792,-1.8252769708633423,0.8716422915458679,0.05992308631539345,True,-2.7574381828308105,3.982858896255493,5.300340175628662,2.85392165184021,0.5669761896133423,-8.35695743560791,4.0,3.653369665145874,0,1
50,prey,5,5,-7.9307026863098145,-4.494124412536621,0.18197497725486755,-0.43646371364593506,True,-2.401196002960205,6.018514633178711,0.6252813339233398,-3.366215467453003,4.176551818847656,-8.816649436950684,1.9467138051986694,4.0,1,0
50,prey,6,6,4.037525177001953,5.737873077392578,0.30455997586250305,-0.5911915898323059,True,-2.786947727203369,2.302008628845215,2.0941686630249023,1.397908091545105,1.3587077856063843,2.7038395404815674,4.0,2.598155975341797,0,1
50,prey,7,7,0.06846991926431656,7.254855632781982,-0.31668829917907715,0.7261279821395874,True,3.3963427543640137,-2.799298048019409,4.215933322906494,2.6090948581695557,5.390097618103027,3.990070343017578,4.0,2.5639896392822266,0,1
50,prey,8,8,1.0942411422729492,-9.298345565795898,-0.08545783162117004,-0.09854470193386078,True,0.2725769281387329,-5.166832447052002,4.865312576293945,-1.5681298971176147,3.378136157989502,-9.198017120361328,4.0,1.5747110843658447,0,3
50,prey,9,9,-0.3348635733127594,2.7481138706207275,0.2635211646556854,-0.004767059814184904,True,9.283031463623047,6.585912704467773,0.5292510986328125,0.32534313201904297,12.384725570678711,-13.339987754821777,4.0,1.5976520776748657,0,3
50,prey,10,10,-9.146178245544434,1.465023398399353,0.09165751934051514,0.006690340582281351,True,-0.4902868866920471,1.4698327779769897,0.4676482081413269,-0.48498740792274475,-10.413735389709473,4.227211952209473,4.0,4.0,0,0
50,prey,11,11,1.1903316974639893,-7.637747764587402,0.3291025459766388,-1.0770668983459473,True,1.6095776557922363,0.2303265631198883,2.5975451469421387,0.6199573874473572,3.248345375061035,-3.3990631103515625,3.5982666015625,1.440993070602417,1,3
50,prey,12,12,2.663241147994995,-9.43233871459961,-0.027786731719970703,-0.9840261340141296,True,-2.7766356468200684,0.19739049673080444,3.3375937938690186,-1.4488354921340942,0.9431563019752502,-7.231022834777832,4.0,1.5747110843658447,0,3
50,prey,13,13,4.71257209777832,8.24680233001709,0.2122790813446045,0.29234057664871216,True,1.1779896020889282,-0.05340898036956787,3.6172327995300293,3.1777565479278564,4.234044551849365,-3.620262861251831,4.0,2.598155975341797,0,1
50,prey,14,14,9.688122749328613,9.812509536743164,0.4935528039932251,0.19971051812171936,True,3.8919224739074707,-2.279597759246826,0.05280178785324097,2.2092514038085938,-3.3584532737731934,1.598230004310608,4.0,4.0,0,0
50,prey,15,15,-2.7179524898529053,1.3324090242385864,0.07167032361030579,0.9344990253448486,True,2.4934375286102295,-4.9356207847595215,3.621175527572632,0.8376474380493164,-0.12041234970092773,6.6322712898254395,3.31961989402771,1.711247205734253,1,4
51,predator,0,0,-9.632173538208008,-5.431177139282227,0.1368676871061325,0.8128609657287598,True,0.9629025459289551,4.613460063934326,0.0,0.0,0.43237531185150146,0.3147461414337158,1.9421401023864746,4.0,1,0
51,predator,1,1,-7.796806812286377,5.933835506439209,0.037714965641498566,-0.008901095017790794,True,-4.551984786987305,-5.641026020050049,4.188465595245361,-0.23984968662261963,12.814359664916992,6.953989505767822,4.0,3.774235248565674,0,1
51,predator,2,2,0.4642787575721741,-4.114704608917236,-0.266364187002182,-0.2001291662454605,True,-5.1354899406433105,-5.726301193237305,0.0,0.0,4.965661525726318,-8.042301177978516,2.453522205352783,4.0,2,0
51,predator,3,3,-4.470752239227295,4.149959564208984,-0.5610950589179993,-0.5393257141113281,True,2.375807285308838,8.208808898925781,-9.384679794311523,-0.6280754804611206,-15.261948585510254,-0.7219957709312439,1.793702483177185,3.774235248565674,3,1
51,prey,0,0,0.8966395258903503,1.7217730283737183,0.8000275492668152,-0.06474338471889496,True,4.684859752655029,-3.316038131713867,2.1785976886749268,3.919464111328125,2.457051992416382,6.884078025817871,4.0,1.6009360551834106,0,2
51,prey,1,1,1.6469721794128418,-6.264357566833496,0.22457921504974365,0.7248319983482361,True,-5.695815563201904,4.093569755554199,-0.2981603443622589,-1.5797051191329956,7.855987548828125,-0.5045310258865356,2.453522205352783,1.4550402164459229,1,3
51,prey,2,2,-3.096479892730713,2.9972479343414307,0.5581923127174377,-0.3547782599925995,True,9.778806686401367,4.147570610046387,0.9939654469490051,2.9097156524658203,-2.370112419128418,8.218019485473633,1.793702483177185,1.699702262878418,1,3
51,prey,3,3,-2.3551905155181885,6.411413669586182,-0.2409105747938156,-0.12488596886396408,True,5.172459602355957,-5.064723014831543,2.181102991104126,3.3544158935546875,-7.333876132965088,4.5623297691345215,3.096736431121826,2.5661089420318604,1,2
51,prey,4,4,-4.548023700714111,-1.8251616954803467,0.8824596405029297,0.013826584443449974,True,1.39510977268219,-2.480395793914795,1.7648087739944458,5.253325939178467,0.16479146480560303,-4.5877790451049805,4.0,3.6567327976226807,0,1
51,prey,5,5,-7.928932189941406,-4.497969150543213,0.21243780851364136,-0.46136078238487244,True,3.1787796020507812,2.3564305305480957,-1.6238625049591064,2.7263457775115967,-0.44509294629096985,6.142029285430908,1.9421401023864746,4.0,1,0
51,prey,6,6,4.04030179977417,5.733330726623535,0.3331851065158844,-0.5451164245605469,True,6.236452579498291,8.836770057678223,2.130326271057129,2.9196555614471436,1.2237744331359863,-10.671536445617676,4.0,2.604292154312134,0,1
51,prey,7,7,0.06616584211587906,7.261089324951172,-0.2764894962310791,0.7480379939079285,True,1.4450862407684326,3.9553306102752686,1.6209512948989868,4.895986080169678,-7.078240394592285,7.307159900665283,4.0,2.5661089420318604,0,1
51,prey,8,8,1.093929648399353,-9.299476623535156,-0.03738437965512276,-0.13569952547550201,True,-5.913455963134766,-2.2069292068481445,1.5597063302993774,1.2528579235076904,-4.993753910064697,-8.636269569396973,4.0,1.575697422027588,0,3
51,prey,9,9,-0.3323672115802765,2.747706174850464,0.2995653748512268,-0.04892463609576225,True,1.2592722177505493,8.146686553955078,0.337816447019577,3.608693838119507,0.8122605085372925,-4.174214839935303,4.0,1.6009360551834106,0,3
51,prey,10,10,-9.145764350891113,1.4653300046920776,0.04967166855931282,0.036794014275074005,True,3.7787864208221436,-2.075188159942627,0.8703199028968811,4.843610763549805,-3.970559597015381,2.7670187950134277,4.0,4.0,0,0
51,prey,11,11,1.193320393562317,-7.6468706130981445,0.3586408197879791,-1.094757318496704,True,6.17122220993042,-1.5521061420440674,1.114039421081543,-0.5461950898170471,6.710839748382568,0.153905987739563,3.606618642807007,1.4550402164459229,1,3
51,prey,12,12,2.6632862091064453,-9.440694808959961,0.005408606491982937,-1.0027153491973877,True,-2.225304126739502,1.2391241788864136,2.576110601425171,-0.5352164506912231,-3.167757749557495,-7.822155475616455,4.0,1.575697422027588,0,3
51,prey,13,13,4.714661121368408,8.248798370361328,0.25066450238227844,0.23953433334827423,True,5.494749069213867,4.896644115447998,2.651926040649414,2.36014461517334,7.983943939208984,6.462064743041992,4.0,2.604292154312134,0,1
51,prey,14,14,9.691770553588867,9.814509391784668,0.43773335218429565,0.24000543355941772,True,-6.035068988800049,-7.683109760284424,-0.8044790625572205,1.1242997646331787,-4.157576084136963,-7.551244258880615,4.0,4.0,0,0
51,prey,15,15,-2.717400074005127,1.3403574228286743,0.06631018221378326,0.9538006782531738,True,5.283149719238281,-6.102541923522949,1.515828013420105,5.6589035987854,3.760690927505493,4.330145835876465,3.3118133544921875,1.699702262878418,1,4
52,predator,0,0,-9.630963325500488,-5.4244561195373535,0.14518849551677704,0.8065049052238464,True,7.186943054199219,3.5461597442626953,0.0,0.0,2.8330495357513428,2.0386862754821777,1.937615990638733,4.0,1,0
52,predator,1,1,-7.796351909637451,5.933952808380127,0.054635848850011826,0.014095134101808071,True,2.701323986053467,6.290652751922607,2.375807285308838,8.208808898925781,-9.920574188232422,3.8326363563537598,4.0,3.7718231678009033,0,1
52,predator,2,2,0.4624311029911041,-4.116626262664795,-0.22171859443187714,-0.23062396049499512,True,0.17863941192626953,-0.05030392110347748,0.0,0.0,-10.675994873046875,-2.4262232780456543,2.4487764835357666,4.0,2,0
52,predator,3,3,-4.475552082061768,4.145395278930664,-0.576013445854187,-0.5477462410926819,True,-6.04077672958374,-6.280543804168701,-4.551984786987305,-5.641026020050049,-9.584907531738281,-2.4782943725585938,1.7994095087051392,3.7718231678009033,3,1
52,prey,0,0,0.9035674333572388,1.7216181755065918,0.8313474059104919,-0.01857607811689377,True,-4.402518272399902,-5.991581916809082,4.367190837860107,1.6340997219085693,10.078797340393066,-3.9595553874969482,4.0,1.6037737131118774,0,2
52,prey,1,1,1.6491845846176147,-6.2586164474487305,0.26549386978149414,0.6889360547065735,True,2.5011367797851562,7.220293045043945,-0.6558459401130676,-0.8399704098701477,-1.3753814697265625,7.5551276206970215,2.4487764835357666,1.468636155128479,1,3
52,prey,2,2,-3.092210292816162,2.9946389198303223,0.5123534202575684,-0.3130587935447693,True,6.524219512939453,6.096729278564453,3.288388967514038,-0.99098140001297,5.81937837600708,1.3051273822784424,1.7994095087051392,1.688489556312561,1,3
52,prey,3,3,-2.3574142456054688,6.410691261291504,-0.2668592929840088,-0.0866982489824295,True,14.174549102783203,-5.003787994384766,4.883196830749512,2.937774658203125,2.596409797668457,-3.040496587753296,3.101302146911621,2.5681705474853516,1,2
52,prey,4,4,-4.5407328605651855,-1.825424075126648,0.8748647570610046,-0.03148800507187843,True,1.0676013231277466,0.6244508028030396,4.660608768463135,0.5261531472206116,-2.410020112991333,-2.5927112102508545,4.0,3.6607582569122314,0,1
52,prey,5,5,-7.927370548248291,-4.501348495483398,0.18742330372333527,-0.4055405557155609,True,-8.278072357177734,-0.15519142150878906,2.5869481563568115,-2.277791976928711,-4.29102897644043,-1.845925211906433,1.937615990638733,4.0,1,0
52,prey,6,6,4.043401718139648,5.72849702835083,0.37199467420578003,-0.580014705657959,True,0.015588521957397461,-3.111769199371338,2.0035598278045654,0.15579843521118164,0.6957311034202576,-5.368193626403809,4.0,2.6110212802886963,0,1
52,prey,7,7,0.06361254304647446,7.267504692077637,-0.30639591813087463,0.7698397040367126,True,-5.716349124908447,-4.963127613067627,5.415678977966309,1.6491955518722534,-1.8920607566833496,1.677990198135376,4.0,2.5681705474853516,0,1
52,prey,8,8,1.0932687520980835,-9.300918579101562,-0.07930246740579605,-0.1731218844652176,True,-4.91147518157959,-0.5560125708580017,-0.5832991600036621,1.2601958513259888,-0.8152256608009338,-2.0245676040649414,4.0,1.5767605304718018,0,3
52,prey,9,9,-0.32964199781417847,2.7469398975372314,0.32702600955963135,-0.0919465497136116,True,11.749430656433105,5.929262638092041,4.936334609985352,0.6090772151947021,2.2405266761779785,0.687349796295166,4.0,1.6037737131118774,0,3
52,prey,10,10,-9.14565658569336,1.46586012840271,0.012835340574383736,0.06361792981624603,True,0.5454421639442444,-3.8784303665161133,4.908961296081543,-0.5197341442108154,0.12577950954437256,3.0245909690856934,4.0,4.0,0,0
52,prey,11,11,1.1966376304626465,-7.655789852142334,0.3980753719806671,-1.0702775716781616,True,12.064478874206543,8.509590148925781,-4.611525058746338,1.041921615600586,-1.4583992958068848,-5.733160018920898,3.6145176887512207,1.468636155128479,1,3
52,prey,12,12,2.663041114807129,-9.449204444885254,-0.02940206602215767,-1.0211758613586426,True,0.724916934967041,-4.159193992614746,-1.8126832246780396,0.1115114688873291,-9.181724548339844,-12.297822952270508,4.0,1.5767605304718018,0,3
52,prey,13,13,4.717068195343018,8.251115798950195,0.2888684570789337,0.27802103757858276,True,-0.6224774122238159,1.6394480466842651,1.61564040184021,1.6381908655166626,14.60312557220459,18.133546829223633,4.0,2.6110212802886963,0,1
52,prey,14,14,9.694954872131348,9.81608772277832,0.3821733295917511,0.18937699496746063,True,5.721937656402588,0.859847366809845,5.8656005859375,6.866706848144531,8.02719783782959,-1.3358139991760254,4.0,4.0,0,0
52,prey,15,15,-2.716567277908325,1.348464846611023,0.0999341681599617,0.9728948473930359,True,-2.8533737659454346,-3.4466707706451416,3.9306256771087646,0.47332048416137695,-1.66984224319458,1.1493134498596191,3.304065227508545,1.688489556312561,1,4
53,predator,0,0,-9.629568099975586,-5.41764497756958,0.1674477905035019,0.8173814415931702,True,1.1300195455551147,5.86569881439209,0.0,0.0,2.1437647342681885,2.656426429748535,1.9325459003448486,4.0,1,0
53,predator,1,1,-7.79614782333374,5.934223651885986,0.02447785623371601,0.0325024239718914,True,-4.933842658996582,-3.61444091796875,-6.04077672958374,-6.280543804168701,-2.1780948638916016,-4.898839950561523,4.0,3.7696259021759033,0,1
53,predator,2,2,0.46032845973968506,-4.118801116943359,-0.2523169219493866,-0.2609783709049225,True,-4.778921604156494,3.111403703689575,0.0,0.0,-5.636922359466553,-2.605292797088623,2.443633556365967,4.0,2,0
53,predator,3,3,-4.480579853057861,4.140599250793457,-0.6032902598381042,-0.5755072832107544,True,-1.9528052806854248,3.2573041915893555,2.701323986053467,6.290652751922607,-6.034494400024414,-1.2354581356048584,1.8051265478134155,3.7696259021759033,3,1
53,prey,0,0,0.9106661081314087,1.721177101135254,0.8518425226211548,-0.052928607910871506,True,-4.158811569213867,0.6065264940261841,3.5659523010253906,-0.5535589456558228,3.062864303588867,-4.983134746551514,4.0,1.606908917427063,0,2
53,prey,1,1,1.6510686874389648,-6.252690315246582,0.22609390318393707,0.711155354976654,True,6.77388334274292,-4.26655912399292,2.6259734630584717,1.2647944688796997,-8.268331527709961,3.824204921722412,2.443633556365967,1.4825736284255981,1,3
53,prey,2,2,-3.087651491165161,2.9924561977386475,0.547065019607544,-0.2619422674179077,True,1.4032505750656128,2.764115333557129,2.0806832313537598,-2.389983654022217,2.346863269805908,-5.440247535705566,1.8051265478134155,1.6774086952209473,1,3
53,prey,3,3,-2.359274387359619,6.409712791442871,-0.2232009470462799,-0.11742956936359406,True,7.638279438018799,-6.028234481811523,0.6706457734107971,-0.5496727824211121,-2.7947440147399902,-0.7073016166687012,3.1062538623809814,2.5698232650756836,1,2
53,prey,4,4,-4.533946514129639,-1.8260573148727417,0.8143873810768127,-0.07598137855529785,True,-3.5353150367736816,-4.106417179107666,0.5475212931632996,-0.2409803867340088,5.792662620544434,2.235382556915283,4.0,3.6653683185577393,0,1
53,prey,5,5,-7.9261322021484375,-4.504934787750244,0.14862364530563354,-0.4303673505783081,True,10.571249961853027,8.112714767456055,0.8065217733383179,-1.6269898414611816,1.0562167167663574,2.066923141479492,1.9325459003448486,4.0,1,0
53,prey,6,6,4.0466461181640625,5.723463535308838,0.3892972767353058,-0.6040622591972351,True,-0.6982994675636292,2.457597255706787,3.484095335006714,-1.2549898624420166,-8.902861595153809,-4.60577917098999,4.0,2.618189573287964,0,1
53,prey,7,7,0.06081363931298256,7.274100303649902,-0.33586814999580383,0.7914485931396484,True,-2.8387551307678223,-1.9952149391174316,3.512202739715576,-0.5554814338684082,-0.053546786308288574,0.9059245586395264,4.0,2.5698232650756836,0,1
53,prey,8,8,1.092404842376709,-9.30258560180664,-0.10367994755506516,-0.2000052034854889,True,-5.6652750968933105,-8.608856201171875,5.09684419631958,3.85689640045166,-0.03827069327235222,-4.3089919090271,4.0,1.5777655839920044,0,3
53,prey,9,9,-0.32670727372169495,2.7463910579681396,0.35216519236564636,-0.06587325781583786,True,5.371355056762695,9.671256065368652,1.0234050750732422,-1.7695386409759521,6.7092413902282715,-4.349278926849365,4.0,1.606908917427063,0,3
53,prey,10,10,-9.145525932312012,1.466612458229065,0.015773830935359,0.09028249233961105,True,3.391878843307495,0.0331193208694458,-0.8849063515663147,0.7798294425010681,2.384338855743408,4.251527786254883,4.0,4.0,0,0
53,prey,11,11,1.1996124982833862,-7.66485595703125,0.3569728434085846,-1.0879570245742798,True,0.7100908160209656,3.5028202533721924,-0.5618071556091309,0.8350288271903992,0.8921758532524109,1.1479060649871826,3.6222984790802,1.4825736284255981,1,3
53,prey,12,12,2.662510633468628,-9.457866668701172,-0.06365550309419632,-1.0394134521484375,True,-2.790065288543701,-8.77216625213623,3.2180469036102295,5.057956695556641,7.277466773986816,-5.419137001037598,4.0,1.5777655839920044,0,3
53,prey,13,13,4.7197041511535645,8.253663063049316,0.3163045644760132,0.3057165741920471,True,-0.18172645568847656,0.8794823884963989,5.18903112411499,-1.2579150199890137,-1.1662609577178955,1.6220762729644775,4.0,2.618189573287964,0,1
53,prey,14,14,9.698348045349121,9.817340850830078,0.40723249316215515,0.15041832625865936,True,-6.141825199127197,-3.9619698524475098,-0.30344444513320923,-0.7361605763435364,2.1328482627868652,-1.2338676452636719,4.0,4.0,0,0
53,prey,15,15,-2.7160372734069824,1.3567291498184204,0.06358720362186432,0.991718053817749,True,2.4172780513763428,-5.3467817306518555,3.420339345932007,-1.026640772819519,-7.077863693237305,6.055123329162598,3.2959890365600586,1.6774086952209473,1,4
54,predator,0,0,-9.62799072265625,-5.410743236541748,0.18934640288352966,0.828162670135498,True,5.188155651092529,6.782327651977539,0.0,0.0,-1.9491814374923706,3.4851303100585938,1.9278329610824585,4.0,1,0
54,predator,1,1,-7.796147346496582,5.934225082397461,3.684158582473174e-05,0.00016387774667236954,True,2.921879291534424,-3.3592143058776855,-1.9528052806854248,3.2573041915893555,6.734598636627197,5.6916327476501465,4.0,3.7674455642700195,0,1
54,predator,2,2,0.4579727053642273,-4.121227264404297,-0.2826889455318451,-0.29113128781318665,True,6.508084774017334,1.2642465829849243,0.0,0.0,0.6242147088050842,-0.018575072288513184,2.4379830360412598,4.0,2,0
54,predator,3,3,-4.485727787017822,4.135678768157959,-0.6177708506584167,-0.5904616713523865,True,2.409381628036499,8.173147201538086,-4.933842658996582,-3.61444091796875,-3.639739990234375,-1.377326488494873,1.8112053871154785,3.7674455642700195,3,1
54,prey,0,0,0.9180214405059814,1.7203677892684937,0.8826363682746887,-0.09712734073400497,True,-2.4903881549835205,-11.453369140625,1.3939704895019531,-0.3690970242023468,10.706043243408203,-3.9016358852386475,4.0,1.61014723777771,0,2
54,prey,1,1,1.6525441408157349,-6.246494293212891,0.17705488204956055,0.7435280680656433,True,-3.1059257984161377,-7.322272300720215,-2.58174991607666,-4.626067638397217,-2.2122321128845215,3.6239914894104004,2.4379830360412598,1.496187448501587,1,3
54,prey,2,2,-3.0828921794891357,2.9900271892547607,0.5711203217506409,-0.2914738953113556,True,-0.6502116918563843,-3.470654010772705,1.1837016344070435,-1.0236780643463135,1.2434579133987427,0.5501593351364136,1.8112053871154785,1.6658282279968262,1,3
54,prey,3,3,-2.361356735229492,6.408565521240234,-0.24987591803073883,-0.1376282274723053,True,-0.4616374671459198,-4.564042091369629,0.18775585293769836,1.2909973859786987,-0.04779994487762451,1.9220032691955566,3.1111037731170654,2.5718445777893066,1,2
54,prey,4,4,-4.526987552642822,-1.8263907432556152,0.8350540399551392,-0.040015436708927155,True,-3.3788962364196777,4.640310764312744,3.1660335063934326,2.6401584148406982,3.155716896057129,-2.106212854385376,4.0,3.6696462631225586,0,1
54,prey,5,5,-7.9245524406433105,-4.508059501647949,0.1895361989736557,-0.3749636113643646,True,6.742719650268555,9.251566886901855,-0.07171809673309326,-2.036648988723755,6.530970573425293,-7.695480823516846,1.9278329610824585,4.0,1,0
54,prey,6,6,4.04954195022583,5.718233585357666,0.3475474417209625,-0.627583384513855,True,-2.2463436126708984,-1.2219395637512207,-0.051913898438215256,-0.13802576065063477,-3.416219711303711,-2.124558448791504,4.0,2.6258273124694824,0,1
54,prey,7,7,0.05804666131734848,7.280845642089844,-0.3320373594760895,0.8094595670700073,True,-0.06919705867767334,0.041119784116744995,1.684475064277649,0.7148515582084656,-7.0833940505981445,6.290915012359619,4.0,2.5718445777893066,0,1
54,prey,8,8,1.0915576219558716,-9.304560661315918,-0.1016690656542778,-0.23697137832641602,True,-5.472878456115723,-2.772632122039795,1.56463623046875,-3.1786348819732666,-0.8602533340454102,-8.413379669189453,4.0,1.5790646076202393,0,3
54,prey,9,9,-0.32356342673301697,2.745570659637451,0.3772616982460022,-0.09843677282333374,True,3.2798476219177246,4.837660312652588,0.005737572908401489,-1.3461159467697144,3.010742664337158,-1.6444240808486938,4.0,1.61014723777771,0,3
54,prey,10,10,-9.14512825012207,1.4675899744033813,0.047626711428165436,0.11729715019464493,True,5.220935344696045,-3.948822498321533,2.714116096496582,0.3559077978134155,2.7859702110290527,5.766932487487793,4.0,4.0,0,0
54,prey,11,11,1.202797293663025,-7.67348575592041,0.38217926025390625,-1.0355650186538696,True,6.066549301147461,6.725940704345703,-0.5604856610298157,-7.215860843658447,-1.0409538745880127,0.5755813121795654,3.629504680633545,1.496187448501587,1,3
54,prey,12,12,2.662278175354004,-9.46667766571045,-0.02789929509162903,-1.0574012994766235,True,3.1320269107818604,3.0058999061584473,0.6062330603599548,-3.1241986751556396,-10.49428653717041,-1.6120208501815796,4.0,1.5790646076202393,0,3
54,prey,13,13,4.7219038009643555,8.25652027130127,0.2639211118221283,0.3429044485092163,True,-1.6213754415512085,3.017624855041504,0.6661509275436401,0.028686905279755592,10.0964937210083,-0.6474969983100891,4.0,2.6258273124694824,0,1
54,prey,14,14,9.701947212219238,9.818278312683105,0.4318876266479492,0.11245912313461304,True,-7.278924465179443,5.670219898223877,-0.44001296162605286,1.6685397624969482,1.8131483793258667,4.225053787231445,4.0,4.0,0,0
54,prey,15,15,-2.7158052921295166,1.3651484251022339,0.027833586558699608,1.0103073120117188,True,5.167418003082275,-1.90767502784729,1.038840413093567,0.13502155244350433,1.827033519744873,11.857410430908203,3.2876226902008057,1.6658282279968262,1,4
55,predator,0,0,-9.626646041870117,-5.403753757476807,0.1613437384366989,0.8387537598609924,True,4.720240592956543,10.457148551940918,0.0,0.0,-1.8886994123458862,7.382229328155518,1.923447847366333,4.0,1,0
55,predator,1,1,-7.795986652374268,5.934386253356934,0.019276591017842293,0.01936873234808445,True,-3.446784734725952,3.1289427280426025,2.409381628036499,8.173147201538086,-3.5624074935913086,7.736536502838135,4.0,3.765167474746704,0,1
55,predator,2,2,0.45580682158470154,-4.123592853546143,-0.2599071264266968,-0.2838609218597412,True,-2.9993748664855957,-1.621217131614685,0.0,0.0,-2.920111656188965,2.95949125289917,2.431885242462158,4.0,2,0
55,predator,3,3,-4.490995407104492,4.130634784698486,-0.632092297077179,-0.6052452325820923,True,-8.3605375289917,-10.001535415649414,2.921879291534424,-3.3592143058776855,-6.048322677612305,1.2555603981018066,1.817399263381958,3.765167474746704,3,1
55,prey,0,0,0.9255431294441223,1.7192827463150024,0.9026005864143372,-0.13019748032093048,True,1.3641414642333984,-4.156764984130859,0.2344256192445755,-0.235031396150589,6.90604305267334,-3.2873380184173584,4.0,1.6132407188415527,0,2
55,prey,1,1,1.6536184549331665,-6.240031719207764,0.12891250848770142,0.7754974961280823,True,6.880394458770752,7.585681438446045,1.2418992519378662,2.3197362422943115,8.420638084411621,-0.4881051182746887,2.431885242462158,1.5097463130950928,1,3
55,prey,2,2,-3.0778486728668213,2.9878504276275635,0.6052100658416748,-0.261210560798645,True,4.045027256011963,1.7407571077346802,1.038297414779663,-1.7649738788604736,3.858729839324951,-0.7435685396194458,1.817399263381958,1.65434730052948,1,3
55,prey,3,3,-2.3633787631988525,6.407742500305176,-0.2426392287015915,-0.09880796074867249,True,6.8906168937683105,-8.704752922058105,0.19567851722240448,-1.451033353805542,-8.215994834899902,-0.1361708641052246,3.116403818130493,2.5735535621643066,1,2
55,prey,4,4,-4.519770622253418,-1.8270941972732544,0.8660283088684082,-0.08441739529371262,True,-5.37078857421875,1.172430157661438,2.8783867359161377,-1.1152154207229614,4.8694305419921875,-4.160621643066406,4.0,3.674421787261963,0,1
55,prey,5,5,-7.922723293304443,-4.511397838592529,0.2194851189851761,-0.4005768597126007,True,-1.9435665607452393,-5.042928218841553,0.9210195541381836,0.34574413299560547,3.1504974365234375,-2.3388075828552246,1.923447847366333,4.0,1,0
55,prey,6,6,4.052096843719482,5.71281099319458,0.3065745532512665,-0.6506956219673157,True,-4.336627960205078,9.83935832977295,-1.4402790069580078,-0.4084644317626953,-0.36705344915390015,-0.3087180256843567,4.0,2.633554220199585,0,1
55,prey,7,7,0.05503679811954498,7.28776741027832,-0.3611838221549988,0.8306387662887573,True,3.5040926933288574,-8.270817756652832,0.13961561024188995,-2.1089136600494385,0.4670908451080322,0.11173748970031738,4.0,2.5735535621643066,0,1
55,prey,8,8,1.0904935598373413,-9.306755065917969,-0.12767918407917023,-0.2633729875087738,True,0.5126630067825317,-6.811009407043457,2.030883550643921,0.8031894564628601,4.904103755950928,-2.815714120864868,4.0,1.580316185951233,0,3
55,prey,9,9,-0.3201231062412262,2.7443978786468506,0.41283881664276123,-0.1407293975353241,True,2.2175121307373047,7.706256866455078,-0.7188289165496826,-1.864828109741211,3.2207508087158203,-8.705411911010742,4.0,1.6132407188415527,0,3
55,prey,10,10,-9.144474029541016,1.4687947034835815,0.07850207388401031,0.1445622593164444,True,12.843758583068848,-8.595173835754395,1.9702574014663696,2.128387212753296,3.3052663803100586,0.31835007667541504,4.0,4.0,0,0
55,prey,11,11,1.2055535316467285,-7.681756973266602,0.3307454288005829,-0.9925409555435181,True,13.779007911682129,3.4575493335723877,-1.8155924081802368,-2.3630013465881348,-3.2761988639831543,-7.751477241516113,3.636296510696411,1.5097463130950928,1,3
55,prey,12,12,2.661759853363037,-9.475637435913086,-0.062188874930143356,-1.0751726627349854,True,5.568680286407471,-2.695610523223877,-0.837418258190155,-1.1229877471923828,-5.6144914627075195,1.9599199295043945,4.0,1.580316185951233,0,3
55,prey,13,13,4.724335193634033,8.259122848510742,0.2917638421058655,0.31222179532051086,True,-1.981665015220642,-1.2753201723098755,-1.3552510738372803,0.9526036381721497,-2.12804913520813,1.8552229404449463,4.0,2.633554220199585,0,1
55,prey,14,14,9.705751419067383,9.819480895996094,0.45649078488349915,0.14431676268577576,True,0.34800082445144653,2.7275748252868652,-1.9338595867156982,0.8978426456451416,-4.106235504150391,1.698322057723999,4.0,4.0,0,0
55,prey,15,15,-2.715287685394287,1.3737207651138306,0.062107477337121964,1.0286833047866821,True,8.948081016540527,-1.9479339122772217,0.20720747113227844,-1.9882570505142212,5.127109527587891,6.851903438568115,3.279285430908203,1.65434730052948,1,4
56,predator,0,0,-9.625530242919922,-5.396677017211914,0.1338253915309906,0.8491994142532349,True,3.432587146759033,2.8519721031188965,0.0,0.0,-1.001523494720459,0.15650486946105957,1.9194295406341553,4.0,1,0
56,predator,1,1,-7.796118259429932,5.934794902801514,-0.015793390572071075,0.049006104469299316,True,-0.8415873050689697,2.2429676055908203,-8.3605375289917,-10.001535415649414,-2.685698986053467,-9.919543266296387,4.0,3.763035774230957,0,1
56,predator,2,2,0.4534955322742462,-4.125690460205078,-0.27735409140586853,-0.25172895193099976,True,-3.637453556060791,-2.249425172805786,0.0,0.0,-1.2167727947235107,-4.330047607421875,2.4265499114990234,4.0,2,0
56,predator,3,3,-4.4963788986206055,4.125884056091309,-0.6460244059562683,-0.5701074004173279,True,-1.6432032585144043,-0.2649695873260498,-3.446784734725952,3.1289427280426025,-6.814298152923584,-5.60960054397583,1.824277639389038,3.763035774230957,3,1
56,prey,0,0,0.9333170056343079,1.7178397178649902,0.9328707456588745,-0.17317001521587372,True,3.494236946105957,-12.053755760192871,2.2711308002471924,0.21932819485664368,4.597970485687256,-7.761208534240723,4.0,1.6164352893829346,0,2
56,prey,1,1,1.6550484895706177,-6.233868598937988,0.17160539329051971,0.7395539879798889,True,-7.59381103515625,-9.128105163574219,6.6201171875,-2.0163567066192627,-2.0523266792297363,2.937343120574951,2.4265499114990234,1.5233933925628662,1,3
56,prey,2,2,-3.0725231170654297,2.9854350090026855,0.6390799880027771,-0.2898619771003723,True,0.3184715807437897,5.520036220550537,4.342487812042236,-3.2566795349121094,2.957481861114502,-6.7954864501953125,1.824277639389038,1.6424216032028198,1,3
56,prey,3,3,-2.3656177520751953,6.406907558441162,-0.2687036395072937,-0.10019785910844803,True,9.76724624633789,-2.674626588821411,1.9657946825027466,0.5193621516227722,-0.5814478397369385,3.053427219390869,3.1214118003845215,2.5756380558013916,1,2
56,prey,4,4,-4.512385845184326,-1.8280749320983887,0.886175274848938,-0.11768433451652527,True,4.131618022918701,4.242861747741699,4.579158782958984,-1.715964674949646,7.081412315368652,-4.959044933319092,4.0,3.679774761199951,0,1
56,prey,5,5,-7.92056131362915,-4.515036106109619,0.2594747543334961,-0.4366195499897003,True,-9.387721061706543,-0.36171138286590576,3.736485004425049,-3.711371898651123,0.44307470321655273,1.4974368810653687,1.9194295406341553,4.0,1,0
56,prey,6,6,4.054498672485352,5.707399845123291,0.2882145047187805,-0.6493666172027588,True,8.003570556640625,7.51027250289917,2.0571165084838867,-1.99563729763031,2.42134952545166,-13.685100555419922,4.0,2.6414968967437744,0,1
56,prey,7,7,0.052213072776794434,7.294604301452637,-0.3388468623161316,0.8203979730606079,True,-2.1855454444885254,-6.395975589752197,2.4495837688446045,0.4573715031147003,-8.936199188232422,6.987928867340088,4.0,2.5756380558013916,0,1
56,prey,8,8,1.0898319482803345,-9.30925178527832,-0.07939737290143967,-0.29955267906188965,True,-0.6891798973083496,-5.126536846160889,8.742693901062012,2.7825400829315186,3.1209042072296143,7.361252784729004,4.0,1.580834984779358,0,3
56,prey,9,9,-0.31647512316703796,2.7429654598236084,0.43775880336761475,-0.17189952731132507,True,0.1941531002521515,10.486881256103516,1.632859706878662,-1.450380563735962,12.261103630065918,-10.374360084533691,4.0,1.6164352893829346,0,3
56,prey,10,10,-9.143486022949219,1.4700604677200317,0.11859052628278732,0.15190178155899048,True,-2.5819036960601807,-3.8579063415527344,1.4196882247924805,-1.019418716430664,-1.8146358728408813,-6.342980861663818,4.0,4.0,0,0
56,prey,11,11,1.2079757452011108,-7.690183639526367,0.2906659245491028,-1.0112205743789673,True,1.2168205976486206,-7.555610179901123,4.3205790519714355,-0.6403128504753113,10.17726993560791,-2.9634666442871094,3.6434669494628906,1.5233933925628662,1,3
56,prey,12,12,2.6609609127044678,-9.484160423278809,-0.09588668495416641,-1.0227278470993042,True,-0.24229276180267334,-3.8494338989257812,7.0573554039001465,1.4107404947280884,3.6001436710357666,-6.621973991394043,4.0,1.580834984779358,0,3
56,prey,13,13,4.726334095001221,8.262031555175781,0.23989927768707275,0.3491275906562805,True,1.3311668634414673,-8.194928169250488,1.7247188091278076,0.6595238447189331,-1.1075372695922852,2.1397061347961426,4.0,2.6414968967437744,0,1
56,prey,14,14,9.70917797088623,9.820940971374512,0.41115832328796387,0.17522311210632324,True,-7.244723796844482,6.962491989135742,-3.159146547317505,4.282019138336182,1.7303932905197144,2.789116859436035,4.0,4.0,0,0
56,prey,15,15,-2.714402198791504,1.382532000541687,0.10626420378684998,1.057346224784851,True,4.848347187042236,-5.075537204742432,3.6420514583587646,-2.7297234535217285,-4.9635114669799805,2.772770881652832,3.2713027000427246,1.6424216032028198,1,4
57,predator,0,0,-9.624641418457031,-5.389690399169922,0.10675595700740814,0.8384230732917786,True,2.8530502319335938,5.023688316345215,0.0,0.0,0.30612295866012573,3.1318585872650146,1.9159440994262695,4.0,1,0
57,predator,1,1,-7.79649543762207,5.934874534606934,-0.045224856585264206,0.009596635587513447,True,-1.9213775396347046,-3.1612257957458496,-1.6432032585144043,-0.2649695873260498,3.140981674194336,-0.4694669842720032,4.0,3.7609333992004395,0,1
57,predator,2,2,0.45093515515327454,-4.128042697906494,-0.30724525451660156,-0.2822566628456116,True,-1.4867361783981323,0.9369775056838989,0.0,0.0,-6.819417476654053,-1.1004589796066284,2.4207093715667725,4.0,2,0
57,predator,3,3,-4.501877784729004,4.121006965637207,-0.6598971486091614,-0.5852609872817993,True,6.4694647789001465,-4.146987438201904,-0.8415873050689697,2.2429676055908203,0.2039625644683838,-6.251631736755371,1.8316341638565063,3.7609333992004395,3,1
57,prey,0,0,0.9413405060768127,1.7160440683364868,0.9628164172172546,-0.2154802829027176,True,-5.514364719390869,-3.697183132171631,3.5825517177581787,1.9448446035385132,6.639942646026611,1.4312673807144165,4.0,1.619605541229248,0,2
57,prey,1,1,1.6560781002044678,-6.227438926696777,0.12355463951826096,0.7715606093406677,True,5.128791809082031,-5.336881160736084,0.09511598199605942,-5.51052713394165,-5.142168998718262,10.55964469909668,2.4207093715667725,1.5373318195343018,1,3
57,prey,2,2,-3.0669171810150146,2.98268723487854,0.6727062463760376,-0.329710453748703,True,6.459704399108887,-3.454599142074585,2.524021863937378,-2.1897225379943848,-1.4454227685928345,0.38208556175231934,1.8316341638565063,1.6299024820327759,1,3
57,prey,3,3,-2.367948055267334,6.406383514404297,-0.27963733673095703,-0.06286732852458954,True,-0.5278856158256531,-4.6676836013793945,2.2863430976867676,-1.1718579530715942,-1.44024658203125,4.877364635467529,3.126755714416504,2.5775551795959473,1,2
57,prey,4,4,-4.50474739074707,-1.8294153213500977,0.916628897190094,-0.16084398329257965,True,0.1886376142501831,1.3895920515060425,-0.5190693736076355,-0.8903322219848633,12.92138957977295,2.432676315307617,4.0,3.6853301525115967,0,1
57,prey,5,5,-7.91832160949707,-4.518303871154785,0.26873210072517395,-0.39213353395462036,True,3.6727752685546875,2.520732879638672,0.7748571634292603,0.19247770309448242,-0.05457258224487305,-2.3649818897247314,1.9159440994262695,4.0,1,0
57,prey,6,6,4.057232856750488,5.701709270477295,0.32811781764030457,-0.6828723549842834,True,2.27547550201416,7.427164554595947,0.8927556872367859,-1.9783188104629517,2.0667436122894287,-6.630440711975098,4.0,2.649812936782837,0,1
57,prey,7,7,0.04914718121290207,7.301616191864014,-0.3679070472717285,0.841454803943634,True,-1.0936845541000366,-4.844090938568115,3.993884801864624,-0.6402366757392883,-3.6856462955474854,6.240548133850098,4.0,2.5775551795959473,0,1
57,prey,8,8,1.0894768238067627,-9.311375617980957,-0.042615488171577454,-0.2548549771308899,True,0.6571248173713684,-2.320204734802246,-2.206427812576294,-6.844383239746094,1.5498255491256714,2.38798451423645,4.0,1.5814323425292969,0,3
57,prey,9,9,-0.3125324249267578,2.7411904335021973,0.473122239112854,-0.21299098432064056,True,7.508054733276367,11.208625793457031,3.7136390209198,-2.1402065753936768,8.302085876464844,-3.934460163116455,4.0,1.619605541229248,0,3
57,prey,10,10,-9.142833709716797,1.470973014831543,0.07824793457984924,0.10949578881263733,True,6.230539798736572,-4.413585186004639,-0.022321105003356934,1.0814121961593628,3.1567091941833496,-8.321340560913086,4.0,4.0,0,0
57,prey,11,11,1.2107356786727905,-7.698853015899658,0.33119890093803406,-1.0402859449386597,True,9.497386932373047,6.946115016937256,-2.841761350631714,-6.034692287445068,-0.7706350088119507,-1.7791647911071777,3.6507511138916016,1.5373318195343018,1,3
57,prey,12,12,2.66046404838562,-9.49283504486084,-0.0596102736890316,-1.0409284830093384,True,2.2533648014068604,-0.8999298810958862,-2.3553903102874756,-7.270084381103516,-9.375481605529785,-5.711616039276123,4.0,1.5814323425292969,0,3
57,prey,13,13,4.727912425994873,8.265241622924805,0.18937014043331146,0.38522061705589294,True,-0.7661464214324951,-3.304574966430664,1.7069400548934937,3.1778087615966797,-2.464817762374878,2.5592477321624756,4.0,2.649812936782837,0,1
57,prey,14,14,9.712813377380371,9.822654724121094,0.4362853169441223,0.20568019151687622,True,-11.667905807495117,2.3919591903686523,4.6673688888549805,-0.3423278331756592,-0.8572652339935303,6.587005615234375,4.0,4.0,0,0
57,prey,15,15,-2.713820457458496,1.391491174697876,0.06982086598873138,1.0751007795333862,True,5.879004955291748,-0.5808234214782715,1.8768967390060425,-0.6760693788528442,6.672472953796387,-4.013248443603516,3.2630362510681152,1.6299024820327759,1,4
58,predator,0,0,-9.623703002929688,-5.3826165199279785,0.11251479387283325,0.8488727807998657,True,6.044642448425293,1.3994314670562744,0.0,0.0,-0.6344047784805298,-1.332892656326294,1.912269115447998,4.0,1,0
58,predator,1,1,-7.796594619750977,5.934864044189453,-0.01190076395869255,-0.0012941997265443206,True,4.982504844665527,6.7168192863464355,6.4694647789001465,-4.146987438201904,-9.237167358398438,11.133768081665039,4.0,3.758734703063965,0,1
58,predator,2,2,0.4481273591518402,-4.1306471824646,-0.33693727850914,-0.3125305473804474,True,4.957099914550781,6.4777750968933105,0.0,0.0,-5.095165252685547,6.449716091156006,2.414491653442383,4.0,2,0
58,predator,3,3,-4.507241725921631,4.116005897521973,-0.6436437964439392,-0.6000966429710388,True,-7.368870258331299,2.196981906890869,-1.9213775396347046,-3.1612257957458496,-9.332878112792969,0.5127316117286682,1.8384382724761963,3.758734703063965,3,1
58,prey,0,0,0.9495221972465515,1.714566946029663,0.9818031787872314,-0.17724570631980896,True,1.0774784088134766,-5.445699691772461,2.955615520477295,0.9254550933837891,-0.06046748161315918,1.3479866981506348,4.0,1.6222610473632812,0,2
58,prey,1,1,1.6568009853363037,-6.2208333015441895,0.08674807846546173,0.7927070260047913,True,-1.513692855834961,-2.1761677265167236,4.135958671569824,1.2419934272766113,3.8855574131011963,-0.7189822793006897,2.414491653442383,1.5516979694366455,1,3
58,prey,2,2,-3.0617048740386963,2.9801015853881836,0.6254805326461792,-0.31030014157295227,True,-6.027006149291992,0.03145790100097656,1.8100433349609375,-0.8007354736328125,3.5737833976745605,-6.051537990570068,1.8384382724761963,1.6181169748306274,1,3
58,prey,3,3,-2.3704898357391357,6.4061598777771,-0.30499452352523804,-0.026814084500074387,True,4.811909198760986,-1.2091317176818848,2.106863498687744,0.39350271224975586,-5.162859916687012,7.25703763961792,3.132174015045166,2.5793724060058594,1,2
58,prey,4,4,-4.496945858001709,-1.8304443359375,0.9361515045166016,-0.12348203361034393,True,-5.255905628204346,-3.7905564308166504,4.039285659790039,0.2638613283634186,2.2067770957946777,7.613750457763672,4.0,3.6903207302093506,0,1
58,prey,5,5,-7.9161481857299805,-4.521785736083984,0.26083922386169434,-0.41778838634490967,True,-1.4054276943206787,6.660503387451172,3.2095887660980225,-1.5119965076446533,-0.4302692413330078,-6.649627208709717,1.912269115447998,4.0,1,0
58,prey,6,6,4.060208320617676,5.695829391479492,0.35702231526374817,-0.7055788040161133,True,6.857925891876221,7.626363277435303,-2.010322332382202,-0.48549142479896545,6.193387508392334,0.37943586707115173,4.0,2.6584386825561523,0,1
58,prey,7,7,0.04575541615486145,7.308889865875244,-0.40701165795326233,0.8728195428848267,True,-3.03958797454834,-4.129475116729736,2.1876919269561768,0.41870370507240295,-6.793757438659668,1.2694473266601562,4.0,2.5793724060058594,0,1
58,prey,8,8,1.0894174575805664,-9.313128471374512,-0.007115394342690706,-0.21034865081310272,True,5.776429653167725,-8.699118614196777,5.626514434814453,0.23643465340137482,7.111711025238037,3.044614553451538,4.0,1.5815457105636597,0,3
58,prey,9,9,-0.3082965016365051,2.7390780448913574,0.5083119869232178,-0.25349509716033936,True,1.9845904111862183,11.638630867004395,0.8625926375389099,-1.4665248394012451,3.7427845001220703,-4.41611385345459,4.0,1.6222610473632812,0,3
58,prey,10,10,-9.141950607299805,1.4715521335601807,0.10604053735733032,0.06949689239263535,True,3.7511537075042725,-2.463505744934082,4.050030708312988,-0.03127443790435791,10.998800277709961,2.3674097061157227,4.0,4.0,0,0
58,prey,11,11,1.2131614685058594,-7.707759857177734,0.2910985052585602,-1.068830132484436,True,-2.9119043350219727,-7.684884548187256,2.679760694503784,-2.8523385524749756,10.561601638793945,-4.203434467315674,3.6580066680908203,1.5516979694366455,1,3
58,prey,12,12,2.6596858501434326,-9.501659393310547,-0.09338566660881042,-1.058924674987793,True,-1.0691460371017456,0.9797868728637695,5.09443473815918,-0.236990287899971,8.389993667602539,-5.7020158767700195,4.0,1.5815457105636597,0,3
58,prey,13,13,4.7290802001953125,8.268747329711914,0.14015866816043854,0.4206709861755371,True,1.7916902303695679,-5.851402759552002,-0.7011890411376953,2.303194999694824,-2.2002196311950684,1.1204938888549805,4.0,2.6584386825561523,0,1
58,prey,14,14,9.716117858886719,9.824615478515625,0.3965556025505066,0.23523926734924316,True,-8.018074989318848,5.635330677032471,0.7546645402908325,2.0612947940826416,2.293823719024658,4.934263706207275,4.0,4.0,0,0
58,prey,15,15,-2.712958812713623,1.4000133275985718,0.10339446365833282,1.022661805152893,True,10.006760597229004,1.9323762655258179,1.8930003643035889,-1.2112748622894287,2.0377767086029053,10.521383285522461,3.255160093307495,1.6181169748306274,1,4
59,predator,0,0,-9.622913360595703,-5.37587308883667,0.0948321595788002,0.8091880679130554,True,3.0012869834899902,1.5179418325424194,0.0,0.0,5.045821189880371,3.131112575531006,1.9086798429489136,4.0,1,0
59,predator,1,1,-7.796844482421875,5.935024738311768,-0.029974566772580147,0.0192897766828537,True,-5.962667942047119,1.490347981452942,-7.368870258331299,2.196981906890869,3.4106225967407227,-3.6629810333251953,4.0,3.756570339202881,0,1
59,predator,2,2,0.4450790584087372,-4.132883071899414,-0.36579644680023193,-0.26829513907432556,True,4.515614032745361,3.7295703887939453,0.0,0.0,4.610240459442139,-1.5569897890090942,2.4092559814453125,4.0,2,0
59,predator,3,3,-4.512720584869385,4.111196041107178,-0.6574585437774658,-0.5771844387054443,True,0.17121928930282593,4.911021709442139,4.982504844665527,6.7168192863464355,-9.586220741271973,-5.098289489746094,1.845914363861084,3.756570339202881,3,1
59,prey,0,0,0.9575507640838623,1.7134037017822266,0.9634256362915039,-0.13959801197052002,True,-2.5387842655181885,-8.785043716430664,1.334097981452942,1.7285236120224,12.781632423400879,-3.2892072200775146,4.0,1.6242918968200684,0,2
59,prey,1,1,1.657886028289795,-6.214616298675537,0.1301930993795395,0.7460033893585205,True,-1.5795714855194092,-4.941090106964111,0.598459780216217,-5.134738445281982,-5.131165504455566,2.724583148956299,2.4092559814453125,1.5659477710723877,1,3
59,prey,2,2,-3.0562102794647217,2.977186679840088,0.6593313217163086,-0.3497750759124756,True,7.546702861785889,-1.7702703475952148,1.9052000045776367,-0.4953373372554779,0.3551810681819916,-1.530114769935608,1.845914363861084,1.6057950258255005,1,3
59,prey,3,3,-2.3732411861419678,6.4062275886535645,-0.3301616907119751,0.008130967617034912,True,1.3944734334945679,-3.5716679096221924,1.807407259941101,0.8288930654525757,0.5000101327896118,6.685661792755127,3.137601137161255,2.5811450481414795,1,2
59,prey,4,4,-4.488984107971191,-1.831167221069336,0.9554272890090942,-0.08674351871013641,True,-3.798552989959717,-0.7222477197647095,1.5645915269851685,2.0589606761932373,1.7005224227905273,-5.689363479614258,4.0,3.6953811645507812,0,1
59,prey,5,5,-7.9141459465026855,-4.525477409362793,0.2402588427066803,-0.443003386259079,True,7.878602027893066,9.2960786819458,-0.7523759603500366,-3.127031087875366,-0.649215817451477,-13.070066452026367,1.9086798429489136,4.0,1,0
59,prey,6,6,4.063506126403809,5.6901960372924805,0.3957292139530182,-0.6759970784187317,True,4.914722442626953,11.825008392333984,-0.23199909925460815,0.10637553781270981,1.2583932876586914,-5.722465515136719,4.0,2.666934013366699,0,1
59,prey,7,7,0.04212955757975578,7.316334247589111,-0.43510305881500244,0.8933303952217102,True,-1.634713053703308,-2.004218578338623,2.9290497303009033,1.2460849285125732,-6.974681854248047,3.4692130088806152,4.0,2.5811450481414795,0,1
59,prey,8,8,1.0897221565246582,-9.31442642211914,0.036553677171468735,-0.15582919120788574,True,-3.6027040481567383,3.1034536361694336,-1.8315811157226562,-2.9604218006134033,-5.662112236022949,-13.93995189666748,4.0,1.5818010568618774,0,3
59,prey,9,9,-0.3038567304611206,2.7367196083068848,0.532771110534668,-0.2830042243003845,True,9.718673706054688,11.4404878616333,1.2779080867767334,-1.3545085191726685,-3.525449275970459,2.930192470550537,4.0,1.6242918968200684,0,3
59,prey,10,10,-9.140746116638184,1.4724664688110352,0.1445317268371582,0.10972727835178375,True,11.667777061462402,-7.24894380569458,-0.6703946590423584,1.2084453105926514,3.1478209495544434,3.75384521484375,4.0,4.0,0,0
59,prey,11,11,1.2159254550933838,-7.716902256011963,0.3316746652126312,-1.097119927406311,True,8.757638931274414,3.397664785385132,1.0645302534103394,-3.298499822616577,-2.8338003158569336,-3.3208563327789307,3.66597843170166,1.5659477710723877,1,3
59,prey,12,12,2.6592965126037598,-9.510719299316406,-0.046733055263757706,-1.0871561765670776,True,6.603726387023926,-3.4712581634521484,0.4502774775028229,-6.186723709106445,-0.513006865978241,-1.259195327758789,4.0,1.5818010568618774,0,3
59,prey,13,13,4.729848384857178,8.272544860839844,0.09219476580619812,0.4556286931037903,True,-2.6659083366394043,2.254055976867676,0.5193525552749634,3.9123435020446777,-2.3914403915405273,6.134298324584961,4.0,2.666934013366699,0,1
59,prey,14,14,9.719636917114258,9.82681941986084,0.4222138822078705,0.26446714997291565,True,-16.716337203979492,-0.9255810976028442,4.324808120727539,0.8874802589416504,1.833865761756897,-3.169301986694336,4.0,4.0,0,0
59,prey,15,15,-2.7117347717285156,1.4087752103805542,0.14688938856124878,1.0514248609542847,True,1.5459203720092773,4.539243698120117,-0.38533830642700195,-0.7668970823287964,2.2333462238311768,7.495062351226807,3.2475571632385254,1.6057950258255005,1,4
60,predator,0,0,-9.621827125549316,-5.368935585021973,0.13035152852535248,0.8324918746948242,True,2.244546890258789,4.149691581726074,0.0,0.0,1.9236540794372559,6.486038684844971,1.9044922590255737,4.0,1,0
60,predator,1,1,-7.796806812286377,5.934935092926025,0.0045098126865923405,-0.010747885331511497,True,-8.75289249420166,-2.8418774604797363,0.17121928930282593,4.911021709442139,1.9749879837036133,12.413143157958984,4.0,3.7540066242218018,0,1
60,predator,2,2,0.44230917096138,-4.1352691650390625,-0.3323870003223419,-0.28633439540863037,True,9.646933555603027,1.3463999032974243,0.0,0.0,1.7869288921356201,-0.6775156259536743,2.403346300125122,4.0,2,0
60,predator,3,3,-4.518313884735107,4.106260776519775,-0.6711926460266113,-0.5922666788101196,True,6.08808708190918,-1.4528508186340332,-5.962667942047119,1.490347981452942,6.926419258117676,-3.432363510131836,1.8535888195037842,3.7540066242218018,3,1
60,prey,0,0,0.9657378196716309,1.7119699716567993,0.9824496507644653,-0.17204149067401886,True,4.9207868576049805,-9.738251686096191,2.8124606609344482,2.81947660446167,10.903877258300781,-1.8188402652740479,4.0,1.6271321773529053,0,2
60,prey,1,1,1.6585766077041626,-6.208133697509766,0.08287356793880463,0.777911901473999,True,-8.009690284729004,6.1813130378723145,3.919553756713867,1.009953498840332,-2.491171360015869,-0.8167507648468018,2.403346300125122,1.580596923828125,1,3
60,prey,2,2,-3.0507113933563232,2.9740352630615234,0.6598709225654602,-0.378165602684021,True,5.471981048583984,8.607000350952148,2.336399555206299,-0.9074843525886536,6.913987159729004,-0.39922118186950684,1.8535888195037842,1.593154788017273,1,3
60,prey,3,3,-2.3757638931274414,6.4065775871276855,-0.30273351073265076,0.041963350027799606,True,-3.450796127319336,2.0113348960876465,2.4123737812042236,2.499894857406616,-2.0833444595336914,2.547654867172241,3.143561363220215,2.582468271255493,1,2
60,prey,4,4,-4.480863094329834,-1.8321675062179565,0.9745125770568848,-0.12003694474697113,True,-0.3187076151371002,0.7788124680519104,5.969815731048584,1.2452588081359863,0.13853919506072998,-0.09877435863018036,4.0,3.7008988857269287,0,1
60,prey,5,5,-7.912374019622803,-4.5293755531311035,0.21264615654945374,-0.46778416633605957,True,-2.202808380126953,1.52989661693573,3.9346120357513428,-3.985595703125,0.2917724847793579,-4.399362087249756,1.9044922590255737,4.0,1,0
60,prey,6,6,4.067122936248779,5.684283256530762,0.43402060866355896,-0.7095027565956116,True,8.51815128326416,13.056205749511719,-2.073765754699707,-0.26532793045043945,7.130673885345459,-1.6375482082366943,4.0,2.675748348236084,0,1
60,prey,7,7,0.03827293589711189,7.323947906494141,-0.46279484033584595,0.9136165976524353,True,0.08511406183242798,4.633012294769287,2.845114231109619,2.2759735584259033,-4.438417434692383,9.823834419250488,4.0,2.582468271255493,0,1
60,prey,8,8,1.0897331237792969,-9.315942764282227,0.0013174039777368307,-0.18190093338489532,True,7.368289470672607,-1.378374457359314,4.593931198120117,-1.6715612411499023,3.863007068634033,-5.5811238288879395,4.0,1.5822021961212158,0,3
60,prey,9,9,-0.2997992932796478,2.734699010848999,0.4868944585323334,-0.2424691617488861,True,0.42489734292030334,8.873358726501465,0.5954825282096863,0.22060748934745789,0.448583722114563,0.8918200135231018,4.0,1.6271321773529053,0,3
60,prey,10,10,-9.13922119140625,1.47371244430542,0.18298983573913574,0.1495145559310913,True,12.409537315368652,1.0451077222824097,3.293168067932129,2.8357009887695312,-7.129578590393066,5.151019096374512,4.0,4.0,0,0
60,prey,11,11,1.2183557748794556,-7.726189136505127,0.29163768887519836,-1.1143989562988281,True,8.664164543151855,3.0722179412841797,0.4738168716430664,-1.7696315050125122,5.508766174316406,-7.058384895324707,3.6738200187683105,1.580596923828125,1,3
60,prey,12,12,2.658720016479492,-9.520010948181152,-0.06916337460279465,-1.1150370836257935,True,1.5152816772460938,-0.5286651849746704,1.1917877197265625,0.520009458065033,4.177325248718262,-13.18455696105957,4.0,1.5822021961212158,0,3
60,prey,13,13,4.730312824249268,8.276542663574219,0.055689893662929535,0.4797273576259613,True,-2.876908779144287,-13.067025184631348,-0.4646362364292145,3.3528056144714355,6.764487266540527,11.201593399047852,4.0,2.675748348236084,0,1
60,prey,14,14,9.723363876342773,9.82868766784668,0.44726938009262085,0.22415310144424438,True,0.6429644823074341,0.2863410711288452,1.1244070529937744,7.03953218460083,1.8517314195632935,0.19937396049499512,4.0,4.0,0,0
60,prey,15,15,-2.7102408409118652,1.4176863431930542,0.17927566170692444,1.069331169128418,True,1.0467171669006348,-0.37869885563850403,3.1936538219451904,-1.8088434934616089,-1.9285430908203125,1.6398875713348389,3.2399938106536865,1.593154788017273,1,4
61,predator,0,0,-9.620553016662598,-5.361910343170166,0.15289266407489777,0.8430558443069458,True,2.9563021659851074,4.130039691925049,0.0,0.0,2.0526914596557617,1.5140156745910645,1.900087594985962,4.0,1,0
61,predator,1,1,-7.79651403427124,5.935122013092041,0.035099975764751434,0.022399703040719032,True,3.8830580711364746,-0.10159122943878174,6.08808708190918,-1.4528508186340332,-2.9903759956359863,5.359025955200195,4.0,3.7516915798187256,0,1
61,predator,2,2,0.43991515040397644,-4.137803077697754,-0.28728020191192627,-0.30408209562301636,True,1.8886828422546387,2.0392251014709473,0.0,0.0,-14.53933048248291,0.29668712615966797,2.397311210632324,4.0,2,0
61,predator,3,3,-4.5236053466796875,4.101202964782715,-0.6349827647209167,-0.6069410443305969,True,-1.6768628358840942,-4.674994945526123,-8.75289249420166,-2.8418774604797363,-16.94556999206543,-0.17907088994979858,1.8612650632858276,3.7516915798187256,3,1
61,prey,0,0,0.9740816354751587,1.7102701663970947,1.0012613534927368,-0.20397929847240448,True,-3.758402109146118,0.3056368827819824,1.6824796199798584,5.368718147277832,3.977151870727539,9.650812149047852,4.0,1.6304402351379395,0,2
61,prey,1,1,1.6588795185089111,-6.2020769119262695,0.036349985748529434,0.7268075942993164,True,0.2705627679824829,2.920428514480591,5.849245071411133,0.38839277625083923,11.186444282531738,-6.196658611297607,2.397311210632324,1.5948820114135742,1,3
61,prey,2,2,-3.0449330806732178,2.9707889556884766,0.6934024691581726,-0.3895537555217743,True,10.345863342285156,0.08270862698554993,2.1596500873565674,1.0320965051651,-0.23141968250274658,-2.2636208534240723,1.8612650632858276,1.5800496339797974,1,3
61,prey,3,3,-2.3784983158111572,6.407201766967773,-0.3281165063381195,0.07491569221019745,True,-8.275077819824219,1.1892088651657104,2.512962579727173,1.712228775024414,-3.4278464317321777,3.056035041809082,3.1494626998901367,2.583758592605591,1,2
61,prey,4,4,-4.472836494445801,-1.8331798315048218,0.9632032513618469,-0.12148001790046692,True,-4.1561126708984375,-11.416044235229492,3.678518533706665,1.6564021110534668,-4.424469947814941,1.9237730503082275,4.0,3.7065176963806152,0,1
61,prey,5,5,-7.910530090332031,-4.533565998077393,0.22128580510616302,-0.5028515458106995,True,-0.6027292013168335,-2.3378233909606934,6.045414924621582,0.9119601249694824,-3.074918031692505,-2.5906424522399902,1.900087594985962,4.0,1,0
61,prey,6,6,4.070967197418213,5.678182125091553,0.4613482356071472,-0.7321730852127075,True,2.223634719848633,10.467561721801758,-0.04232371225953102,-1.1668715476989746,-4.355021953582764,-1.3008973598480225,4.0,2.685068130493164,0,1
61,prey,7,7,0.034188829362392426,7.331728458404541,-0.4900924563407898,0.9336725473403931,True,-2.6782379150390625,-3.222217321395874,2.0078327655792236,1.3377034664154053,-0.5348261594772339,8.306646347045898,4.0,2.583758592605591,0,1
61,prey,8,8,1.0900243520736694,-9.317675590515137,0.03495527431368828,-0.2079436182975769,True,-1.220533847808838,-1.0168063640594482,0.72325199842453,2.9082882404327393,2.0484466552734375,-6.321800708770752,4.0,1.5826501846313477,0,3
61,prey,9,9,-0.29566115140914917,2.7330548763275146,0.4965759813785553,-0.19731299579143524,True,5.936135768890381,11.819700241088867,1.6745420694351196,0.7377988696098328,6.566874027252197,0.964884877204895,4.0,1.6304402351379395,0,3
61,prey,10,10,-9.13812255859375,1.4752753973007202,0.13184596598148346,0.18755659461021423,True,9.689030647277832,-1.2370268106460571,0.9992955923080444,2.6342525482177734,2.961193084716797,5.473348617553711,4.0,4.0,0,0
61,prey,11,11,1.2211244106292725,-7.735706329345703,0.33223751187324524,-1.142059087753296,True,8.029889106750488,7.536983013153076,0.2912936210632324,1.4247578382492065,-1.161616325378418,-4.454184532165527,3.6817381381988525,1.5873920917510986,1,3
61,prey,12,12,2.658442497253418,-9.529444694519043,-0.03331374749541283,-1.1320303678512573,True,5.657703876495361,-1.5899664163589478,2.6742546558380127,2.6250522136688232,-0.6983843445777893,-8.009214401245117,4.0,1.5826501846313477,0,3
61,prey,13,13,4.73114013671875,8.280827522277832,0.09929611533880234,0.5142355561256409,True,3.033698081970215,9.572776794433594,1.2440661191940308,5.772050380706787,0.2077336311340332,2.381652355194092,4.0,2.685068130493164,0,1
61,prey,14,14,9.72729778289795,9.830572128295898,0.4721010625362396,0.22619718313217163,True,-8.874442100524902,-9.960906982421875,2.8206212520599365,-0.005409717559814453,0.6041768193244934,0.4520101547241211,4.0,4.0,0,0
61,prey,15,15,-2.7091469764709473,1.4268314838409424,0.13124756515026093,1.0974266529083252,True,1.9064357280731201,-2.995666980743408,2.79183030128479,2.315767765045166,1.2203974723815918,5.375979900360107,3.2317986488342285,1.5800496339797974,1,4
62,predator,0,0,-9.619093894958496,-5.35479736328125,0.17506790161132812,0.8535244464874268,True,2.264791488647461,0.3098759055137634,0.0,0.0,7.002077102661133,2.835948944091797,1.8951541185379028,4.0,1,0
62,predator,1,1,-7.796445369720459,5.935449123382568,0.008266988210380077,0.039302367717027664,True,4.759927272796631,-5.776834487915039,-1.6768628358840942,-4.674994945526123,9.901468276977539,-4.766876220703125,4.0,3.7495296001434326,0,1
62,predator,2,2,0.43727341294288635,-4.140183925628662,-0.3170097768306732,-0.2856867015361786,True,-8.966011047363281,4.628371238708496,0.0,0.0,2.416083574295044,0.9256294965744019,2.392163038253784,4.0,2,0
62,predator,3,3,-4.529013633728027,4.096193313598633,-0.6490153074264526,-0.6011126637458801,True,-5.317078113555908,5.836379051208496,3.8830580711364746,-0.10159122943878174,-7.394071578979492,-3.819657802581787,1.8691045045852661,3.7495296001434326,3,1
62,prey,0,0,0.9826670289039612,1.708974003791809,1.0302451848983765,-0.1555425524711609,True,-11.219392776489258,-5.284435272216797,0.7575202584266663,0.8464643359184265,7.873016357421875,-0.9430611729621887,4.0,1.6337271928787231,0,2
62,prey,1,1,1.6595512628555298,-6.1965107917785645,0.08060912042856216,0.6679595708847046,True,-8.0724515914917,8.582523345947266,4.155686378479004,1.6434035301208496,6.1947150230407715,-9.090298652648926,2.392163038253784,1.609046220779419,1,3
62,prey,2,2,-3.039323329925537,2.967311382293701,0.6731662154197693,-0.41733190417289734,True,6.538322448730469,-2.2307753562927246,-0.19088976085186005,-0.79377281665802,3.0269341468811035,0.5463118553161621,1.8691045045852661,1.5666731595993042,1,3
62,prey,3,3,-2.381443738937378,6.40809440612793,-0.35346516966819763,0.10712776333093643,True,-2.2282776832580566,-6.481958389282227,2.429875135421753,3.7186429500579834,-11.119940757751465,-1.3874591588974,3.1554625034332275,2.5851452350616455,1,2
62,prey,4,4,-4.465235233306885,-1.833885908126831,0.9121546149253845,-0.08472532033920288,True,-0.10024559497833252,-7.1806721687316895,3.919389009475708,0.9395880699157715,-1.9144008159637451,-2.1482295989990234,4.0,3.7123560905456543,0,1
62,prey,5,5,-7.9090118408203125,-4.537956714630127,0.1821841299533844,-0.5268775224685669,True,1.7869675159454346,4.664475440979004,2.7664589881896973,-6.326535701751709,-10.215978622436523,-0.15884709358215332,1.8951541185379028,4.0,1,0
62,prey,6,6,4.074457168579102,5.671895980834961,0.4187924265861511,-0.7543330788612366,True,0.4947696924209595,8.204364776611328,-2.436054229736328,1.6173664331436157,-0.7002426981925964,4.059595108032227,4.0,2.6949563026428223,0,1
62,prey,7,7,0.0300153736025095,7.3396735191345215,-0.5008147358894348,0.9534425139427185,True,0.09603142738342285,2.2529430389404297,1.6303266286849976,4.348846912384033,-3.255120038986206,11.64200210571289,4.0,2.5851452350616455,0,1
62,prey,8,8,1.0905870199203491,-9.319625854492188,0.06751268357038498,-0.23404015600681305,True,-8.917623519897461,-6.436642169952393,4.652719020843506,2.955815076828003,-7.968672275543213,-4.910511016845703,4.0,1.5798693895339966,0,3
62,prey,9,9,-0.2913229167461395,2.731722354888916,0.5205869078636169,-0.1598808765411377,True,7.362672328948975,7.6403703689575195,-0.16977480053901672,0.49799561500549316,0.03413224220275879,-2.995939254760742,4.0,1.6337271928787231,0,3
62,prey,10,10,-9.136691093444824,1.477155327796936,0.1717192679643631,0.22559094429016113,True,-4.657566070556641,2.7250094413757324,1.8733642101287842,-4.166706562042236,-5.284542083740234,-5.136351108551025,4.0,4.0,0,0
62,prey,11,11,1.2235594987869263,-7.745362281799316,0.2922062575817108,-1.158712387084961,True,2.4166994094848633,-1.3414599895477295,1.5692442655563354,0.10455191135406494,-0.34121325612068176,-0.2361382246017456,3.6899263858795166,1.5798693895339966,1,3
62,prey,12,12,2.6579670906066895,-9.539017677307129,-0.057056646794080734,-1.148805856704712,True,-1.7795478105545044,1.6698886156082153,2.3599727153778076,3.1468684673309326,-5.8787407875061035,-4.253261566162109,4.0,1.5826600790023804,0,3
62,prey,13,13,4.732028007507324,8.28539752960205,0.10655878484249115,0.5484460592269897,True,-5.811232566833496,-7.652895927429199,-2.3335976600646973,2.058669328689575,3.1243367195129395,9.779337882995605,4.0,2.6949563026428223,0,1
62,prey,14,14,9.731322288513184,9.832547187805176,0.4829116761684418,0.23697994649410248,True,1.0966986417770386,9.02271842956543,2.628666400909424,10.020169258117676,1.9174771308898926,-0.45033788681030273,4.0,4.0,0,0
62,prey,15,15,-2.7077810764312744,1.4361207485198975,0.16390679776668549,1.1147128343582153,True,2.8835182189941406,-1.668100118637085,1.0147427320480347,-0.35400471091270447,-2.6464285850524902,9.286203384399414,3.2237980365753174,1.5666731595993042,1,4
63,predator,0,0,-9.617453575134277,-5.347598552703857,0.1968870460987091,0.8638981580734253,True,6.926001071929932,7.688570499420166,0.0,0.0,1.7027124166488647,5.643004417419434,1.8898088932037354,4.0,1,0
63,predator,1,1,-7.796231269836426,5.935540199279785,0.025706525892019272,0.010932665318250656,True,3.1358017921447754,-3.563666820526123,-5.317078113555908,5.836379051208496,0.36377549171447754,-5.726597309112549,4.0,3.747097969055176,0,1
63,predator,2,2,0.43501055240631104,-4.142215728759766,-0.2715425491333008,-0.24381549656391144,True,-1.612934947013855,2.449152946472168,0.0,0.0,-8.932076454162598,-0.8859902620315552,2.3877406120300293,4.0,2,0
63,predator,3,3,-4.534538269042969,4.091061592102051,-0.6629292368888855,-0.6158285737037659,True,-4.975096225738525,-6.6733927726745605,4.759927272796631,-5.776834487915039,-7.877959251403809,-6.904189586639404,1.8770594596862793,3.747097969055176,3,1
63,prey,0,0,0.9914915561676025,1.707343578338623,1.0589390993118286,-0.1956453025341034,True,-2.7043538093566895,-2.910799980163574,2.1495416164398193,0.07659605890512466,5.115118503570557,8.504568099975586,4.0,1.6373162269592285,0,2
63,prey,1,1,1.6605838537216187,-6.191429138183594,0.1239195317029953,0.6097928881645203,True,6.910453796386719,7.316183567047119,-2.760157346725464,-2.0360710620880127,4.724486351013184,4.8957977294921875,2.3877406120300293,1.622815489768982,1,3
63,prey,2,2,-3.0334360599517822,2.964099168777466,0.7064645290374756,-0.3854450285434723,True,6.0611982345581055,4.660600662231445,-1.1233227252960205,-1.1424062252044678,0.7202758193016052,3.629924774169922,1.8770594596862793,1.5532948970794678,1,3
63,prey,3,3,-2.384597063064575,6.40867805480957,-0.378410279750824,0.07002923637628555,True,-3.316011428833008,-1.1366770267486572,0.04924118518829346,0.18021011352539062,2.5134196281433105,0.569229245185852,3.161264419555664,2.586707830429077,1,2
63,prey,4,4,-4.458054065704346,-1.8348686695098877,0.8617715835571289,-0.11793934553861618,True,-1.8657957315444946,2.522716522216797,0.44908690452575684,0.9744241237640381,9.546390533447266,-3.2070164680480957,4.0,3.7186429500579834,0,1
63,prey,5,5,-7.90781307220459,-4.542299270629883,0.1438266634941101,-0.5211360454559326,True,4.9842634201049805,8.87977123260498,-2.378905773162842,-2.2278313636779785,7.061753273010254,-4.823150157928467,1.8898088932037354,4.0,1,0
63,prey,6,6,4.077621936798096,5.666097640991211,0.379766583442688,-0.69580078125,True,1.083372950553894,15.986629486083984,-1.7839164733886719,-0.08387628942728043,1.926934003829956,-5.6895060539245605,4.0,2.7047159671783447,0,1
63,prey,7,7,0.025618840008974075,7.347782135009766,-0.5275841951370239,0.9730044603347778,True,0.5151159763336182,-4.548384189605713,-0.2828029692173004,-1.0676329135894775,-6.879060745239258,3.464329719543457,4.0,2.586707830429077,0,1
63,prey,8,8,1.0907622575759888,-9.321877479553223,0.021028023213148117,-0.2701767385005951,True,0.5069668292999268,-2.163100242614746,-2.47843337059021,2.9703171253204346,0.14241982996463776,-5.662026405334473,4.0,1.5727578401565552,0,3
63,prey,9,9,-0.2870664894580841,2.730130910873413,0.5107736587524414,-0.19098874926567078,True,10.108810424804688,5.452422618865967,-1.1683133840560913,-2.5051910877227783,5.3879780769348145,-1.6105244159698486,4.0,1.6373162269592285,0,3
63,prey,10,10,-9.135599136352539,1.4786782264709473,0.13103695213794708,0.18274101614952087,True,-11.30594539642334,-1.749952793121338,2.7771406173706055,-1.6037681102752686,-7.261422157287598,0.5137550234794617,4.0,4.0,0,0
63,prey,11,11,1.2258567810058594,-7.754932403564453,0.2756827771663666,-1.1484302282333374,True,1.644932508468628,4.150940895080566,-6.256540775299072,1.2719231843948364,-9.272701263427734,-0.45074963569641113,3.6982643604278564,1.5727578401565552,1,3
63,prey,12,12,2.6572093963623047,-9.548728942871094,-0.0909106433391571,-1.165362000465393,True,-0.6860131621360779,1.7450430393218994,-4.857791423797607,0.26814040541648865,-6.171097755432129,-4.158872127532959,4.0,1.582788109779358,0,3
63,prey,13,13,4.733185768127441,8.29016399383545,0.13893724977970123,0.5719400644302368,True,-3.2332191467285156,9.150355339050293,1.3643789291381836,4.127687931060791,-5.729207515716553,0.17903739213943481,4.0,2.7047159671783447,0,1
63,prey,14,14,9.735549926757812,9.834351539611816,0.5072981119155884,0.21649041771888733,True,4.039175510406494,9.983360290527344,-2.658231496810913,0.27573442459106445,0.9409213662147522,6.452627658843994,4.0,4.0,0,0
63,prey,15,15,-2.706726551055908,1.4455517530441284,0.12654559314250946,1.1317099332809448,True,9.729107856750488,-3.810448169708252,-0.6012079119682312,-1.2227884531021118,2.6831307411193848,5.091731071472168,3.2155275344848633,1.5532948970794678,1,4
64,predator,0,0,-9.615633964538574,-5.34031343460083,0.21835938096046448,0.8741772174835205,True,3.87490177154541,8.093506813049316,0.0,0.0,-9.285660743713379,8.441301345825195,1.8844746351242065,4.0,1,0
64,predator,1,1,-7.795960426330566,5.935357093811035,0.03247271850705147,-0.02202504314482212,True,10.203893661499023,-2.375678062438965,-4.975096225738525,-6.6733927726745605,-5.339808464050293,-4.110617160797119,4.0,3.7444562911987305,0,1
64,predator,2,2,0.4326029419898987,-4.144374847412109,-0.2889123260974884,-0.259120374917984,True,-3.1291327476501465,-5.804347038269043,0.0,0.0,-5.163392543792725,-1.1027172803878784,2.3832762241363525,4.0,2,0
64,predator,3,3,-4.540177345275879,4.085808753967285,-0.6766858696937561,-0.6303687691688538,True,-0.6941680908203125,-2.752009868621826,3.1358017921447754,-3.563666820526123,-0.9221181869506836,-0.20172041654586792,1.884948968887329,3.7444562911987305,3,1
64,prey,0,0,1.0005513429641724,1.7061156034469604,1.0871769189834595,-0.14735636115074158,True,1.5117719173431396,-4.202042102813721,3.1879708766937256,2.7324085235595703,9.427160263061523,4.649010181427002,4.0,1.6405266523361206,0,2
64,prey,1,1,1.6618849039077759,-6.186156272888184,0.1561233252286911,0.6327343583106995,True,0.2289404720067978,7.0499114990234375,0.48862871527671814,1.24429452419281,-2.803746223449707,2.021359920501709,2.3832762241363525,1.6369218826293945,1,3
64,prey,2,2,-3.02744460105896,2.9612324237823486,0.7189887166023254,-0.3440191447734833,True,1.379190444946289,2.307379961013794,0.1658468395471573,-0.8830175995826721,-0.04641234874725342,4.627648830413818,1.884948968887329,1.5401556491851807,1,3
64,prey,3,3,-2.3873748779296875,6.409407138824463,-0.33331945538520813,0.0874728336930275,True,-6.08069372177124,2.1684603691101074,3.0800044536590576,3.4257681369781494,-3.2404561042785645,1.8967933654785156,3.1675965785980225,2.5877435207366943,1,2
64,prey,4,4,-4.450616359710693,-1.8362109661102295,0.892511248588562,-0.1610700488090515,True,-4.571197032928467,5.160034656524658,2.812180280685425,1.7535988092422485,8.565834045410156,0.5477240681648254,4.0,3.725407361984253,0,1
64,prey,5,5,-7.906351566314697,-4.546841144561768,0.17539747059345245,-0.5450103878974915,True,-1.5570378303527832,-0.8427585363388062,-6.585870742797852,0.3863818645477295,-2.136791229248047,1.373487114906311,1.8844746351242065,4.0,1,0
64,prey,6,6,4.081108570098877,5.660022258758545,0.41835856437683105,-0.7290155291557312,True,-2.714172840118408,5.511360168457031,0.9015862345695496,2.665046453475952,-5.857397556304932,0.7915679216384888,4.0,2.714548110961914,0,1
64,prey,7,7,0.02100243791937828,7.356051445007324,-0.5539683103561401,0.9923246502876282,True,-2.1535210609436035,-6.718873977661133,2.532700777053833,3.9131548404693604,-2.9828498363494873,7.503655910491943,4.0,2.5877435207366943,0,1
64,prey,8,8,1.0909723043441772,-9.3243408203125,0.025206321850419044,-0.295600563287735,True,-5.208585739135742,-8.333972930908203,2.623124361038208,4.404056072235107,-0.4885145127773285,-0.5885571837425232,4.0,1.5658522844314575,0,3
64,prey,9,9,-0.2826087176799774,2.7282838821411133,0.5349321365356445,-0.2216302752494812,True,8.434981346130371,12.782304763793945,0.7836768627166748,2.4892492294311523,3.587345600128174,5.212143421173096,4.0,1.6405266523361206,0,3
64,prey,10,10,-9.134834289550781,1.4802815914154053,0.09184657782316208,0.19241225719451904,True,13.168529510498047,-2.2178430557250977,4.727193832397461,3.063159942626953,5.545340538024902,3.58500337600708,4.0,4.0,0,0
64,prey,11,11,1.2278279066085815,-7.7644805908203125,0.23652403056621552,-1.1457622051239014,True,4.254656791687012,-6.896426677703857,2.243802309036255,2.299375534057617,0.19512885808944702,-0.5143448114395142,3.7064197063446045,1.5658522844314575,1,3
64,prey,12,12,2.6561741828918457,-9.558576583862305,-0.12423531711101532,-1.1816991567611694,True,-1.3471510410308838,-1.0605615377426147,3.020784378051758,3.1013412475585938,-4.552787780761719,0.4486349821090698,4.0,1.5826318264007568,0,3
64,prey,13,13,4.733945846557617,8.294898986816406,0.0912218913435936,0.5682292580604553,True,4.578333377838135,0.2509946823120117,2.4860928058624268,5.147470474243164,1.3105260133743286,0.15555405616760254,4.0,2.714548110961914,0,1
64,prey,14,14,9.739962577819824,9.836406707763672,0.5295405983924866,0.24663883447647095,True,-0.8501268029212952,6.6624274253845215,-1.074923038482666,12.568492889404297,0.09742140024900436,0.46423888206481934,4.0,4.0,0,0
64,prey,15,15,-2.7053990364074707,1.4551228284835815,0.15929456055164337,1.148527979850769,True,-0.9451568722724915,0.05280598998069763,-0.3581402003765106,0.3271322548389435,-1.1341311931610107,8.24522590637207,3.207322835922241,1.5401556491851807,1,4
65,predator,0,0,-9.614153861999512,-5.332840919494629,0.17754310369491577,0.8967346549034119,True,1.8201943635940552,6.197916030883789,0.0,0.0,-2.8965728282928467,-2.4515256881713867,1.8792591094970703,4.0,1,0
65,predator,1,1,-7.795909881591797,5.935033321380615,0.006070168223232031,-0.03885229676961899,True,-4.802951335906982,0.31731927394866943,-0.6941680908203125,-2.752009868621826,4.348422527313232,-3.7648091316223145,4.0,3.7417714595794678,0,1
65,predator,2,2,0.4299471974372864,-4.146788597106934,-0.31869128346443176,-0.2896236777305603,True,-7.427099704742432,0.33280235528945923,0.0,0.0,-6.0122761726379395,-2.8592872619628906,2.378300905227661,4.0,2,0
65,predator,3,3,-4.546008586883545,4.080580234527588,-0.699751615524292,-0.6274205446243286,True,-2.015726089477539,1.0327823162078857,10.203893661499023,-2.375678062438965,0.11406803131103516,-7.476484775543213,1.8927501440048218,3.7417714595794678,3,1
65,prey,0,0,1.009843349456787,1.7052836418151855,1.115036964416504,-0.09984181076288223,True,-1.959350347518921,-2.222299098968506,-0.9500814080238342,3.0376389026641846,-3.8081207275390625,3.036344528198242,4.0,1.6437270641326904,0,2
65,prey,1,1,1.6627869606018066,-6.180607795715332,0.10823684930801392,0.6658104062080383,True,1.4245798587799072,-1.9034485816955566,-1.718069314956665,-2.782731533050537,-9.14461612701416,7.518838405609131,2.378300905227661,1.6512317657470703,1,3
65,prey,2,2,-3.021574020385742,2.9587056636810303,0.704473078250885,-0.3032112419605255,True,-2.332507610321045,1.2845208644866943,1.3378164768218994,1.003549575805664,2.44943904876709,-2.3554439544677734,1.8927501440048218,1.5271772146224976,1,3
65,prey,3,3,-2.390363931655884,6.410401821136475,-0.3586949110031128,0.1194012388586998,True,11.94691276550293,3.847574472427368,1.4416323900222778,1.4262758493423462,-1.9152134656906128,-4.469076156616211,3.1740939617156982,2.5887579917907715,1,2
65,prey,4,4,-4.442925930023193,-1.837325096130371,0.9228301644325256,-0.13369813561439514,True,-5.544107437133789,-3.980173110961914,3.1744601726531982,2.1328227519989014,3.520829439163208,-2.78153920173645,4.0,3.731858968734741,0,1
65,prey,5,5,-7.9052958488464355,-4.550908088684082,0.12669594585895538,-0.48802462220191956,True,-8.396991729736328,-6.881166458129883,4.298666000366211,1.4710958003997803,1.654895544052124,3.7249817848205566,1.8792591094970703,4.0,1,0
65,prey,6,6,4.0842437744140625,5.654284477233887,0.3762316405773163,-0.6885441541671753,True,2.1282477378845215,1.0104938745498657,0.9067907929420471,1.8238786458969116,-1.6966450214385986,4.543802261352539,4.0,2.7241952419281006,0,1
65,prey,7,7,0.01616935059428215,7.364480018615723,-0.5799704790115356,1.0113989114761353,True,-7.8213090896606445,-3.949974775314331,0.8806077837944031,2.695894718170166,-7.439186096191406,6.221132755279541,4.0,2.5887579917907715,0,1
65,prey,8,8,1.0910370349884033,-9.32689380645752,0.007764765527099371,-0.30643048882484436,True,-6.185993194580078,-3.034937858581543,1.0454820394515991,-0.3023588955402374,-8.588953971862793,-5.8326802253723145,4.0,1.5590144395828247,0,3
65,prey,9,9,-0.2779533565044403,2.726762056350708,0.5586427450180054,-0.18263216316699982,True,4.069830894470215,1.8090529441833496,-1.124430775642395,0.5662649273872375,7.283478260040283,-0.8722137212753296,4.0,1.6437270641326904,0,3
65,prey,10,10,-9.133727073669434,1.4821971654891968,0.13279294967651367,0.22986088693141937,True,5.339338779449463,-5.0426788330078125,-1.4235503673553467,1.6693655252456665,-6.715093612670898,-0.6980467438697815,4.0,4.0,0,0
65,prey,11,11,1.2298411130905151,-7.774070739746094,0.24158340692520142,-1.1508053541183472,True,5.494247913360596,5.367419719696045,-2.1089322566986084,-0.7815410494804382,-1.3570778369903564,-0.8067978620529175,3.7144322395324707,1.5590144395828247,1,3
65,prey,12,12,2.6547789573669434,-9.568097114562988,-0.16741660237312317,-1.1424219608306885,True,4.945312976837158,3.554776668548584,-0.24166281521320343,-2.7268295288085938,-8.439982414245605,-5.455688953399658,4.0,1.5822350978851318,0,3
65,prey,13,13,4.735064506530762,8.299595832824707,0.13422918319702148,0.5636239647865295,True,3.6825098991394043,-11.933592796325684,-0.6727064251899719,4.0811357498168945,1.038663625717163,7.634315013885498,4.0,2.7241952419281006,0,1
65,prey,14,14,9.744314193725586,9.838553428649902,0.522124171257019,0.25764167308807373,True,8.733744621276855,-8.771439552307129,0.9320802688598633,2.8811774253845215,4.750257968902588,-10.691717147827148,4.0,4.0,0,0
65,prey,15,15,-2.7043824195861816,1.4648315906524658,0.12200944870710373,1.1650623083114624,True,-1.7500834465026855,-4.571245193481445,1.6698657274246216,1.3256314992904663,6.907498359680176,3.1009087562561035,3.1990199089050293,1.5271772146224976,1,4
66,predator,0,0,-9.612906455993652,-5.325703144073486,0.1497187316417694,0.856530487537384,True,4.908993721008301,3.7306132316589355,0.0,0.0,-0.47667717933654785,1.1686770915985107,1.8749598264694214,4.0,1,0
66,predator,1,1,-7.795680999755859,5.934563636779785,0.02746175415813923,-0.056336160749197006,True,-6.892125606536865,1.8076845407485962,-2.015726089477539,1.0327823162078857,2.6989645957946777,4.899138450622559,4.0,3.73903751373291,0,1
66,predator,2,2,0.4271491765975952,-4.149349689483643,-0.3357616662979126,-0.3073772192001343,True,1.7148380279541016,-6.6758246421813965,0.0,0.0,-3.9398586750030518,2.6687607765197754,2.372978448867798,4.0,2,0
66,predator,3,3,-4.5517191886901855,4.075232028961182,-0.6852769255638123,-0.6417611837387085,True,3.1533432006835938,1.3801538944244385,-4.802951335906982,0.31731927394866943,1.7407290935516357,1.8280725479125977,1.9007222652435303,3.73903751373291,3,1
66,prey,0,0,1.0186060667037964,1.7048414945602417,1.0515272617340088,-0.053046055138111115,True,5.104783535003662,-2.0801913738250732,0.09956918656826019,-0.6499643921852112,9.84302806854248,2.4531283378601074,4.0,1.6459858417510986,0,2
66,prey,1,1,1.6633838415145874,-6.174874305725098,0.07163486629724503,0.6880335807800293,True,3.1091220378875732,0.3519125282764435,-0.3226349353790283,0.47677135467529297,-5.968502521514893,5.151540279388428,2.372978448867798,1.665908932685852,1,3
66,prey,2,2,-3.015516757965088,2.9559342861175537,0.7268514037132263,-0.33257898688316345,True,-12.806735038757324,-6.241277694702148,0.6116045713424683,-2.0156776905059814,1.060907244682312,-5.147551536560059,1.9007222652435303,1.5138472318649292,1,3
66,prey,3,3,-2.393648147583008,6.410999774932861,-0.39409324526786804,0.07175179570913315,True,4.79934024810791,-2.9944379329681396,-0.5689516663551331,-2.653291702270508,-3.8210043907165527,-1.2229232788085938,3.1801071166992188,2.590075731277466,1,2
66,prey,4,4,-4.434985637664795,-1.8387970924377441,0.9528601169586182,-0.1766330599784851,True,-0.7105166912078857,-5.3301591873168945,-0.5150261521339417,-2.503894805908203,3.861328125,-0.4414166808128357,4.0,3.7387917041778564,0,1
66,prey,5,5,-7.9038920402526855,-4.554506778717041,0.16843338310718536,-0.431851863861084,True,0.5897530913352966,0.11956584453582764,-0.10238432884216309,-4.511425971984863,0.5005176067352295,-0.5293787121772766,1.8749598264694214,4.0,1,0
66,prey,6,6,4.087032318115234,5.648941516876221,0.33465316891670227,-0.6411750316619873,True,4.316077709197998,-1.0271739959716797,3.1087229251861572,-3.5367794036865234,3.427994728088379,-3.804612159729004,4.0,2.7339072227478027,0,1
66,prey,7,7,0.011122733354568481,7.373064994812012,-0.6055940389633179,1.0302236080169678,True,-1.283288598060608,-7.135684490203857,2.255079984664917,-1.5393562316894531,2.598071813583374,10.05757999420166,4.0,2.590075731277466,0,1
66,prey,8,8,1.0907294750213623,-9.329745292663574,-0.036901284009218216,-0.342134028673172,True,-4.130986213684082,-3.5027151107788086,3.954713821411133,2.339582681655884,7.268050193786621,-6.454113006591797,4.0,1.552323818206787,0,3
66,prey,9,9,-0.27310124039649963,2.7250187397003174,0.5822532176971436,-0.20918770134449005,True,5.835123062133789,4.4571661949157715,-0.20621079206466675,-2.5643370151519775,0.5627008676528931,-10.68375301361084,4.0,1.6459858417510986,0,3
66,prey,10,10,-9.133033752441406,1.4837754964828491,0.08330154418945312,0.18940454721450806,True,-3.5841286182403564,-9.018064498901367,-4.505922794342041,-3.537015914916992,0.14313912391662598,-3.306361675262451,4.0,4.0,0,0
66,prey,11,11,1.2314457893371582,-7.783812522888184,0.19256290793418884,-1.1690130233764648,True,2.435917854309082,-7.657214641571045,0.061299800872802734,-0.4612032473087311,11.711703300476074,-1.0717180967330933,3.72239351272583,1.552323818206787,1,3
66,prey,12,12,2.653116226196289,-9.57775592803955,-0.1995277851819992,-1.15910804271698,True,-2.084634304046631,3.7998881340026855,0.24427811801433563,0.14301109313964844,-8.939529418945312,0.41655051708221436,4.0,1.5819487571716309,0,3
66,prey,13,13,4.736535549163818,8.30457592010498,0.176530122756958,0.5975746512413025,True,-1.221447229385376,-9.913978576660156,3.8114852905273438,-1.2108585834503174,5.242290019989014,6.130815029144287,4.0,2.7339072227478027,0,1
66,prey,14,14,9.74886417388916,9.84036922454834,0.5460888743400574,0.21791289746761322,True,-7.417234420776367,-11.574141502380371,2.905378818511963,-5.461549282073975,6.164246559143066,-5.697312831878662,4.0,4.0,0,0
66,prey,15,15,-2.703092098236084,1.4746767282485962,0.15484292805194855,1.1814162731170654,True,-0.4125075936317444,4.780948638916016,0.5284010767936707,-1.179139494895935,0.8007562160491943,6.703458309173584,3.190659761428833,1.5138472318649292,1,4
67,predator,0,0,-9.611778259277344,-5.318480014801025,0.13537479937076569,0.8667817115783691,True,-2.887549877166748,2.5792160034179688,0.0,0.0,5.826174736022949,3.6309444904327393,1.8708596229553223,4.0,1,0
67,predator,1,1,-7.795206069946289,5.934427738189697,0.05698202922940254,-0.016334721818566322,True,0.7248879671096802,-7.970089435577393,3.1533432006835938,1.3801538944244385,10.289712905883789,12.980368614196777,4.0,3.7363858222961426,0,1
67,predator,2,2,0.4242134690284729,-4.151645660400391,-0.352286159992218,-0.2754778265953064,True,-10.920143127441406,-8.290239334106445,0.0,0.0,-0.02904367446899414,-3.6037750244140625,2.3675432205200195,4.0,2,0
67,predator,3,3,-4.557125568389893,4.070181846618652,-0.6487668752670288,-0.6059961318969727,True,3.082791566848755,-1.415903091430664,-6.892125606536865,1.8076845407485962,-1.013617992401123,-3.379830837249756,1.9089559316635132,3.7363858222961426,3,1
67,prey,0,0,1.0275174379348755,1.7046960592269897,1.0693608522415161,-0.017460523173213005,True,-2.5769197940826416,-3.394444465637207,-0.03750113025307655,-1.9272311925888062,8.580178260803223,3.214482545852661,4.0,1.6479746103286743,0,2
67,prey,1,1,1.6635950803756714,-6.168869972229004,0.025342267006635666,0.7205134034156799,True,4.620323181152344,-0.9005401134490967,-1.122554898262024,-3.1725502014160156,-7.140072822570801,3.6422996520996094,2.3675432205200195,1.6808903217315674,1,3
67,prey,2,2,-3.009274959564209,2.9529213905334473,0.7490383386611938,-0.3615335524082184,True,10.766761779785156,7.152920722961426,1.3926864862442017,-2.474346160888672,-0.7180501222610474,3.060744285583496,1.9089559316635132,1.5001574754714966,1,3
67,prey,3,3,-2.397224187850952,6.411211013793945,-0.42913302779197693,0.025351403281092644,True,-0.9863229393959045,-4.103691101074219,-0.0668562650680542,-2.45145583152771,-2.297790050506592,2.3421266078948975,3.1852145195007324,2.5922346115112305,1,2
67,prey,4,4,-4.42688512802124,-1.8403726816177368,0.9720172882080078,-0.18907369673252106,True,1.6581910848617554,-2.143049716949463,-0.30922698974609375,-1.0899914503097534,3.6487629413604736,1.7324872016906738,4.0,3.745992660522461,0,1
67,prey,5,5,-7.902377128601074,-4.558175086975098,0.18180285394191742,-0.4401915669441223,True,1.3363029956817627,1.0813976526260376,-2.147322654724121,-7.174111843109131,0.9178273677825928,-1.9502776861190796,1.8708596229553223,4.0,1,0
67,prey,6,6,4.090060234069824,5.643404483795166,0.3633260428905487,-0.6644006967544556,True,7.351894378662109,17.663818359375,0.9695460796356201,-4.873544216156006,0.15215647220611572,-8.44255256652832,4.0,2.744110584259033,0,1
67,prey,7,7,0.006446082144975662,7.381803512573242,-0.5611981153488159,1.0485938787460327,True,1.8509047031402588,0.3956405520439148,0.8020907044410706,-1.859849214553833,-4.134387969970703,5.9454665184021,4.0,2.5922346115112305,0,1
67,prey,8,8,1.0907156467437744,-9.332803726196289,-0.0016580676892772317,-0.3670433461666107,True,-11.538122177124023,-3.4752182960510254,1.1534686088562012,-1.168471336364746,-0.72532057762146,-0.02020174264907837,4.0,1.545625925064087,0,3
67,prey,9,9,-0.26818084716796875,2.7230212688446045,0.5904458165168762,-0.2397019863128662,True,-2.1355886459350586,3.544689178466797,-0.14183524250984192,-2.8611395359039307,0.17077720165252686,-9.403885841369629,4.0,1.6479746103286743,0,3
67,prey,10,10,-9.13232421875,1.4849090576171875,0.08506093174219131,0.1360207498073578,True,-0.43463748693466187,-6.358582019805908,-3.3350017070770264,-1.6677305698394775,-4.111221790313721,-1.284966230392456,4.0,4.0,0,0
67,prey,11,11,1.233401894569397,-7.793777942657471,0.2347334623336792,-1.1958513259887695,True,3.967228412628174,1.4416576623916626,-1.0354994535446167,0.21636183559894562,5.664658546447754,-8.995070457458496,3.730940103530884,1.545625925064087,1,3
67,prey,12,12,2.6511905193328857,-9.587139129638672,-0.231074720621109,-1.126009464263916,True,1.4395456314086914,3.2165799140930176,0.4713512361049652,-3.602672576904297,-4.865673065185547,-2.674898624420166,4.0,1.5810655355453491,0,3
67,prey,13,13,4.738353729248047,8.309836387634277,0.21816639602184296,0.6313064098358154,True,-4.407596588134766,0.10411369800567627,0.10372364521026611,-5.682859420776367,2.3706908226013184,2.9659500122070312,4.0,2.744110584259033,0,1
67,prey,14,14,9.75369930267334,9.841774940490723,0.5801249146461487,0.1686878204345703,True,-3.8461015224456787,4.379938125610352,1.547315239906311,-5.470576286315918,-2.560748338699341,1.417449951171875,4.0,4.0,0,0
67,prey,15,15,-2.701590061187744,1.4846563339233398,0.1802384853363037,1.197544813156128,True,-0.6879047751426697,-0.47146567702293396,-0.3779173791408539,-4.048949718475342,1.6537425518035889,-1.670524001121521,3.1824448108673096,1.5001574754714966,1,4
68,predator,0,0,-9.610462188720703,-5.311172008514404,0.15786825120449066,0.8769553303718567,True,6.612999439239502,3.6572933197021484,0.0,0.0,-0.8606061935424805,1.7645361423492432,1.866774082183838,4.0,1,0
68,predator,1,1,-7.79459285736084,5.934493064880371,0.07360205799341202,0.00786791555583477,True,-8.933364868164062,1.9901938438415527,3.082791566848755,-1.415903091430664,-3.4005532264709473,0.9211674332618713,4.0,3.733689308166504,0,1
68,predator,2,2,0.421337366104126,-4.1541948318481445,-0.3451329171657562,-0.30589425563812256,True,-9.080095291137695,-6.840436935424805,0.0,0.0,-3.3477840423583984,2.7325563430786133,2.361575126647949,4.0,2,0
68,predator,3,3,-4.562647819519043,4.065010070800781,-0.662696897983551,-0.6206415891647339,True,-8.425938606262207,-7.863531589508057,0.7248879671096802,-7.970089435577393,-9.946605682373047,-4.5673909187316895,1.916791558265686,3.733689308166504,3,1
68,prey,0,0,1.0366629362106323,1.704929232597351,1.0974699258804321,0.027979498729109764,True,1.792623519897461,-4.332536697387695,2.545419454574585,3.148408889770508,0.9582836627960205,5.824348449707031,4.0,1.6497408151626587,0,2
68,prey,1,1,1.6635138988494873,-6.162685394287109,-0.00973239541053772,0.7421723008155823,True,6.47772216796875,9.848809242248535,-1.1182893514633179,-0.24000763893127441,-0.24845722317695618,6.201635360717773,2.361575126647949,1.6961177587509155,1,3
68,prey,2,2,-3.003352165222168,2.950251340866089,0.7107385396957397,-0.3204134404659271,True,7.0925092697143555,-8.655471801757812,-0.4731824994087219,-1.7901290655136108,0.5218576788902283,-1.8979412317276,1.916791558265686,1.4873661994934082,1,3
68,prey,3,3,-2.401003122329712,6.411704063415527,-0.45346933603286743,0.059143468737602234,True,3.8933300971984863,1.3794565200805664,1.4516502618789673,3.570753335952759,-4.140402317047119,0.714238166809082,3.190561294555664,2.5943589210510254,1,2
68,prey,4,4,-4.4185404777526855,-1.8415465354919434,1.0013630390167236,-0.14086848497390747,True,-7.466573715209961,-1.804953694343567,1.5554767847061157,0.09342502057552338,10.337220191955566,-0.6497591733932495,4.0,3.752479076385498,0,1
68,prey,5,5,-7.900551795959473,-4.562138080596924,0.21902380883693695,-0.4755605459213257,True,6.07028865814209,2.4035959243774414,0.6117768287658691,-4.2508158683776855,5.797532081604004,1.7261260747909546,1.866774082183838,4.0,1,0
68,prey,6,6,4.09309196472168,5.637589931488037,0.36380696296691895,-0.6977874636650085,True,-0.4323824346065521,0.37721002101898193,-2.016937494277954,0.15437431633472443,6.274993896484375,-0.16720789670944214,4.0,2.754940986633301,0,1
68,prey,7,7,0.0015532700344920158,7.390693664550781,-0.5871374607086182,1.0668659210205078,True,-2.901083469390869,-0.40095004439353943,1.0463320016860962,2.9279916286468506,-3.798360586166382,4.859699726104736,4.0,2.5943589210510254,0,1
68,prey,8,8,1.0904333591461182,-9.335784912109375,-0.0338800810277462,-0.357732892036438,True,-1.944277048110962,-2.4560229778289795,3.3423655033111572,1.252565860748291,1.4899243116378784,-6.777717113494873,4.0,1.5386942625045776,0,3
68,prey,9,9,-0.26329079270362854,2.7206876277923584,0.5868099331855774,-0.28004589676856995,True,-2.3157689571380615,4.838517189025879,2.4823720455169678,2.157104253768921,-0.20781934261322021,-5.588398456573486,4.0,1.6497408151626587,0,3
68,prey,10,10,-9.132025718688965,1.485595464706421,0.03588452935218811,0.08236845582723618,True,-3.5104432106018066,-9.344093322753906,3.2683377265930176,1.404950737953186,1.9125558137893677,6.687941551208496,4.0,4.0,0,0
68,prey,11,11,1.2357040643692017,-7.803963661193848,0.2762593626976013,-1.2223244905471802,True,-0.522342324256897,-3.6998209953308105,-1.8260844945907593,-0.386392742395401,7.857751846313477,0.5169684886932373,3.7395193576812744,1.5386942625045776,1,3
68,prey,12,12,2.649005889892578,-9.596664428710938,-0.2621784508228302,-1.1429555416107178,True,3.1439924240112305,-0.270824670791626,-0.9835235476493835,-0.9780335426330566,-10.191487312316895,-1.160975456237793,4.0,1.580255150794983,0,3
68,prey,13,13,4.740513801574707,8.315377235412598,0.25918105244636536,0.6648021936416626,True,-1.141157865524292,-1.8130440711975098,1.0925936698913574,4.583926200866699,-4.442547798156738,-3.5599770545959473,4.0,2.754940986633301,0,1
68,prey,14,14,9.758145332336426,9.843439102172852,0.5335919260978699,0.19969558715820312,True,4.396116733551025,-3.2503867149353027,1.4721488952636719,8.883966445922852,5.544910430908203,1.5052320957183838,4.0,4.0,0,0
68,prey,15,15,-2.6998226642608643,1.4941853284835815,0.2120874971151352,1.143474817276001,True,3.587385654449463,-0.057820290327072144,1.1631983518600464,-0.7009309530258179,5.016209602355957,0.5803072452545166,3.1747846603393555,1.4873661994934082,1,4
69,predator,0,0,-9.609347343444824,-5.303780555725098,0.13388970494270325,0.8869627118110657,True,1.0172792673110962,4.6295270919799805,0.0,0.0,1.528075933456421,2.182304859161377,1.8633874654769897,4.0,1,0
69,predator,1,1,-7.794248104095459,5.934713363647461,0.04138552024960518,0.026459014043211937,True,-1.9946116209030151,-8.616180419921875,-8.425938606262207,-7.863531589508057,4.404957294464111,0.21391290426254272,4.0,3.7312796115875244,0,1
69,predator,2,2,0.418222039937973,-4.156376838684082,-0.37383607029914856,-0.26184219121932983,True,-0.31634652614593506,3.841066598892212,0.0,0.0,-3.9114062786102295,-1.9444884061813354,2.355876922607422,4.0,2,0
69,predator,3,3,-4.56828498840332,4.059717655181885,-0.6764684915542603,-0.6351122260093689,True,0.3844110667705536,3.824927806854248,-8.933364868164062,1.9901938438415527,-5.324935436248779,-0.9807303547859192,1.9248692989349365,3.7312796115875244,3,1
69,prey,0,0,1.046023964881897,1.7055350542068481,1.1233234405517578,0.07270481437444687,True,-9.934614181518555,-0.7511913776397705,0.20820237696170807,-0.6177160143852234,9.414606094360352,-5.285823345184326,4.0,1.6513952016830444,0,2
69,prey,1,1,1.6633626222610474,-6.156322002410889,-0.018163567408919334,0.7636124491691589,True,-6.185783863067627,-0.6185327768325806,-1.6973001956939697,-2.057905673980713,1.786970853805542,0.8398045897483826,2.355876922607422,1.7110952138900757,1,3
69,prey,2,2,-2.997382164001465,2.9473390579223633,0.7163844108581543,-0.34945425391197205,True,-5.906896114349365,-5.23687219619751,-0.9886471033096313,-1.388911485671997,2.715623378753662,-7.026479721069336,1.9248692989349365,1.4743667840957642,1,3
69,prey,3,3,-2.4049835205078125,6.41239070892334,-0.47765985131263733,0.08239346742630005,True,3.799609899520874,5.398833274841309,0.8117322325706482,-1.4348708391189575,-3.7278919219970703,1.5762269496917725,3.196082592010498,2.596482038497925,1,2
69,prey,4,4,-4.410041332244873,-1.8428895473480225,1.0198960304260254,-0.1611548513174057,True,0.937667727470398,-1.2624315023422241,2.7420451641082764,-0.7569999694824219,3.127615451812744,-3.4642670154571533,4.0,3.7592101097106934,0,1
69,prey,5,5,-7.898394584655762,-4.565638542175293,0.25884702801704407,-0.42008402943611145,True,10.826578140258789,0.6477985382080078,-5.488508224487305,-5.574523448944092,7.094027519226074,-3.4930529594421387,1.8633874654769897,4.0,1,0
69,prey,6,6,4.0964460372924805,5.6318135261535645,0.40249261260032654,-0.6931332349777222,True,-0.29788878560066223,11.19881534576416,0.6206766366958618,-0.5964906811714172,6.552181720733643,4.009366512298584,4.0,2.765094757080078,0,1
69,prey,7,7,-0.003552497597411275,7.3997344970703125,-0.61269211769104,1.0848889350891113,True,-6.014466285705566,-5.086362361907959,1.7823628187179565,-1.1805269718170166,-2.953770875930786,2.0776374340057373,4.0,2.596482038497925,0,1
69,prey,8,8,1.0904439687728882,-9.338973045349121,0.0012839880073443055,-0.38253217935562134,True,-3.2519612312316895,0.8881289958953857,3.0331242084503174,1.9593877792358398,-6.333245277404785,-16.5136775970459,4.0,1.5323352813720703,0,3
69,prey,9,9,-0.25857245922088623,2.718024253845215,0.5661997199058533,-0.31960171461105347,True,-6.597078800201416,9.907556533813477,0.79511559009552,-1.9278665781021118,5.63679838180542,-5.285678386688232,4.0,1.6513952016830444,0,3
69,prey,10,10,-9.131471633911133,1.4865120649337769,0.06649240106344223,0.10999831557273865,True,-5.141294956207275,-0.7149925231933594,2.3209023475646973,-2.0286624431610107,-2.241600513458252,-4.4171552658081055,4.0,4.0,0,0
69,prey,11,11,1.2383460998535156,-7.8137922286987305,0.31704461574554443,-1.1794344186782837,True,-2.4140987396240234,-13.224981307983398,2.559145927429199,2.3739871978759766,3.606489419937134,-3.267989158630371,3.7482383251190186,1.5323352813720703,1,3
69,prey,12,12,2.6465656757354736,-9.606328010559082,-0.2928047776222229,-1.1596810817718506,True,4.302580833435059,-6.749722480773926,1.3370343446731567,1.2309883832931519,0.14457951486110687,-7.395682334899902,4.0,1.5789215564727783,0,3
69,prey,13,13,4.7422566413879395,8.320433616638184,0.2091662883758545,0.6068271398544312,True,-7.292123794555664,-6.834949493408203,1.2389953136444092,-0.47366756200790405,-1.450148344039917,-6.2346110343933105,4.0,2.765094757080078,0,1
69,prey,14,14,9.762791633605957,9.845357894897461,0.5575463175773621,0.23026834428310394,True,-5.414863586425781,-1.4371393918991089,-0.7867701649665833,-0.7179170250892639,2.7128055095672607,-7.176804065704346,4.0,4.0,0,0
69,prey,15,15,-2.69779372215271,1.5037310123443604,0.2434762567281723,1.1454840898513794,True,4.035140037536621,2.911409616470337,-0.4879152476787567,-2.61714768409729,5.42098331451416,10.544784545898438,3.167302370071411,1.4743667840957642,1,4
70,predator,0,0,-9.608043670654297,-5.296306610107422,0.1564275622367859,0.8968977928161621,True,8.841340065002441,3.596889019012451,0.0,0.0,9.014718055725098,5.570910453796387,1.859991431236267,4.0,1,0
70,predator,1,1,-7.793757438659668,5.934948444366455,0.05883067101240158,0.028161389753222466,True,-2.728271007537842,-1.503754734992981,0.3844110667705536,3.824927806854248,-0.7233604788780212,8.455411911010742,4.0,3.7287275791168213,0,1
70,predator,2,2,0.41486823558807373,-4.158817768096924,-0.4024578034877777,-0.2929423749446869,True,7.420703411102295,9.056290626525879,0.0,0.0,4.610231876373291,7.938748359680176,2.350135087966919,4.0,2,0
70,predator,3,3,-4.57403564453125,4.054309844970703,-0.6900789141654968,-0.6489285826683044,True,-8.416231155395508,-4.277058124542236,-1.9946116209030151,-8.616180419921875,-10.047170639038086,0.98629230260849,1.9333020448684692,3.7287275791168213,3,1
70,prey,0,0,1.0556131601333618,1.7057548761367798,1.1506991386413574,0.0263713076710701,True,-2.0843398571014404,-9.17223072052002,-1.4348443746566772,2.5472781658172607,1.919969081878662,-4.7755279541015625,4.0,1.6530565023422241,0,2
70,prey,1,1,1.6635891199111938,-6.149755001068115,0.027187777683138847,0.7880412340164185,True,1.7342033386230469,2.027570962905884,-0.1064528226852417,-5.087251663208008,1.483254313468933,1.656384825706482,2.350135087966919,1.7265231609344482,1,3
70,prey,2,2,-2.9912259578704834,2.944188117980957,0.7387415766716003,-0.3781144618988037,True,10.660940170288086,10.27510929107666,-2.702147960662842,1.4861174821853638,-1.54635751247406,2.3457107543945312,1.9333020448684692,1.4609448909759521,1,3
70,prey,3,3,-2.4091646671295166,6.413349628448486,-0.501736044883728,0.11505686491727829,True,-7.9017415046691895,-0.014471471309661865,-4.572561740875244,0.8726295232772827,5.252213478088379,-7.715055465698242,3.2018332481384277,2.5985748767852783,1,2
70,prey,4,4,-4.401301860809326,-1.8445873260498047,1.048732042312622,-0.2037326544523239,True,0.962820291519165,3.3799803256988525,-2.70056414604187,0.877882182598114,7.032478332519531,-1.210782527923584,4.0,3.766537666320801,0,1
70,prey,5,5,-7.895996570587158,-4.569352149963379,0.2877993583679199,-0.44560447335243225,True,12.888113975524902,7.055164337158203,-2.101813554763794,-0.9887120127677917,6.277626991271973,-0.05006134510040283,1.859991431236267,4.0,1,0
70,prey,6,6,4.1001152992248535,5.626515865325928,0.4403192102909088,-0.635712742805481,True,2.4154858589172363,12.753625869750977,-5.242255687713623,0.1994578093290329,-1.2263119220733643,3.378329277038574,4.0,2.7741551399230957,0,1
70,prey,7,7,-0.008868040516972542,7.408923625946045,-0.6378651261329651,1.1026595830917358,True,6.823190212249756,6.276404857635498,-3.170550584793091,2.370514392852783,-2.6942389011383057,3.7912182807922363,4.0,2.5985748767852783,0,1
70,prey,8,8,1.0901684761047363,-9.342366218566895,-0.03306218609213829,-0.4071800410747528,True,-0.266660213470459,-0.9215658903121948,-1.4324337244033813,-6.864412307739258,3.64212703704834,-2.0249881744384766,4.0,1.5260268449783325,0,3
70,prey,9,9,-0.25356587767601013,2.7150349617004395,0.6007872223854065,-0.358713835477829,True,-5.424274444580078,8.045313835144043,-1.9116352796554565,1.0246002674102783,-2.5784506797790527,7.001122951507568,4.0,1.6530565023422241,0,3
70,prey,10,10,-9.131237983703613,1.4870699644088745,0.02802293933928013,0.06694020330905914,True,-5.9961700439453125,-1.7119547128677368,2.4731225967407227,-0.7350239157676697,-1.1161668300628662,-0.5217235088348389,4.0,4.0,0,0
70,prey,11,11,1.241323471069336,-7.823843955993652,0.3572864532470703,-1.2061818838119507,True,4.609283924102783,-5.04150390625,-1.711721420288086,-2.1600420475006104,-3.7094688415527344,0.522097110748291,3.7570526599884033,1.5260268449783325,1,3
70,prey,12,12,2.6442062854766846,-9.616128921508789,-0.28315290808677673,-1.1761220693588257,True,-0.9674652814865112,-0.26859164237976074,-3.9506146907806396,-4.318461894989014,-17.42310333251953,-2.8139281272888184,4.0,1.5779669284820557,0,3
70,prey,13,13,4.743589401245117,8.325011253356934,0.1599496603012085,0.5493268966674805,True,-4.333856105804443,2.7161083221435547,-1.9819021224975586,2.5185365676879883,-6.001852035522461,-4.112512111663818,4.0,2.7741551399230957,0,1
70,prey,14,14,9.767633438110352,9.846951484680176,0.5810555815696716,0.19117461144924164,True,-2.6715128421783447,4.161670684814453,-3.795006275177002,2.1819329261779785,-0.924360454082489,4.3091607093811035,4.0,4.0,0,0
70,prey,15,15,-2.695420026779175,1.5135033130645752,0.2848437428474426,1.1726784706115723,True,7.977521896362305,-3.6857943534851074,-4.122438907623291,0.32207706570625305,-1.5690772533416748,9.522407531738281,3.159888505935669,1.4609448909759521,1,4
71,predator,0,0,-9.606451988220215,-5.2886457443237305,0.19102025032043457,0.9192532896995544,True,6.767823696136475,4.2263970375061035,0.0,0.0,5.217747688293457,3.381385326385498,1.856562852859497,4.0,1,0
71,predator,1,1,-7.793461799621582,5.935336112976074,0.035525038838386536,0.04653778299689293,True,-0.4651908874511719,4.545459270477295,-8.416231155395508,-4.277058124542236,-5.108466625213623,-9.707136154174805,4.0,3.726194143295288,0,1
71,predator,2,2,0.41179925203323364,-4.160995960235596,-0.36827972531318665,-0.2613825798034668,True,7.193548679351807,1.5856033563613892,0.0,0.0,-6.7119574546813965,6.441684722900391,2.3444933891296387,4.0,2,0
71,predator,3,3,-4.579896926879883,4.049196243286133,-0.7033201456069946,-0.6136318445205688,True,6.05374002456665,8.675395965576172,-2.728271007537842,-1.503754734992981,-2.4742648601531982,-0.8507823348045349,1.9415069818496704,3.726194143295288,3,1
71,prey,0,0,1.0654274225234985,1.705594539642334,1.1777098178863525,-0.01923385076224804,True,-6.652037620544434,-11.656438827514648,2.216277599334717,5.2900238037109375,15.116752624511719,3.4451489448547363,4.0,1.6556624174118042,0,2
71,prey,1,1,1.6641005277633667,-6.143013000488281,0.06136661022901535,0.8090173602104187,True,-3.4146976470947266,-7.9297051429748535,1.0844945907592773,-0.7129202485084534,0.8197882771492004,3.724501132965088,2.3444933891296387,1.7419936656951904,1,3
71,prey,2,2,-2.9854695796966553,2.941382884979248,0.6907618045806885,-0.3366485834121704,True,6.464287757873535,5.045650005340576,-0.8061420321464539,0.44532111287117004,1.9784536361694336,-0.7363234758377075,1.9415069818496704,1.4477449655532837,1,3
71,prey,3,3,-2.4129607677459717,6.413999080657959,-0.4555121958255768,0.07795147597789764,True,-7.160857200622559,-0.059574007987976074,2.2906668186187744,3.8869340419769287,-8.139415740966797,2.677938222885132,3.2074763774871826,2.600275993347168,1,2
71,prey,4,4,-4.392325401306152,-1.8466345071792603,1.0772221088409424,-0.24566082656383514,True,-0.5188431739807129,3.9676601886749268,2.8222849369049072,1.8333112001419067,5.282252311706543,3.7481658458709717,4.0,3.7740750312805176,0,1
71,prey,5,5,-7.893361568450928,-4.573001384735107,0.3161783516407013,-0.4378889501094818,True,4.282575607299805,-3.2879533767700195,-2.5166749954223633,0.8340128064155579,16.500186920166016,-6.6097493171691895,1.856562852859497,4.0,1,0
71,prey,6,6,4.1033406257629395,5.6216936111450195,0.3870237469673157,-0.5787174701690674,True,-1.7200334072113037,5.4580254554748535,-2.5987555980682373,2.0021326541900635,10.681944847106934,-0.5474204421043396,4.0,2.7824130058288574,0,1
71,prey,7,7,-0.014477542601525784,7.418345928192139,-0.6731402277946472,1.1306877136230469,True,-9.650297164916992,3.389418125152588,0.1871051788330078,2.9882373809814453,-1.1393986940383911,9.35501766204834,4.0,2.600275993347168,0,1
71,prey,8,8,1.0901858806610107,-9.345962524414062,0.0020917500369250774,-0.4316158592700958,True,-0.9040646553039551,0.07076805830001831,1.792007327079773,-1.094174861907959,0.054914552718400955,3.4859907627105713,4.0,1.5201776027679443,0,3
71,prey,9,9,-0.24894557893276215,2.7123923301696777,0.5544363856315613,-0.3171142041683197,True,-1.5957001447677612,10.053853034973145,2.693410873413086,2.8303749561309814,7.2798614501953125,-3.6635079383850098,4.0,1.6556624174118042,0,3
71,prey,10,10,-9.13128662109375,1.4874056577682495,-0.0059124925173819065,0.040292855352163315,True,11.972796440124512,0.8252464532852173,8.12234878540039,4.256114959716797,-3.9889636039733887,1.9628771543502808,4.0,4.0,0,0
71,prey,11,11,1.243963360786438,-7.833582878112793,0.3167869448661804,-1.168668508529663,True,-8.277825355529785,-3.510463237762451,0.1666926145553589,0.27913782000541687,5.615040302276611,-1.8114489316940308,3.765686273574829,1.5201776027679443,1,3
71,prey,12,12,2.6415939331054688,-9.626066207885742,-0.3134683668613434,-1.1923855543136597,True,1.530195713043213,3.4841580390930176,2.025609016418457,-1.3118329048156738,0.7821808457374573,-0.9380072355270386,4.0,1.576491355895996,0,3
71,prey,13,13,4.744606018066406,8.329201698303223,0.1219743862748146,0.5027840733528137,True,5.365016937255859,-5.6162261962890625,-0.3336445689201355,5.794307708740234,-2.075420379638672,12.961166381835938,4.0,2.7824130058288574,0,1
71,prey,14,14,9.772110939025879,9.848799705505371,0.5372453331947327,0.22177213430404663,True,4.572395324707031,3.4447083473205566,-0.9591851234436035,7.734867095947266,6.392886161804199,0.055870771408081055,4.0,4.0,0,0
71,prey,15,15,-2.693373441696167,1.523410677909851,0.24557065963745117,1.188889503479004,True,-2.5401713848114014,-4.250466823577881,-0.42279642820358276,2.4397358894348145,6.895971298217773,1.3976950645446777,3.1525485515594482,1.4477449655532837,1,4
72,predator,0,0,-9.604576110839844,-5.280801296234131,0.22507716715335846,0.9413749575614929,True,3.5799169540405273,4.362478256225586,0.0,0.0,-5.481956958770752,2.6498613357543945,1.853000521659851,4.0,1,0
72,predator,1,1,-7.793405055999756,5.935452461242676,0.006799124646931887,0.013977797701954842,True,-3.901057243347168,5.218051910400391,6.05374002456665,8.675395965576172,-2.1705005168914795,-2.781938076019287,4.0,3.7236976623535156,0,1
72,predator,2,2,0.4085988700389862,-4.162917613983154,-0.38404378294944763,-0.23059353232383728,True,6.852735996246338,3.4642999172210693,0.0,0.0,3.0244641304016113,-2.4270949363708496,2.3391058444976807,4.0,2,0
72,predator,3,3,-4.585867404937744,4.0439910888671875,-0.7164919376373291,-0.6245864629745483,True,4.524750709533691,-2.7119123935699463,-0.4651908874511719,4.545459270477295,-4.394648551940918,4.965335369110107,1.9500349760055542,3.7236976623535156,3,1
72,prey,0,0,1.0754636526107788,1.7058134078979492,1.2043522596359253,0.02626015618443489,True,5.5589447021484375,-2.598985195159912,-2.3888020515441895,3.3720810413360596,4.312011241912842,3.287355661392212,4.0,1.6578036546707153,0,2
72,prey,1,1,1.6649110317230225,-6.136010646820068,0.09726353734731674,0.8402910232543945,True,-7.937170028686523,8.67733383178711,-2.0426344871520996,1.003030776977539,7.638720512390137,-1.6776975393295288,2.3391058444976807,1.7579469680786133,1,3
72,prey,2,2,-2.979525089263916,2.9384138584136963,0.7133572697639465,-0.3562881350517273,True,9.379393577575684,9.945116996765137,-2.3064444065093994,0.32424256205558777,1.4781382083892822,0.23384153842926025,1.9500349760055542,1.434199571609497,1,3
72,prey,3,3,-2.416958808898926,6.414921283721924,-0.479770690202713,0.11063991487026215,True,-6.4636335372924805,-3.5741126537323,-1.4755622148513794,0.34625932574272156,-1.5886577367782593,-5.325087547302246,3.213327407836914,2.6019556522369385,1,2
72,prey,4,4,-4.383114814758301,-1.8482725620269775,1.1052275896072388,-0.19657641649246216,True,4.616333961486816,-9.097877502441406,1.216721773147583,-1.5999736785888672,0.4330439567565918,-3.3352866172790527,4.0,3.781529426574707,0,1
72,prey,5,5,-7.8904924392700195,-4.576863765716553,0.3442732095718384,-0.4635179340839386,True,1.545874834060669,-4.9551615715026855,5.72697639465332,2.396453380584717,0.6007590293884277,-3.6706790924072266,1.853000521659851,4.0,1,0
72,prey,6,6,4.106795310974121,5.616800785064697,0.4145718514919281,-0.5871112942695618,True,-0.2436266839504242,4.159782409667969,-2.520246744155884,-0.07404343038797379,-2.3139724731445312,5.587059497833252,4.0,2.7908148765563965,0,1
72,prey,7,7,-0.020289208739995956,7.427910804748535,-0.6974000930786133,1.1477903127670288,True,5.899641513824463,0.8520652055740356,-1.119928002357483,-0.146453857421875,4.269852161407471,4.18080472946167,4.0,2.6019556522369385,0,1
72,prey,8,8,1.0902233123779297,-9.349090576171875,0.004480734467506409,-0.37536683678627014,True,-2.90283203125,6.903379440307617,-3.3874423503875732,-2.652003526687622,1.806015133857727,1.5949583053588867,4.0,1.5136791467666626,0,3
72,prey,9,9,-0.24403595924377441,2.709423780441284,0.5891546010971069,-0.35621967911720276,True,10.773595809936523,12.325728416442871,-3.111135959625244,0.2706105709075928,3.0640339851379395,4.554009914398193,4.0,1.6578036546707153,0,3
72,prey,10,10,-9.131595611572266,1.4879717826843262,-0.03697844594717026,0.06793804466724396,True,7.090640068054199,-8.930456161499023,1.921962022781372,0.3687225580215454,1.0978715419769287,3.658560276031494,4.0,4.0,0,0
72,prey,11,11,1.2469385862350464,-7.843545913696289,0.357027530670166,-1.1955718994140625,True,-3.747445583343506,-1.9273581504821777,-0.9295222163200378,-1.4582597017288208,1.7498626708984375,-1.170422911643982,3.774895668029785,1.5136791467666626,1,3
72,prey,12,12,2.639249563217163,-9.636116981506348,-0.28131985664367676,-1.2061618566513062,True,0.6565035581588745,-1.8838671445846558,-4.198862552642822,-3.789799928665161,-14.04535961151123,-5.349902629852295,4.0,1.5753940343856812,0,3
72,prey,13,13,4.74531364440918,8.333589553833008,0.08490200340747833,0.5265346765518188,True,-3.264474391937256,-11.008559226989746,-3.4896984100341797,3.0581445693969727,1.0542649030685425,2.825951337814331,4.0,2.7908148765563965,0,1
72,prey,14,14,9.776786804199219,9.850626945495605,0.5610916018486023,0.21929019689559937,True,-3.1911301612854004,-5.003292083740234,1.8224917650222778,-0.07910037040710449,2.2520594596862793,-0.9604501724243164,4.0,4.0,0,0
72,prey,15,15,-2.6909825801849365,1.5335396528244019,0.28692662715911865,1.215466022491455,True,7.374746799468994,-0.13333454728126526,-1.0200927257537842,1.652259111404419,4.025088310241699,4.767862796783447,3.1453065872192383,1.434199571609497,1,4
73,predator,0,0,-9.602937698364258,-5.272879123687744,0.19657695293426514,0.9506511688232422,True,3.1416702270507812,7.9898681640625,0.0,0.0,-7.433060169219971,0.04433298110961914,1.8497413396835327,4.0,1,0
73,predator,1,1,-7.793498516082764,5.93539571762085,-0.01124376617372036,-0.0068358746357262135,True,8.092283248901367,-4.96339750289917,4.524750709533691,-2.7119123935699463,5.725841999053955,4.805567741394043,4.0,3.7210159301757812,0,1
73,predator,2,2,0.40578415989875793,-4.165098667144775,-0.337764173746109,-0.26169511675834656,True,-5.118564128875732,-2.7114028930664062,0.0,0.0,-9.7736177444458,-0.38153374195098877,2.3339357376098633,4.0,2,0
73,predator,3,3,-4.591945171356201,4.039079666137695,-0.7293108105659485,-0.5893722772598267,True,-5.589866638183594,4.788938522338867,-3.901057243347168,5.218051910400391,-20.001012802124023,-3.8988070487976074,1.9589414596557617,3.7210159301757812,3,1
73,prey,0,0,1.0856313705444336,1.7063184976577759,1.2201261520385742,0.060611527413129807,True,-9.506333351135254,0.8715935945510864,4.476635932922363,2.068195343017578,-0.5228034257888794,-1.3232741355895996,4.0,1.6599467992782593,0,2
73,prey,1,1,1.666082501411438,-6.129508018493652,0.1405664086341858,0.7802829146385193,True,-0.7986253499984741,9.918848037719727,-0.34436002373695374,-1.501430869102478,1.2407969236373901,-0.10383923351764679,2.3339357376098633,1.7735934257507324,1,3
73,prey,2,2,-2.9733951091766357,2.935563802719116,0.7356022596359253,-0.3419906497001648,True,9.485197067260742,6.357785224914551,4.978610038757324,-1.5938531160354614,2.798835277557373,0.9702616930007935,1.9589414596557617,1.420656681060791,1,3
73,prey,3,3,-2.421156167984009,6.415535926818848,-0.5036988258361816,0.07376774400472641,True,-2.7843198776245117,5.690814018249512,5.06831693649292,1.9345449209213257,-0.15022730827331543,3.5073885917663574,3.218675136566162,2.604487895965576,1,2
73,prey,4,4,-4.373926639556885,-1.850174069404602,1.1026028394699097,-0.22818173468112946,True,0.3316383361816406,6.3685126304626465,4.82657527923584,2.04717755317688,5.825589179992676,-3.339141607284546,4.0,3.7894933223724365,0,1
73,prey,5,5,-7.887454986572266,-4.581025123596191,0.3645228147506714,-0.49936994910240173,True,4.537745952606201,2.2561235427856445,5.853487014770508,-9.014166831970215,-2.727452039718628,-4.08204460144043,1.8497413396835327,4.0,1,0
73,prey,6,6,4.109807968139648,5.6123785972595215,0.36150288581848145,-0.5306478142738342,True,-5.572433948516846,5.383557319641113,1.5521574020385742,-1.5011922121047974,-4.071706295013428,4.431976318359375,4.0,2.799225330352783,0,1
73,prey,7,7,-0.02563234232366085,7.43770170211792,-0.6411758661270142,1.174909234046936,True,1.614273190498352,3.6163837909698486,3.3021347522735596,1.3022338151931763,-5.834312438964844,7.821588039398193,4.0,2.604487895965576,0,1
73,prey,8,8,1.0905442237854004,-9.351841926574707,0.03850814327597618,-0.33009612560272217,True,-3.2485923767089844,2.2068490982055664,-3.676037549972534,1.622036099433899,-9.809883117675781,-7.514622688293457,4.0,1.5066777467727661,0,3
73,prey,9,9,-0.23892979323863983,2.706799030303955,0.6127395033836365,-0.3149765431880951,True,15.48741340637207,11.116713523864746,3.7316856384277344,-0.06390653550624847,6.103106498718262,-2.879577159881592,4.0,1.6599467992782593,0,3
73,prey,10,10,-9.1315279006958,1.4888466596603394,0.00806163065135479,0.10498150438070297,True,4.589142322540283,0.6879034042358398,5.7290873527526855,-1.0603141784667969,2.993056297302246,-9.9732084274292,4.0,4.0,0,0
73,prey,11,11,1.2501568794250488,-7.853642463684082,0.386199414730072,-1.2115875482559204,True,5.204338073730469,-4.03690242767334,-3.3944995403289795,4.565615177154541,6.608989715576172,-7.114831447601318,3.7839555740356445,1.5066777467727661,1,3
73,prey,12,12,2.6366522312164307,-9.646300315856934,-0.311676561832428,-1.2219889163970947,True,6.531503677368164,4.149261951446533,-4.86248254776001,4.55111837387085,-2.222644805908203,-2.576115131378174,4.0,1.573898196220398,0,3
73,prey,13,13,4.74638032913208,8.338261604309082,0.12803982198238373,0.5607006549835205,True,-9.688752174377441,-0.3898637294769287,-0.9996871948242188,-0.8913892507553101,3.582420825958252,13.746086120605469,4.0,2.799225330352783,0,1
73,prey,14,14,9.781658172607422,9.852141380310059,0.5845382809638977,0.18178211152553558,True,-7.864783763885498,1.6202276945114136,-1.7540504932403564,-3.4243884086608887,7.011488437652588,1.1529754400253296,4.0,4.0,0,0
73,prey,15,15,-2.6883392333984375,1.5437992811203003,0.31719812750816345,1.2311607599258423,True,-2.8248331546783447,0.18062755465507507,5.264987945556641,-0.15407440066337585,0.6219398975372314,-3.6175782680511475,3.138493299484253,1.420656681060791,1,4
74,predator,0,0,-9.601533889770508,-5.265079975128174,0.16851413249969482,0.9359083771705627,True,0.695771336555481,4.691105365753174,0.0,0.0,7.064210414886475,3.2194511890411377,1.8464211225509644,4.0,1,0
74,predator,1,1,-7.793424606323242,5.935492992401123,0.008864135481417179,0.011679076589643955,True,2.456686019897461,6.167651653289795,-5.589866638183594,4.788938522338867,1.6049141883850098,3.5296871662139893,4.0,3.718219518661499,0,1
74,predator,2,2,0.4027285873889923,-4.16734504699707,-0.366669237613678,-0.26960375905036926,True,-9.730307579040527,-5.079470157623291,0.0,0.0,3.518383026123047,-7.605550289154053,2.329137086868286,4.0,2,0
74,predator,3,3,-4.598233222961426,4.033938407897949,-0.7545933127403259,-0.6169397234916687,True,-5.738598346710205,-3.283277988433838,8.092283248901367,-4.96339750289917,-12.486017227172852,-2.750875473022461,1.967897653579712,3.718219518661499,3,1
74,prey,0,0,1.0954843759536743,1.7065258026123047,1.1823585033416748,0.0248794537037611,True,3.528496742248535,-2.601912021636963,2.248133420944214,5.530627250671387,1.5373190641403198,-0.5766609311103821,4.0,1.6617344617843628,0,2
74,prey,1,1,1.6675217151641846,-6.1231513023376465,0.17271122336387634,0.7628467679023743,True,4.8894195556640625,3.5105056762695312,2.2047219276428223,2.1719303131103516,1.306028127670288,3.3889353275299072,2.329137086868286,1.78931725025177,1,3
74,prey,2,2,-2.9670827388763428,2.9330437183380127,0.7574602365493774,-0.302420973777771,True,-5.324592113494873,-7.009707450866699,0.9867116212844849,4.07607889175415,2.8943123817443848,-0.16122907400131226,1.967897653579712,1.4078737497329712,1,3
74,prey,3,3,-2.425304412841797,6.41642427444458,-0.4977957606315613,0.10659234970808029,True,1.613751769065857,0.7615183591842651,-0.14363838732242584,3.876685380935669,-5.015534400939941,-2.1458191871643066,3.2245709896087646,2.6067616939544678,1,2
74,prey,4,4,-4.364506721496582,-1.8524221181869507,1.1303824186325073,-0.2697644829750061,True,-9.986527442932129,3.4965689182281494,2.9956724643707275,4.484227657318115,-0.05966067314147949,-4.055454730987549,4.0,3.7973527908325195,0,1
74,prey,5,5,-7.884765148162842,-4.585391998291016,0.32277578115463257,-0.5240404009819031,True,-0.7939338088035583,-2.0746960639953613,2.460390329360962,3.528208017349243,3.2064368724823,-3.3505373001098633,1.8464211225509644,4.0,1,0
74,prey,6,6,4.112470626831055,5.608335494995117,0.3195350766181946,-0.4851876199245453,True,-2.576733112335205,1.1820958852767944,-2.1237504482269287,3.7543113231658936,-4.771146774291992,3.244270086288452,4.0,2.8077073097229004,0,1
74,prey,7,7,-0.03118184208869934,7.447629451751709,-0.6659399271011353,1.191325306892395,True,-2.6271305084228516,-2.7406952381134033,-0.7720088362693787,4.173032283782959,-1.8303277492523193,3.0684022903442383,4.0,2.6067616939544678,0,1
74,prey,8,8,1.0905710458755493,-9.354801177978516,0.003219792852178216,-0.35508856177330017,True,0.3155145049095154,8.082802772521973,3.6457386016845703,3.343735933303833,0.01717575266957283,-0.7489525675773621,4.0,1.4997413158416748,0,3
74,prey,9,9,-0.23362784087657928,2.7039334774017334,0.6362353563308716,-0.34387335181236267,True,3.017770290374756,3.845968246459961,-1.322401762008667,4.0670390129089355,-2.2854256629943848,-0.027984172105789185,4.0,1.6617344617843628,0,3
74,prey,10,10,-9.131205558776855,1.489367961883545,0.03872143477201462,0.0625472143292427,True,7.040961265563965,1.1724315881729126,2.882437229156494,3.790762186050415,5.6086859703063965,-0.9890130758285522,4.0,4.0,0,0
74,prey,11,11,1.2537018060684204,-7.863958358764648,0.42538508772850037,-1.237890601158142,True,1.805532693862915,-5.078455924987793,0.8280952572822571,5.424986362457275,-3.3710343837738037,0.5186517238616943,3.793297529220581,1.4997413158416748,1,3
74,prey,12,12,2.633805990219116,-9.65661334991455,-0.3415663540363312,-1.237594485282898,True,-1.1655431985855103,1.573340892791748,0.38570675253868103,2.6962649822235107,9.421485900878906,-0.31786859035491943,4.0,1.5724709033966064,0,3
74,prey,13,13,4.747800827026367,8.343216896057129,0.1704472154378891,0.594662070274353,True,-3.8051681518554688,5.585456371307373,-3.6518163681030273,4.07774543762207,-0.8285468816757202,-1.7146247625350952,4.0,2.8077073097229004,0,1
74,prey,14,14,9.786724090576172,9.853915214538574,0.6078968048095703,0.21285894513130188,True,4.748258590698242,7.503562927246094,-7.630593299865723,2.4968466758728027,-6.979114055633545,5.39749813079834,4.0,4.0,0,0
74,prey,15,15,-2.6855580806732178,1.5536046028137207,0.3337336480617523,1.1766443252563477,True,5.2493696212768555,-7.536674976348877,2.7452871799468994,4.958529472351074,6.273893356323242,5.331057071685791,3.132153034210205,1.4078737497329712,1,4
75,predator,0,0,-9.599946022033691,-5.257202625274658,0.19052979350090027,0.9452857971191406,True,7.049150466918945,2.0958189964294434,0.0,0.0,5.780876636505127,-4.146800994873047,1.8431718349456787,4.0,1,0
75,predator,1,1,-7.79308557510376,5.935853004455566,0.04071824997663498,0.04318179935216904,True,-4.714906215667725,-8.830084800720215,-5.738598346710205,-3.283277988433838,4.737998962402344,-2.1801609992980957,4.0,3.715320348739624,0,1
75,predator,2,2,0.40005382895469666,-4.169844150543213,-0.32097238302230835,-0.2998877763748169,True,2.953197956085205,-0.3603993058204651,0.0,0.0,-0.593750536441803,-2.0322861671447754,2.323917865753174,4.0,2,0
75,predator,3,3,-4.604625701904297,4.028674602508545,-0.7670737504959106,-0.6316670775413513,True,0.28731757402420044,-7.225191593170166,2.456686019897461,6.167651653289795,1.2004153728485107,-8.553703308105469,1.977067470550537,3.715320348739624,3,1
75,prey,0,0,1.1054712533950806,1.7065627574920654,1.198429822921753,0.00443792762234807,True,3.7207555770874023,0.32468104362487793,-1.5191560983657837,-1.1429893970489502,11.235464096069336,3.577444314956665,4.0,1.66415536403656,0,2
75,prey,1,1,1.6693116426467896,-6.116528034210205,0.21479564905166626,0.7947908639907837,True,3.893458366394043,8.47083568572998,-2.257755994796753,2.018564224243164,-4.54561185836792,6.18352746963501,2.323917865753174,1.8051718473434448,1,3
75,prey,2,2,-2.960590362548828,2.9305200576782227,0.7791101336479187,-0.3028163015842438,True,-2.52972412109375,-1.0427385568618774,1.1195274591445923,-0.5146850347518921,-2.64992618560791,5.255590438842773,1.977067470550537,1.394968032836914,1,3
75,prey,3,3,-2.4296507835388184,6.417006015777588,-0.5215631127357483,0.0698375478386879,True,3.003077268600464,-6.600279808044434,-0.3625696003437042,-1.3250669240951538,-6.636648178100586,-4.426833629608154,3.23026967048645,2.6092369556427,1,2
75,prey,4,4,-4.355259895324707,-1.855010747909546,1.1096103191375732,-0.31063029170036316,True,1.2836719751358032,5.1274871826171875,2.5153558254241943,-1.5277262926101685,6.811795234680176,-1.2374320030212402,4.0,3.8058574199676514,0,1
75,prey,5,5,-7.881751537322998,-4.590051651000977,0.3616609573364258,-0.5591511130332947,True,-6.532768249511719,-2.8262228965759277,-1.472783088684082,2.334500312805176,3.176924467086792,0.2885347604751587,1.8431718349456787,4.0,1,0
75,prey,6,6,4.114787578582764,5.604668140411377,0.2780654728412628,-0.44007834792137146,True,-0.2794498801231384,12.243875503540039,1.0793298482894897,2.058983087539673,-4.560983180999756,-2.562685966491699,4.0,2.8154635429382324,0,1
75,prey,7,7,-0.036934517323970795,7.457691669464111,-0.6903210878372192,1.207489252090454,True,6.867133617401123,1.1269210577011108,0.24327073991298676,-0.8247507810592651,-4.697918891906738,3.726093292236328,4.0,2.6092369556427,0,1
75,prey,8,8,1.0906020402908325,-9.357892990112305,0.0037204467225819826,-0.37112241983413696,True,-1.3580191135406494,-3.602102756500244,1.8431363105773926,0.0017968813190236688,-2.5376880168914795,-11.798704147338867,4.0,1.4932235479354858,0,3
75,prey,9,9,-0.2288019210100174,2.7011120319366455,0.5791095495223999,-0.33855122327804565,True,2.8063712120056152,2.8024802207946777,-1.4461950063705444,-2.064115285873413,0.9697439074516296,1.4462248086929321,4.0,1.66415536403656,0,3
75,prey,10,10,-9.130571365356445,1.4894981384277344,0.07604062557220459,0.015622013248503208,True,1.3719639778137207,3.7697343826293945,-2.713920831680298,-3.281127452850342,-0.015579581260681152,-6.518975734710693,4.0,4.0,0,0
75,prey,11,11,1.2569001913070679,-7.873958587646484,0.383803129196167,-1.200040340423584,True,-0.3345458507537842,2.5492782592773438,1.346463680267334,4.388883113861084,-4.6141676902771,-6.714439392089844,3.801927089691162,1.4932235479354858,1,3
75,prey,12,12,2.6313815116882324,-9.66688346862793,-0.290938138961792,-1.2323260307312012,True,-0.8035961985588074,-2.657761573791504,2.336822271347046,2.1716175079345703,5.980143070220947,-1.1346838474273682,4.0,1.571456789970398,0,3
75,prey,13,13,4.748953342437744,8.34778118133545,0.13829708099365234,0.5477253794670105,True,0.20105648040771484,-11.9019136428833,0.289536714553833,1.6766204833984375,3.974677562713623,7.927889347076416,4.0,2.8154635429382324,0,1
75,prey,14,14,9.791400909423828,9.855941772460938,0.5612320303916931,0.24315151572227478,True,3.647092342376709,-0.04141104221343994,-3.190950632095337,3.3837761878967285,-2.017087459564209,0.49175310134887695,4.0,4.0,0,0
75,prey,15,15,-2.6825308799743652,1.5635457038879395,0.3632605969905853,1.192925214767456,True,3.3050034046173096,3.2550647258758545,-0.3910384774208069,-0.4394039809703827,0.7995443344116211,8.103452682495117,3.1259093284606934,1.394968032836914,1,4
76,predator,0,0,-9.598177909851074,-5.249664306640625,0.21210366487503052,0.9045904278755188,True,4.57483434677124,7.431429386138916,0.0,0.0,0.41290009021759033,7.963945388793945,1.840322732925415,4.0,1,0
76,predator,1,1,-7.792604923248291,5.9359846115112305,0.057655271142721176,0.0158269964158535,True,-2.926605701446533,-1.164080023765564,0.28731757402420044,-7.225191593170166,0.5932222604751587,-8.044291496276855,4.0,3.7126717567443848,0,1
76,predator,2,2,0.39732035994529724,-4.172489166259766,-0.32801634073257446,-0.3174046277999878,True,0.7952609062194824,-2.772695779800415,0.0,0.0,-6.110368728637695,5.280472755432129,2.31831955909729,4.0,2,0
76,predator,3,3,-4.610602378845215,4.02318811416626,-0.7171791195869446,-0.6583909392356873,True,-4.4501800537109375,-5.675230503082275,-4.714906215667725,-8.830084800720215,-11.329172134399414,-1.04433274269104,1.9852904081344604,3.7126717567443848,3,1
76,prey,0,0,1.115677833557129,1.7069758176803589,1.224786400794983,0.04956427961587906,True,-7.656620025634766,12.437309265136719,2.065154790878296,2.4161159992218018,-0.4761556386947632,-5.246450424194336,4.0,1.6665822267532349,0,2
76,prey,1,1,1.6707819700241089,-6.109729766845703,0.1764354407787323,0.815762460231781,True,9.12800407409668,-2.601308822631836,-0.30312228202819824,0.3542252779006958,-3.329441547393799,4.016478061676025,2.31831955909729,1.8213450908660889,1,3
76,prey,2,2,-2.954503059387207,2.928330659866333,0.7304593324661255,-0.2627314329147339,True,-11.972806930541992,2.0869972705841064,3.1939966678619385,1.4008697271347046,-2.7652416229248047,-7.339646339416504,1.9852904081344604,1.382376790046692,1,3
76,prey,3,3,-2.4341933727264404,6.417288303375244,-0.5450878143310547,0.03388661891222,True,-6.990604400634766,2.404209852218628,2.0130209922790527,0.9726243615150452,3.8567333221435547,1.7185113430023193,3.235501766204834,2.6119155883789062,1,2
76,prey,4,4,-4.345869541168213,-1.857848048210144,1.1268327236175537,-0.3404814302921295,True,-3.3032922744750977,-2.19561767578125,0.8621514439582825,2.1076905727386475,-3.2101523876190186,-0.8587751984596252,4.0,3.814756155014038,0,1
76,prey,5,5,-7.878419876098633,-4.594515323638916,0.3997613787651062,-0.5355926752090454,True,-13.429593086242676,-2.6632919311523438,1.3278179168701172,4.448610782623291,1.6535100936889648,-2.9297432899475098,1.840322732925415,4.0,1,0
76,prey,6,6,4.116767406463623,5.600793361663818,0.2375819981098175,-0.465008020401001,True,4.157313823699951,-7.491550922393799,3.3742477893829346,-2.381587028503418,-1.5607967376708984,0.07639890909194946,4.0,2.823857545852661,0,1
76,prey,7,7,-0.04288720339536667,7.467886924743652,-0.7143223285675049,1.2234001159667969,True,-3.2857913970947266,-9.300278663635254,1.4610129594802856,-0.13126155734062195,1.428405523300171,5.079648971557617,4.0,2.6119155883789062,0,1
76,prey,8,8,1.0902605056762695,-9.361279487609863,-0.04098104313015938,-0.4063678979873657,True,-1.8484864234924316,-0.013556182384490967,0.918438732624054,2.7874507904052734,-5.694024562835693,1.7474725246429443,4.0,1.486881136894226,0,3
76,prey,9,9,-0.22370357811450958,2.698718547821045,0.61180180311203,-0.2872207462787628,True,-6.148853302001953,3.396597146987915,2.1957812309265137,2.0621445178985596,1.0040626525878906,-10.669944763183594,4.0,1.6665822267532349,0,3
76,prey,10,10,-9.130009651184082,1.4892737865447998,0.0673983246088028,-0.026916593313217163,True,-2.318798542022705,-3.929213523864746,-1.1184542179107666,1.1283977031707764,1.2660213708877563,-0.9527267217636108,4.0,4.0,0,0
76,prey,11,11,1.2597582340240479,-7.884090900421143,0.3429679870605469,-1.2158706188201904,True,7.186096668243408,-3.303941011428833,0.5772809982299805,0.7369904518127441,1.8271739482879639,-2.5823190212249756,3.810483694076538,1.486881136894226,1,3
76,prey,12,12,2.6292848587036133,-9.67728042602539,-0.25157630443573,-1.2476774454116821,True,-6.129470348358154,-6.48355770111084,0.7336311340332031,2.472670316696167,-7.1148457527160645,-1.5301730632781982,4.0,1.5711309909820557,0,3
76,prey,13,13,4.750457286834717,8.352630615234375,0.18047365546226501,0.5818458199501038,True,-4.227787017822266,0.34258925914764404,3.3094635009765625,1.6822764873504639,2.113431930541992,3.746424913406372,4.0,2.823857545852661,0,1
76,prey,14,14,9.795693397521973,9.858067512512207,0.5151373147964478,0.2551025450229645,True,2.5618062019348145,-1.0838779211044312,-0.03919669985771179,0.17098093032836914,-0.6671809554100037,3.3535091876983643,4.0,4.0,0,0
76,prey,15,15,-2.6793196201324463,1.5736204385757446,0.3853605389595032,1.208967685699463,True,1.14866304397583,-4.726069927215576,2.360464096069336,0.7868980169296265,1.861889123916626,-2.3993537425994873,3.1193325519561768,1.382376790046692,1,4
77,predator,0,0,-9.596354484558105,-5.242044448852539,0.21881933510303497,0.9143683314323425,True,2.742685317993164,11.337903022766113,0.0,0.0,-5.185152053833008,-0.32192128896713257,1.837660312652588,4.0,1,0
77,predator,1,1,-7.7920708656311035,5.935916423797607,0.06412223726511002,-0.008205343969166279,True,-5.179876327514648,3.4180941581726074,-4.4501800537109375,-5.675230503082275,3.365232467651367,-6.537740230560303,4.0,3.7098236083984375,0,1
77,predator,2,2,0.39434507489204407,-4.174764156341553,-0.3570321202278137,-0.2730129361152649,True,-0.1645718812942505,1.3605942726135254,0.0,0.0,1.03336501121521,-3.7189836502075195,2.3128790855407715,4.0,2,0
77,predator,3,3,-4.61679220199585,4.017480373382568,-0.7427715063095093,-0.6849352717399597,True,2.61181640625,5.84517240524292,-2.926605701446533,-1.164080023765564,4.5586042404174805,-3.6486172676086426,1.9934167861938477,3.7098236083984375,3,1
77,prey,0,0,1.125541090965271,1.7070057392120361,1.1835849285125732,0.003581081051379442,True,-1.1506893634796143,-2.2231414318084717,-3.7707672119140625,-2.2608160972595215,1.342299222946167,2.586588144302368,4.0,1.6686742305755615,0,2
77,prey,1,1,1.671938180923462,-6.10275936126709,0.13874869048595428,0.8364613652229309,True,8.761165618896484,3.399139642715454,-1.0237880945205688,-2.9991681575775146,-4.381128787994385,6.117378234863281,2.3128790855407715,1.8377697467803955,1,3
77,prey,2,2,-2.94881534576416,2.9258925914764404,0.6825375556945801,-0.2925645411014557,True,-0.7684992551803589,5.374842643737793,-4.0793280601501465,-0.2732948660850525,-0.11381864547729492,-4.444871425628662,1.9934167861938477,1.370111107826233,1,3
77,prey,3,3,-2.438347339630127,6.417851448059082,-0.4984745383262634,0.06756985932588577,True,4.121147632598877,-2.3857152462005615,-3.99798321723938,-0.4649154841899872,-0.9609065055847168,-3.119814395904541,3.2415125370025635,2.6145637035369873,1,2
77,prey,4,4,-4.337007999420166,-1.8609627485275269,1.063396692276001,-0.3737545609474182,True,-9.331353187561035,-7.4635844230651855,-4.4642863273620605,0.5715742111206055,2.651264190673828,-2.2583346366882324,4.0,3.823864459991455,0,1
77,prey,5,5,-7.874773979187012,-4.59927225112915,0.43750736117362976,-0.5708833336830139,True,1.8143243789672852,1.5058249235153198,-2.8110454082489014,-3.062415599822998,-0.4002867043018341,7.577089786529541,1.837660312652588,4.0,1,0
77,prey,6,6,4.118415832519531,5.59702730178833,0.19779720902442932,-0.45189347863197327,True,4.907779693603516,7.720717906951904,-4.291308403015137,1.3660916090011597,3.325092315673828,-0.7942387461662292,4.0,2.832573175430298,0,1
77,prey,7,7,-0.048455942422151566,7.478210926055908,-0.6682488918304443,1.2388864755630493,True,7.461235046386719,5.054122447967529,-4.5272417068481445,1.207154393196106,-4.362153053283691,4.443181991577148,4.0,2.6145637035369873,0,1
77,prey,8,8,1.0896430015563965,-9.364288330078125,-0.0740964487195015,-0.36097463965415955,True,-0.21443748474121094,-2.6504106521606445,3.394876480102539,-4.129602432250977,6.018309593200684,0.1938210129737854,4.0,1.480028510093689,0,3
77,prey,9,9,-0.21841013431549072,2.696080446243286,0.6352126598358154,-0.31656917929649353,True,-0.6666114330291748,5.941116809844971,-3.9861624240875244,-0.9692858457565308,-1.7382246255874634,8.215814590454102,4.0,1.6686742305755615,0,3
77,prey,10,10,-9.129129409790039,1.4887253046035767,0.10565843433141708,-0.06582298874855042,True,8.351950645446777,-2.892343044281006,-6.889257431030273,-1.874495506286621,0.003275275230407715,-0.9430915117263794,4.0,4.0,0,0
77,prey,11,11,1.2629483938217163,-7.894441604614258,0.3828236162662506,-1.2420943975448608,True,7.020412445068359,-7.182309150695801,0.38334909081459045,-3.0328075885772705,7.93393611907959,-5.839938163757324,3.8197476863861084,1.480028510093689,1,3
77,prey,12,12,2.6268444061279297,-9.687891960144043,-0.2928631007671356,-1.273393154144287,True,4.817392826080322,-1.4536722898483276,4.821871280670166,-1.9729353189468384,2.471784830093384,3.689920425415039,4.0,1.5708938837051392,0,3
77,prey,13,13,4.752307415008545,8.35776138305664,0.22199119627475739,0.6157539486885071,True,-6.151247501373291,-10.695140838623047,-0.8893189430236816,-3.8678743839263916,4.118643760681152,-2.237520933151245,4.0,2.832573175430298,0,1
77,prey,14,14,9.799704551696777,9.86043643951416,0.4813668727874756,0.28427186608314514,True,-5.728911876678467,-3.446816921234131,-0.03523659706115723,-3.5744807720184326,3.3447487354278564,-2.8443031311035156,4.0,4.0,0,0
77,prey,15,15,-2.675869941711426,1.5832440853118896,0.413959264755249,1.1548432111740112,True,2.392197608947754,-6.744787216186523,-5.953823566436768,0.7000004649162292,2.8381688594818115,6.1855549812316895,3.1133077144622803,1.370111107826233,1,4
78,predator,0,0,-9.594768524169922,-5.234620094299316,0.19034206867218018,0.8909345865249634,True,5.72830057144165,9.699944496154785,0.0,0.0,-5.994375228881836,3.163604974746704,1.8353227376937866,4.0,1,0
78,predator,1,1,-7.791394233703613,5.93566370010376,0.08117887377738953,-0.030309690162539482,True,-5.8891754150390625,6.012307167053223,2.61181640625,5.84517240524292,-6.455556392669678,12.978431701660156,4.0,3.707099199295044,0,1
78,predator,2,2,0.3917491137981415,-4.177290916442871,-0.3115169405937195,-0.3031623065471649,True,4.728770732879639,-8.06194019317627,0.0,0.0,-7.248072147369385,-1.7820738554000854,2.306737184524536,4.0,2,0
78,predator,3,3,-4.622673034667969,4.011660099029541,-0.70573890209198,-0.6984471082687378,True,-3.0892136096954346,-4.927308082580566,-5.179876327514648,3.4180941581726074,-10.781907081604004,-9.509355545043945,2.001284599304199,3.707099199295044,3,1
78,prey,0,0,1.135538101196289,1.707324743270874,1.1996475458145142,0.03828580677509308,True,-8.798791885375977,-7.01931619644165,1.1594135761260986,1.0709588527679443,3.0902090072631836,-2.3323864936828613,4.0,1.671355962753296,0,2
78,prey,1,1,1.6727858781814575,-6.095618724822998,0.10171646624803543,0.856902539730072,True,7.90383243560791,1.1150071620941162,0.5730036497116089,-4.687493801116943,7.225186824798584,0.7503374218940735,2.306737184524536,1.8544501066207886,1,3
78,prey,2,2,-2.943263292312622,2.923210382461548,0.6662354469299316,-0.32188379764556885,True,6.697749614715576,4.45322847366333,1.5968395471572876,-1.5306189060211182,1.1276092529296875,3.683077335357666,2.001284599304199,1.3575440645217896,1,3
78,prey,3,3,-2.442687511444092,6.418115139007568,-0.5208253860473633,0.03165123984217644,True,-4.430015563964844,1.1031136512756348,0.8605949282646179,0.6325329542160034,-3.555363655090332,3.652986526489258,3.2470543384552,2.6173622608184814,1,2
78,prey,4,4,-4.327997207641602,-1.8643176555633545,1.0813089609146118,-0.40259090065956116,True,-2.486387014389038,-5.473160266876221,2.676262378692627,0.6229502558708191,5.857038497924805,9.626256942749023,4.0,3.8333804607391357,0,1
78,prey,5,5,-7.8713483810424805,-4.60356330871582,0.41106218099594116,-0.5149040818214417,True,1.293436050415039,-1.597540259361267,-0.4897012710571289,-5.177963733673096,8.119723320007324,-5.0008463859558105,1.8353227376937866,4.0,1,0
78,prey,6,6,4.120402812957764,5.593044757843018,0.23841482400894165,-0.4779074490070343,True,4.276669979095459,9.125639915466309,-0.3525131046772003,-1.2925957441329956,-1.437898874282837,-3.8883795738220215,4.0,2.841102361679077,0,1
78,prey,7,7,-0.05431489273905754,7.48875093460083,-0.7030736804008484,1.2648124694824219,True,-3.021728515625,3.0256311893463135,0.3834396004676819,-0.4303010404109955,4.459300994873047,2.8702921867370605,4.0,2.6173622608184814,0,1
78,prey,8,8,1.0893281698226929,-9.367155075073242,-0.037781406193971634,-0.34400689601898193,True,-0.31642603874206543,-7.336962699890137,6.866323471069336,-1.745613932609558,3.529777765274048,6.919078826904297,4.0,1.4728381633758545,0,3
78,prey,9,9,-0.21359547972679138,2.69386887550354,0.5777592062950134,-0.2654009759426117,True,4.2055344581604,5.240678310394287,1.0902596712112427,-0.09536368399858475,1.3434855937957764,-9.570927619934082,4.0,1.671355962753296,0,3
78,prey,10,10,-9.128301620483398,1.4879508018493652,0.0993090495467186,-0.09293700009584427,True,-10.760846138000488,-0.7778855562210083,-1.4733326435089111,-1.8319259881973267,-8.207953453063965,-4.9229583740234375,4.0,4.0,0,0
78,prey,11,11,1.266465663909912,-7.905007839202881,0.42207103967666626,-1.2679380178451538,True,4.806232929229736,-10.326932907104492,4.45470666885376,-0.23498110473155975,-4.051211357116699,-2.3337063789367676,3.8289687633514404,1.4728381633758545,1,3
78,prey,12,12,2.6247329711914062,-9.698042869567871,-0.2533823549747467,-1.2181522846221924,True,3.13643217086792,-3.082620620727539,5.189046859741211,-2.144526720046997,5.181692600250244,-3.7884252071380615,4.0,1.570654273033142,0,3
78,prey,13,13,4.754408359527588,8.362503051757812,0.25214883685112,0.5690348148345947,True,-1.3830393552780151,3.7234368324279785,2.690312385559082,1.7355772256851196,0.535903811454773,-3.0049209594726562,4.0,2.841102361679077,0,1
78,prey,14,14,9.80392074584961,9.862468719482422,0.5058757066726685,0.24387480318546295,True,-6.190317153930664,7.850407600402832,-0.6217339038848877,-1.4872114658355713,-0.48368826508522034,2.5052499771118164,4.0,4.0,0,0
78,prey,15,15,-2.672184705734253,1.5930064916610718,0.4422309398651123,1.171480417251587,True,5.250600814819336,-0.4306660592556,1.1453114748001099,0.20075668394565582,5.890596389770508,5.648562431335449,3.10713529586792,1.3575440645217896,1,4
79,predator,0,0,-9.593518257141113,-5.227009296417236,0.15000246465206146,0.9132733345031738,True,7.218175411224365,-0.2519516944885254,0.0,0.0,2.183079481124878,-3.177995443344116,1.8335057497024536,4.0,1,0
79,predator,1,1,-7.79110050201416,5.935713291168213,0.03525127097964287,0.005964671261608601,True,-0.9204331636428833,3.137439250946045,-3.0892136096954346,-4.927308082580566,0.9312934875488281,-4.416812419891357,4.0,3.7048401832580566,0,1
79,predator,2,2,0.3890090882778168,-4.179962635040283,-0.32880187034606934,-0.3206426203250885,True,-0.11454379558563232,-0.15711775422096252,0.0,0.0,-1.315198302268982,-7.4829792976379395,2.300652265548706,4.0,2,0
79,predator,3,3,-4.628665447235107,4.005727291107178,-0.7190688848495483,-0.7118959426879883,True,-1.900552749633789,-1.7361438274383545,-5.8891754150390625,6.012307167053223,-6.760115623474121,-1.515124797821045,2.009227991104126,3.7048401832580566,3,1
79,prey,0,0,1.1457545757293701,1.7072620391845703,1.2259721755981445,-0.0075176130048930645,True,1.0859276056289673,-6.383993148803711,1.4989176988601685,2.4349234104156494,7.052452564239502,-3.1276094913482666,4.0,1.6741501092910767,0,2
79,prey,1,1,1.6739948987960815,-6.088315963745117,0.14509133994579315,0.8763267397880554,True,-1.9769337177276611,-0.42207345366477966,1.2849630117416382,-6.554919242858887,2.1921603679656982,0.5805712938308716,2.300652265548706,1.871584415435791,1,3
79,prey,2,2,-2.9374358654022217,2.9209511280059814,0.6992855072021484,-0.2710975408554077,True,-2.2013044357299805,5.214735507965088,-2.8630905151367188,-0.618800699710846,1.4232463836669922,-3.270082473754883,2.009227991104126,1.3452494144439697,1,3
79,prey,3,3,-2.4472241401672363,6.418661117553711,-0.5444058775901794,0.06547480821609497,True,4.9571967124938965,2.231198310852051,1.0324279069900513,2.58837628364563,-4.592883110046387,1.3468844890594482,3.2528350353240967,2.6207761764526367,1,2
79,prey,4,4,-4.318752765655518,-1.867242693901062,1.109312891960144,-0.35101354122161865,True,4.553327560424805,2.708702802658081,0.8273593783378601,0.14050087332725525,6.35299015045166,-8.346184730529785,4.0,3.8426592350006104,0,1
79,prey,5,5,-7.867610454559326,-4.608150959014893,0.4485546350479126,-0.550510048866272,True,2.2399187088012695,-0.30672597885131836,-6.623616695404053,-3.1255228519439697,0.9309899806976318,1.849610686302185,1.8335057497024536,4.0,1,0
79,prey,6,6,4.121973991394043,5.588772296905518,0.18856582045555115,-0.5126771330833435,True,3.3407421112060547,3.3248071670532227,-3.269726514816284,2.3206586837768555,-5.747537136077881,5.834290981292725,4.0,2.849658727645874,0,1
79,prey,7,7,-0.059704408049583435,7.499501705169678,-0.6467418074607849,1.290108561515808,True,-7.303448677062988,-4.899377346038818,0.8312439918518066,2.3137307167053223,3.0452563762664795,7.296327590942383,4.0,2.6207761764526367,0,1
79,prey,8,8,1.0893924236297607,-9.369558334350586,0.007712443824857473,-0.2884059548377991,True,-4.263630390167236,-6.556717872619629,5.282166004180908,-4.098182201385498,4.1513190269470215,5.354475975036621,4.0,1.4649913311004639,0,3
79,prey,9,9,-0.20858313143253326,2.691410541534424,0.6014811992645264,-0.29499274492263794,True,3.909709930419922,4.504088878631592,-0.35884323716163635,0.6834958791732788,-1.9072707891464233,0.5507168769836426,4.0,1.6741501092910767,0,3
79,prey,10,10,-9.127800941467285,1.4869492053985596,0.06017822027206421,-0.12018747627735138,True,-5.296586990356445,-6.853278160095215,2.688849925994873,-0.76203453540802,-0.8372054100036621,0.5111218690872192,4.0,4.0,0,0
79,prey,11,11,1.2696375846862793,-7.9156975746154785,0.3806349039077759,-1.2827558517456055,True,-0.1774381399154663,-9.326312065124512,3.574612855911255,-3.10152530670166,6.478604316711426,0.5657880306243896,3.838127374649048,1.4649913311004639,1,3
79,prey,12,12,2.6229443550109863,-9.708324432373047,-0.2146131843328476,-1.2337087392807007,True,1.4185762405395508,6.081489562988281,4.1312127113342285,-5.51629638671875,0.9713255763053894,1.4330430030822754,4.0,1.5705235004425049,0,3
79,prey,13,13,4.75662088394165,8.366861343383789,0.2654997706413269,0.5228989124298096,True,0.19795489311218262,-10.840907096862793,-2.3413476943969727,5.276198387145996,-1.9894806146621704,-1.6756200790405273,4.0,2.849658727645874,0,1
79,prey,14,14,9.807867050170898,9.864831924438477,0.47356316447257996,0.2835882008075714,True,3.7501306533813477,7.949185371398926,1.4468152523040771,6.424538612365723,4.608155727386475,-1.0505361557006836,4.0,4.0,0,0
79,prey,15,15,-2.668267250061035,1.602905511856079,0.47007259726524353,1.187886118888855,True,10.856282234191895,-8.038985252380371,-2.6563549041748047,0.07889849692583084,5.853261947631836,4.412251949310303,3.1010825634002686,1.3452494144439697,1,4
80,predator,0,0,-9.592082977294922,-5.219735145568848,0.17221589386463165,0.8729250431060791,True,5.2233567237854,-0.9778975248336792,0.0,0.0,8.166180610656738,2.567878007888794,1.8321244716644287,4.0,1,0
80,predator,1,1,-7.79067850112915,5.935575485229492,0.050609901547431946,-0.01652389205992222,True,-6.5456037521362305,-0.8551825284957886,-1.900552749633789,-1.7361438274383545,4.393543720245361,-5.807968616485596,4.0,3.702357292175293,0,1
80,predator,2,2,0.3860219419002533,-4.182883262634277,-0.3584572374820709,-0.35047802329063416,True,0.7119015455245972,-3.615917205810547,0.0,0.0,-8.609712600708008,-7.145965099334717,2.294647693634033,4.0,2,0
80,predator,3,3,-4.634767532348633,3.9996843338012695,-0.732232391834259,-0.7251759767532349,True,6.205338001251221,2.8390095233917236,-0.9204331636428833,3.137439250946045,3.280916452407837,1.1579456329345703,2.0176608562469482,3.702357292175293,3,1
80,prey,0,0,1.1561872959136963,1.706823706626892,1.251931071281433,-0.05260726436972618,True,0.8443438410758972,-4.561581134796143,2.587500810623169,0.7207385301589966,-0.3294140100479126,4.918554306030273,4.0,1.6778897047042847,0,2
80,prey,1,1,1.6754727363586426,-6.080967903137207,0.17733778059482574,0.8817380666732788,True,-6.117856025695801,5.826728343963623,0.3827088177204132,-1.7732093334197998,1.3118482828140259,1.3790680170059204,2.294647693634033,1.8883942365646362,1,3
80,prey,2,2,-2.9313344955444336,2.918355941772461,0.7321616411209106,-0.31142327189445496,True,-0.12918290495872498,14.016851425170898,1.8232011795043945,-2.3902347087860107,1.547505497932434,-5.438614845275879,2.0176608562469482,1.3324846029281616,1,3
80,prey,3,3,-2.451956272125244,6.419483184814453,-0.5678386092185974,0.09865348041057587,True,-2.434208869934082,-5.780648231506348,1.4122661352157593,-2.4456615447998047,-8.69351577758789,0.6058881282806396,3.258848190307617,2.6246795654296875,1,2
80,prey,4,4,-4.309277057647705,-1.870498538017273,1.1370795965194702,-0.39069467782974243,True,-0.6404309272766113,4.510505199432373,1.231001853942871,-1.7551759481430054,12.298470497131348,-3.400914192199707,4.0,3.8523857593536377,0,1
80,prey,5,5,-7.863593578338623,-4.612277984619141,0.4820190966129303,-0.49523162841796875,True,2.625084400177002,1.2485331296920776,-0.3716297149658203,-2.0722875595092773,11.003207206726074,-3.318070888519287,1.8321244716644287,4.0,1,0
80,prey,6,6,4.123136520385742,5.584971904754639,0.1394631713628769,-0.45605337619781494,True,-0.707011878490448,10.369193077087402,1.0995784997940063,-1.2399674654006958,2.0370566844940186,-0.3296847939491272,4.0,2.857398271560669,0,1
80,prey,7,7,-0.06471885740756989,7.510373115539551,-0.6017343997955322,1.3045525550842285,True,-5.883844375610352,-6.595772743225098,3.1637866497039795,-1.4270079135894775,3.362687826156616,-0.6835256814956665,4.0,2.6246795654296875,0,1
80,prey,8,8,1.0897367000579834,-9.371589660644531,0.0413057804107666,-0.24379786849021912,True,0.48987120389938354,2.5927767753601074,-0.2452651709318161,-1.2222986221313477,-0.23819540441036224,-1.0965301990509033,4.0,1.4571731090545654,0,3
80,prey,9,9,-0.2040461152791977,2.6892080307006836,0.5444421172142029,-0.2643117606639862,True,11.466523170471191,13.368368148803711,2.18410325050354,-0.8347018361091614,13.334235191345215,-5.731904029846191,4.0,1.6778897047042847,0,3
80,prey,10,10,-9.127565383911133,1.4861667156219482,0.028236983343958855,-0.0939018726348877,True,-5.939030647277832,-8.649438858032227,3.862056016921997,-0.1055682897567749,-0.1804148256778717,5.169354438781738,4.0,4.0,0,0
80,prey,11,11,1.2731359004974365,-7.926003932952881,0.4198005199432373,-1.236777424812317,True,10.265979766845703,-0.762116551399231,-1.6073293685913086,-0.2991005480289459,3.6609246730804443,-4.622179985046387,3.846806764602661,1.4571731090545654,1,3
80,prey,12,12,2.6214661598205566,-9.718149185180664,-0.17738530039787292,-1.1790486574172974,True,5.544714450836182,-9.322071075439453,-2.139334201812744,-5.435034275054932,-5.931820869445801,1.7537765502929688,4.0,1.5704454183578491,0,3
80,prey,13,13,4.758498191833496,8.37083625793457,0.2252541333436966,0.47705018520355225,True,-1.6752312183380127,-1.9433237314224243,1.1861553192138672,2.1514534950256348,0.08676081895828247,2.1384670734405518,4.0,2.857398271560669,0,1
80,prey,14,14,9.812018394470215,9.86685848236084,0.49815407395362854,0.24316787719726562,True,-7.2322187423706055,-1.4110535383224487,1.7693485021591187,-3.758049964904785,-5.508777141571045,0.6820697784423828,4.0,4.0,0,0
80,prey,15,15,-2.664121627807617,1.6129393577575684,0.49748969078063965,1.2040584087371826,True,6.715554714202881,-0.40948590636253357,-0.042168278247117996,-0.49684637784957886,1.9197158813476562,5.23242712020874,3.0951571464538574,1.3324846029281616,1,4
81,predator,0,0,-9.590465545654297,-5.212376117706299,0.19410566985607147,0.8830665946006775,True,4.532954692840576,2.226588249206543,0.0,0.0,1.4457229375839233,5.042635917663574,1.8307510614395142,4.0,1,0
81,predator,1,1,-7.790110111236572,5.935263156890869,0.06822402030229568,-0.037512730807065964,True,3.3838906288146973,-1.4413920640945435,6.205338001251221,2.8390095233917236,-4.7483439445495605,5.824661731719971,4.0,3.6997783184051514,0,1
81,predator,2,2,0.382893830537796,-4.185946464538574,-0.3753737807273865,-0.36756616830825806,True,-4.582019329071045,1.071177363395691,0.0,0.0,3.207792043685913,-6.934035301208496,2.28865647315979,4.0,2,0
81,predator,3,3,-4.640561103820801,3.9939486980438232,-0.6952279210090637,-0.6882887482643127,True,5.8979668617248535,-0.9485409259796143,-6.5456037521362305,-0.8551825284957886,-13.081511497497559,-4.1576008796691895,2.0263259410858154,3.6997783184051514,3,1
81,prey,0,0,1.1663579940795898,1.7066820859909058,1.2204766273498535,-0.016998881474137306,True,-5.484705924987793,2.880260467529297,1.1981996297836304,4.211287498474121,1.555760145187378,6.9976983070373535,4.0,1.6808291673660278,0,2
81,prey,1,1,1.6772152185440063,-6.073452949523926,0.20908759534358978,0.9017965793609619,True,0.6360795497894287,7.433468341827393,3.9150338172912598,-0.7452263832092285,13.107136726379395,-3.7438831329345703,2.28865647315979,1.9055837392807007,1,3
81,prey,2,2,-2.925049304962158,2.9155166149139404,0.7542319297790527,-0.34072941541671753,True,6.78154993057251,3.346980571746826,0.58984375,-1.1597219705581665,-0.22925007343292236,-1.5122666358947754,2.0263259410858154,1.3192909955978394,1,3
81,prey,3,3,-2.4568819999694824,6.4204630851745605,-0.5910911560058594,0.11761670559644699,True,10.334782600402832,0.3574356436729431,1.5187358856201172,3.4634644985198975,-0.028128623962402344,-0.023786425590515137,3.264418125152588,2.628905773162842,1,2
81,prey,4,4,-4.2995734214782715,-1.8740800619125366,1.1644742488861084,-0.42978084087371826,True,-6.187760353088379,-2.5725224018096924,1.3522052764892578,2.9771392345428467,2.4415502548217773,-2.707977771759033,4.0,3.862670660018921,0,1
81,prey,5,5,-7.859361171722412,-4.616618633270264,0.5079135298728943,-0.5208910703659058,True,2.899634838104248,-6.281547546386719,-3.2897307872772217,-2.0694668292999268,1.739872932434082,-2.0926966667175293,1.8307510614395142,4.0,1,0
81,prey,6,6,4.124558925628662,5.581162452697754,0.17074371874332428,-0.45713010430336,True,8.165018081665039,11.581223487854004,-0.8191062808036804,-1.1540018320083618,2.416245698928833,-2.3289198875427246,4.0,2.8653721809387207,0,1
81,prey,7,7,-0.06936317682266235,7.520872116088867,-0.5573179125785828,1.2599085569381714,True,-0.7715919017791748,2.4272265434265137,2.0115408897399902,3.5799105167388916,-3.588721990585327,6.2136969566345215,4.0,2.628905773162842,0,1
81,prey,8,8,1.0899816751480103,-9.373922348022461,0.0293987225741148,-0.279900461435318,True,0.45223158597946167,6.638310432434082,3.2309463024139404,-1.419153094291687,-3.008713722229004,-8.975622177124023,4.0,1.4495058059692383,0,3
81,prey,9,9,-0.19922059774398804,2.6866726875305176,0.5790632367134094,-0.30424222350120544,True,1.7521897554397583,11.71674633026123,-0.3192543387413025,1.6498658657073975,6.790885925292969,-5.7856292724609375,4.0,1.6808291673660278,0,3
81,prey,10,10,-9.12740707397461,1.4857432842254639,0.018938224762678146,-0.05081207677721977,True,15.13711166381836,-0.6981170177459717,2.142756223678589,4.8416008949279785,11.47452449798584,3.1549911499023438,4.0,4.0,0,0
81,prey,11,11,1.276956558227539,-7.936526298522949,0.45847442746162415,-1.2627118825912476,True,6.588189125061035,-1.874058485031128,-0.02775684930384159,-0.3008553087711334,1.468156337738037,-6.487859725952148,3.855670690536499,1.4495058059692383,1,3
81,prey,12,12,2.619722366333008,-9.727526664733887,-0.20926888287067413,-1.1252398490905762,True,2.709761619567871,3.1473608016967773,1.545998215675354,2.5524628162384033,12.118200302124023,-2.3723337650299072,4.0,1.5700771808624268,0,3
81,prey,13,13,4.760368824005127,8.375102996826172,0.22448566555976868,0.5120267868041992,True,-0.39276570081710815,-6.618934631347656,-4.064321041107178,-0.8545703887939453,-2.536301612854004,9.26168441772461,4.0,2.8653721809387207,0,1
81,prey,14,14,9.815792083740234,9.869036674499512,0.4528477191925049,0.261379212141037,True,4.251054286956787,3.3303208351135254,-1.1911215782165527,4.212934494018555,7.47361421585083,4.7663679122924805,4.0,4.0,0,0
81,prey,15,15,-2.659663677215576,1.6231935024261475,0.5349565148353577,1.230508804321289,True,-0.23385900259017944,-1.6526622772216797,-0.3879758417606354,0.9011833071708679,2.2034547328948975,9.395692825317383,3.089406728744507,1.3192909955978394,1,4
82,predator,0,0,-9.588668823242188,-5.2049336433410645,0.21564771234989166,0.8931130170822144,True,2.033125877380371,5.177512168884277,0.0,0.0,2.7819106578826904,3.261805534362793,1.8294486999511719,4.0,1,0
82,predator,1,1,-7.789817810058594,5.935179233551025,0.035061608999967575,-0.010083833709359169,True,-3.169640064239502,-3.284043788909912,5.8979668617248535,-0.9485409259796143,0.5016833543777466,12.360493659973145,4.0,3.6975362300872803,0,1
82,predator,2,2,0.3801417052745819,-4.1892499923706055,-0.3302553594112396,-0.39644861221313477,True,5.633887767791748,2.7059054374694824,0.0,0.0,7.755664348602295,3.4690561294555664,2.2829091548919678,4.0,2,0
82,predator,3,3,-4.6464667320251465,3.9880998134613037,-0.7086885571479797,-0.7018628716468811,True,-3.238647937774658,6.102384090423584,3.3838906288146973,-1.4413920640945435,-0.12772107124328613,-0.6594164967536926,2.0350427627563477,3.6975362300872803,3,1
82,prey,0,0,1.1767455339431763,1.7069193124771118,1.2465142011642456,0.02846909686923027,True,-0.7098026871681213,-4.836568832397461,2.8343327045440674,3.600632429122925,14.681574821472168,0.6813203692436218,4.0,1.6834385395050049,0,2
82,prey,1,1,1.6793032884597778,-6.066442966461182,0.2505764961242676,0.8412261009216309,True,-3.146824598312378,-10.948105812072754,0.8906054496765137,1.3347725868225098,-2.862915515899658,-2.286454200744629,2.2829091548919678,1.9224439859390259,1,3
82,prey,2,2,-2.9189395904541016,2.912437677383423,0.7331623435020447,-0.369455486536026,True,4.347568035125732,-1.0660226345062256,2.078023910522461,1.7797666788101196,4.384276866912842,-3.8681912422180176,2.0350427627563477,1.3058160543441772,1,3
82,prey,3,3,-2.4617161750793457,6.421416759490967,-0.5801076889038086,0.11441684514284134,True,-2.4350836277008057,1.2527848482131958,1.4022620916366577,3.38297700881958,-8.518241882324219,3.773224353790283,3.270193576812744,2.632944107055664,1,2
82,prey,4,4,-4.289644241333008,-1.8779823780059814,1.1914894580841064,-0.4682789742946625,True,-7.394998073577881,2.9078369140625,3.069714307785034,2.3921611309051514,0.652518630027771,-2.487569808959961,4.0,3.8733913898468018,0,1
82,prey,5,5,-7.854827404022217,-4.621258735656738,0.5440416932106018,-0.5567971467971802,True,6.90483283996582,6.351019859313965,4.47467565536499,-1.635319709777832,11.35069465637207,9.14902114868164,1.8294486999511719,4.0,1,0
82,prey,6,6,4.126325607299805,5.577060222625732,0.21194928884506226,-0.4922904670238495,True,-4.800276279449463,8.934477806091309,1.6148271560668945,2.3488426208496094,-2.687206506729126,0.06284743547439575,4.0,2.8736793994903564,0,1
82,prey,7,7,-0.0742248073220253,7.531497478485107,-0.5833954215049744,1.27499258518219,True,2.072434425354004,4.963132381439209,2.988887310028076,3.0872929096221924,-10.067378997802734,6.643958568572998,4.0,2.632944107055664,0,1
82,prey,8,8,1.0899349451065063,-9.376465797424316,-0.005608491599559784,-0.30523189902305603,True,-3.7890782356262207,-3.41451358795166,3.3113434314727783,2.902256965637207,-6.519133567810059,-2.9444477558135986,4.0,1.442006230354309,0,3
82,prey,9,9,-0.19419628381729126,2.683896064758301,0.6029167771339417,-0.3331916332244873,True,1.23036527633667,1.6227538585662842,1.8004906177520752,2.3382773399353027,2.384920597076416,-6.76434326171875,4.0,1.6834385395050049,0,3
82,prey,10,10,-9.126938819885254,1.4857062101364136,0.05620535463094711,-0.004444503225386143,True,1.361161231994629,-1.2612850666046143,0.8148913383483887,-1.789937973022461,-3.825652599334717,-7.384611129760742,4.0,4.0,0,0
82,prey,11,11,1.2810072898864746,-7.947174549102783,0.486089289188385,-1.2777438163757324,True,3.0828652381896973,-6.953604221343994,1.2660242319107056,5.739713191986084,-3.5024096965789795,-2.6784825325012207,3.8643958568573,1.442006230354309,1,3
82,prey,12,12,2.618295669555664,-9.737044334411621,-0.17118844389915466,-1.1421018838882446,True,-1.0182902812957764,-3.8845572471618652,2.558833360671997,4.065907001495361,4.831380367279053,-1.24822998046875,4.0,1.5703195333480835,0,3
82,prey,13,13,4.761913299560547,8.379570007324219,0.1853555589914322,0.5359746217727661,True,-6.14400577545166,-2.637490749359131,5.494816303253174,4.424051284790039,2.3991951942443848,7.227748394012451,4.0,2.8736793994903564,0,1
82,prey,14,14,9.819774627685547,9.87145709991455,0.4779886305332184,0.2904747426509857,True,-3.130340576171875,-3.1058812141418457,3.8861262798309326,2.481144428253174,-0.9292630553245544,-3.0777430534362793,4.0,4.0,0,0
82,prey,15,15,-2.6549854278564453,1.6335773468017578,0.5613784790039062,1.2460492849349976,True,6.572656631469727,-3.8849849700927734,3.0802252292633057,2.4940013885498047,1.0253994464874268,5.654980659484863,3.083791971206665,1.3058160543441772,1,4
83,predator,0,0,-9.586591720581055,-5.197303771972656,0.24927730858325958,0.915583610534668,True,3.163726806640625,10.583541870117188,0.0,0.0,-7.700499057769775,1.5264527797698975,1.8282177448272705,4.0,1,0
83,predator,1,1,-7.789487361907959,5.935283184051514,0.03965548425912857,0.012501845136284828,True,5.660153865814209,6.408000469207764,-3.238647937774658,6.102384090423584,-3.8398783206939697,-8.478667259216309,4.0,3.695460081100464,0,1
83,predator,2,2,0.37765854597091675,-4.192272186279297,-0.29797929525375366,-0.36262816190719604,True,5.374849319458008,-6.676870822906494,0.0,0.0,-1.4622900485992432,0.4818309545516968,2.2774546146392822,4.0,2,0
83,predator,3,3,-4.652301788330078,3.982210636138916,-0.7002293467521667,-0.7066998481750488,True,-1.585916519165039,-1.076549768447876,-3.169640064239502,-3.284043788909912,-6.9202070236206055,-2.522416591644287,2.043997287750244,3.695460081100464,3,1
83,prey,0,0,1.187259554862976,1.707350254058838,1.2616779804229736,0.051711954176425934,True,-2.90352463722229,-5.865842819213867,-0.0581904835999012,2.1042826175689697,12.237044334411621,-2.3026416301727295,4.0,1.68563711643219,0,2
83,prey,1,1,1.6809788942337036,-6.059932708740234,0.2010786086320877,0.7812268733978271,True,-4.235068321228027,-8.09038257598877,-2.2798755168914795,-2.836209535598755,-4.252030849456787,7.378918170928955,2.2774546146392822,1.9389383792877197,1,3
83,prey,2,2,-2.912644863128662,2.9091224670410156,0.7553646564483643,-0.39784449338912964,True,5.270757675170898,7.212798118591309,0.09953328222036362,0.10909564048051834,-0.9659017324447632,4.678021430969238,2.043997287750244,1.2919929027557373,1,3
83,prey,3,3,-2.4667437076568604,6.4226393699646,-0.6033174991607666,0.14672690629959106,True,4.254281997680664,-6.76735782623291,0.3669913709163666,0.4421851933002472,-1.6247756481170654,-1.4997121095657349,3.2760276794433594,2.6369307041168213,1,2
83,prey,4,4,-4.279682159423828,-1.8821132183074951,1.1954543590545654,-0.4956996440887451,True,5.226760387420654,-4.905222415924072,2.3657078742980957,-2.0033133029937744,0.773888349533081,-3.9291539192199707,4.0,3.8845419883728027,0,1
83,prey,5,5,-7.850086212158203,-4.6255269050598145,0.5689366459846497,-0.5122035145759583,True,4.438709259033203,-2.215588092803955,-3.016918420791626,0.8232759237289429,2.88281512260437,-4.584707260131836,1.8282177448272705,4.0,1,0
83,prey,6,6,4.127679347991943,5.57307243347168,0.16246479749679565,-0.47853606939315796,True,2.74810791015625,7.766307353973389,-1.5194053649902344,-0.45687830448150635,5.161214828491211,-9.046381950378418,4.0,2.8822176456451416,0,1
83,prey,7,7,-0.07930035144090652,7.542245864868164,-0.6090659499168396,1.2898386716842651,True,-1.0164798498153687,-2.1801114082336426,-0.2769397795200348,-0.0878644660115242,4.01439094543457,-2.4201059341430664,4.0,2.6369307041168213,0,1
83,prey,8,8,1.0896048545837402,-9.379220008850098,-0.039605800062417984,-0.33045440912246704,True,-0.9024696350097656,-3.8147387504577637,-0.36074987053871155,-7.262089252471924,-0.677866518497467,5.401259422302246,4.0,1.4346038103103638,0,3
83,prey,9,9,-0.18888700008392334,2.6807942390441895,0.6371150016784668,-0.37222373485565186,True,8.451955795288086,10.037707328796387,-0.33535733819007874,1.1815221309661865,3.3736939430236816,2.4670772552490234,4.0,1.68563711643219,0,3
83,prey,10,10,-9.12679672241211,1.4854378700256348,0.0171205997467041,-0.03220636770129204,True,-2.807467460632324,1.7632306814193726,2.6075148582458496,1.0769622325897217,2.4376416206359863,-0.15636831521987915,4.0,4.0,0,0
83,prey,11,11,1.284704327583313,-7.957944393157959,0.44363895058631897,-1.2924076318740845,True,5.021811008453369,-2.546926736831665,-2.651397705078125,-6.08239221572876,-2.1278128623962402,-1.9619741439819336,3.873373031616211,1.4346038103103638,1,3
83,prey,12,12,2.6171815395355225,-9.746700286865234,-0.13371556997299194,-1.158727765083313,True,8.067045211791992,1.6854497194290161,-1.2843457460403442,-7.10540771484375,-6.987503528594971,-6.060202598571777,4.0,1.57115638256073,0,3
83,prey,13,13,4.7637152671813965,8.384235382080078,0.2162003070116043,0.5598487257957458,True,3.261648178100586,-2.4615073204040527,-2.0733165740966797,3.0111284255981445,6.0660624504089355,4.931046485900879,4.0,2.8822176456451416,0,1
83,prey,14,14,9.823402404785156,9.873537063598633,0.4352661073207855,0.2495221644639969,True,-0.7040620446205139,-1.8608969449996948,-5.472141265869141,3.148493528366089,13.05529499053955,5.665841102600098,4.0,4.0,0,0
83,prey,15,15,-2.650090456008911,1.6440885066986084,0.587391197681427,1.2613513469696045,True,-2.382822275161743,-6.129637241363525,-0.21833644807338715,0.5118045210838318,-3.6737449169158936,7.3528571128845215,3.078256845474243,1.2919929027557373,1,4
84,predator,0,0,-9.584857940673828,-5.189489841461182,0.2079840451478958,0.9376689791679382,True,0.4180191159248352,11.03032112121582,0.0,0.0,1.5779658555984497,2.3153023719787598,1.8274681568145752,4.0,1,0
84,predator,1,1,-7.78947639465332,5.935142517089844,0.0013404717901721597,-0.016902385279536247,True,-5.279384136199951,0.8645951747894287,-1.585916519165039,-1.076549768447876,-8.74734878540039,-1.955573320388794,4.0,3.693474531173706,0,1
84,predator,2,2,0.37502843141555786,-4.195125102996826,-0.3156140148639679,-0.34235191345214844,True,-5.612478733062744,-3.039722204208374,0.0,0.0,-3.475433826446533,-3.6919498443603516,2.2719309329986572,4.0,2,0
84,predator,3,3,-4.658353328704834,3.9761061668395996,-0.7261534929275513,-0.7325204014778137,True,0.5475348234176636,2.6692309379577637,5.660153865814209,6.408000469207764,-4.912619590759277,-5.171483993530273,2.0525448322296143,3.693474531173706,3,1
84,prey,0,0,1.1978979110717773,1.707484483718872,1.2766064405441284,0.01611911505460739,True,0.1062055230140686,-6.421563625335693,3.221794605255127,0.7192121148109436,7.129213809967041,-1.81683349609375,4.0,1.688147783279419,0,2
84,prey,1,1,1.6823368072509766,-6.05324649810791,0.16293765604496002,0.8023341298103333,True,3.610323905944824,1.0702788829803467,4.3532867431640625,-2.395359516143799,2.6742725372314453,-2.270474910736084,2.2719309329986572,1.955744981765747,1,3
84,prey,2,2,-2.9067413806915283,2.9061548709869385,0.7084213495254517,-0.35609838366508484,True,-2.293975830078125,6.123232364654541,1.260386347770691,-2.0067477226257324,2.1823105812072754,-1.1539326906204224,2.0525448322296143,1.2783948183059692,1,3
84,prey,3,3,-2.4719619750976562,6.423550605773926,-0.6261904239654541,0.1093304231762886,True,9.184430122375488,2.830094337463379,1.9185205698013306,1.1971021890640259,0.5631911754608154,0.758080244064331,3.2818124294281006,2.6413896083831787,1,2
84,prey,4,4,-4.269651889801025,-1.8864691257476807,1.20361328125,-0.5227060317993164,True,0.3854924440383911,-2.7927846908569336,0.8332200646400452,-0.4696734845638275,7.908466339111328,1.9529404640197754,4.0,3.8958587646484375,0,1
84,prey,5,5,-7.845139026641846,-4.630009651184082,0.5936912894248962,-0.5379484295845032,True,1.4979612827301025,1.9590141773223877,1.209646463394165,-1.570995807647705,-6.6878767013549805,-4.668247699737549,1.8274681568145752,4.0,1,0
84,prey,6,6,4.129292011260986,5.568881511688232,0.193507581949234,-0.5029073357582092,True,5.693288326263428,17.176315307617188,1.8906365633010864,-1.5163346529006958,-1.3571195602416992,-4.895575046539307,4.0,2.8912508487701416,0,1
84,prey,7,7,-0.08400458842515945,7.552532196044922,-0.5645080208778381,1.23436439037323,True,-1.8808709383010864,-7.463685512542725,2.6714863777160645,0.5417810678482056,-2.4594156742095947,7.52953577041626,4.0,2.6413896083831787,0,1
84,prey,8,8,1.089035987854004,-9.381512641906738,-0.0682600736618042,-0.27518436312675476,True,0.6511674523353577,-0.3535533547401428,2.9512627124786377,-2.9839532375335693,5.789716720581055,8.853337287902832,4.0,1.4266276359558105,0,3
84,prey,9,9,-0.18329843878746033,2.6781232357025146,0.6706262230873108,-0.32050392031669617,True,15.060015678405762,8.691834449768066,1.5995829105377197,-1.55272376537323,7.590766429901123,-9.240571022033691,4.0,1.688147783279419,0,3
84,prey,10,10,-9.126418113708496,1.4851648807525635,0.04541638121008873,-0.03275791183114052,True,9.958945274353027,-0.9012637138366699,3.1383514404296875,-1.509412407875061,3.0367536544799805,-4.8423051834106445,4.0,4.0,0,0
84,prey,11,11,1.2880531549453735,-7.96883487701416,0.401859849691391,-1.306848406791687,True,10.662436485290527,-2.345229387283325,0.9765024185180664,-3.406557083129883,4.1903839111328125,-1.974412441253662,3.882589340209961,1.4266276359558105,1,3
84,prey,12,12,2.615795135498047,-9.75649356842041,-0.16636398434638977,-1.1751724481582642,True,5.937224864959717,4.629589557647705,-0.03857564926147461,-4.817348957061768,-4.3312296867370605,-2.161963939666748,4.0,1.5721336603164673,0,3
84,prey,13,13,4.765856742858887,8.389185905456543,0.2570131719112396,0.5941129922866821,True,-1.9542511701583862,-17.350372314453125,1.3204619884490967,-0.7605147361755371,-1.2297390699386597,5.220494747161865,4.0,2.8912508487701416,0,1
84,prey,14,14,9.827239990234375,9.875859260559082,0.46054917573928833,0.2787276804447174,True,-0.7532213926315308,-11.088605880737305,3.004878044128418,2.652400016784668,3.7379889488220215,-6.491405963897705,4.0,4.0,0,0
84,prey,15,15,-2.6455626487731934,1.65472412109375,0.5433357357978821,1.2762608528137207,True,-2.235954761505127,4.09269380569458,2.353754758834839,-0.10068532079458237,4.838391304016113,-3.089622735977173,3.072481155395508,1.2783948183059692,1,4
85,predator,0,0,-9.582843780517578,-5.181493282318115,0.24178890883922577,0.9595811367034912,True,3.9229540824890137,7.5257463455200195,0.0,0.0,4.789903163909912,-4.937765598297119,1.826062798500061,4.0,1,0
85,predator,1,1,-7.789740085601807,5.934746265411377,-0.03163522109389305,-0.04752546176314354,True,-0.2402857542037964,-1.4126633405685425,0.5475348234176636,2.6692309379577637,3.9157657623291016,-0.10750013589859009,4.0,3.6915695667266846,0,1
85,predator,2,2,0.3721482753753662,-4.198223114013672,-0.3456202745437622,-0.3717740774154663,True,-5.310248851776123,-0.14834019541740417,0.0,0.0,4.22776985168457,-6.53428840637207,2.2669925689697266,4.0,2,0
85,predator,3,3,-4.66451358795166,3.96989369392395,-0.7392507195472717,-0.7455153465270996,True,1.0316535234451294,-7.756689548492432,-5.279384136199951,0.8645951747894287,-0.6875612735748291,-4.375336170196533,2.0615715980529785,3.6915695667266846,3,1
85,prey,0,0,1.2087464332580566,1.7072399854660034,1.3018205165863037,-0.02935227006673813,True,9.599288940429688,-2.3863515853881836,3.4160609245300293,4.09395694732666,1.4778376817703247,2.215449094772339,4.0,1.6906476020812988,0,2
85,prey,1,1,1.6840453147888184,-6.047055721282959,0.20502839982509613,0.7428742051124573,True,-8.46300220489502,-3.419684648513794,4.409080505371094,-0.21549451351165771,1.6292719841003418,-8.583056449890137,2.2669925689697266,1.9722895622253418,1,3
85,prey,2,2,-2.9005630016326904,2.902862548828125,0.741412341594696,-0.3950960040092468,True,-2.813075542449951,3.5396411418914795,4.368323802947998,-0.280667781829834,1.8420298099517822,-1.782532811164856,2.0615715980529785,1.2649182081222534,1,3
85,prey,3,3,-2.4769139289855957,6.424661636352539,-0.5942339301109314,0.1333281248807907,True,2.9259109497070312,-1.9920761585235596,2.40811824798584,3.6998043060302734,-6.138032913208008,0.16495037078857422,3.288081169128418,2.6454083919525146,1,2
85,prey,4,4,-4.259490489959717,-1.8904664516448975,1.2194113731384277,-0.479679137468338,True,-5.506261348724365,-5.331315517425537,3.6719319820404053,2.0877466201782227,1.3942700624465942,2.699158191680908,4.0,3.9064993858337402,0,1
85,prey,5,5,-7.8405680656433105,-4.634701728820801,0.5485289692878723,-0.5630534887313843,True,1.049788475036621,5.610195159912109,5.1722187995910645,-1.8470242023468018,5.729228973388672,-6.481209754943848,1.826062798500061,4.0,1,0
85,prey,6,6,4.1305832862854,5.564491271972656,0.15495751798152924,-0.5268374085426331,True,2.2214107513427734,8.897398948669434,3.293718099594116,-5.133716583251953,6.82912540435791,-9.7760009765625,4.0,2.9006664752960205,0,1
85,prey,7,7,-0.08892518281936646,7.562947750091553,-0.5904715657234192,1.2498481273651123,True,0.4335519075393677,5.206535816192627,3.365679979324341,2.1631762981414795,-4.8831682205200195,10.87285041809082,4.0,2.6454083919525146,0,1
85,prey,8,8,1.0888561010360718,-9.383346557617188,-0.02159607782959938,-0.22007736563682556,True,-3.203538417816162,-4.834321022033691,6.736661911010742,1.1182130575180054,0.7474536895751953,-2.110255479812622,4.0,1.418001413345337,0,3
85,prey,9,9,-0.17743197083473206,2.675123691558838,0.7039757966995239,-0.3599548041820526,True,-1.4935680627822876,15.342184066772461,1.2798020839691162,1.934900164604187,7.321493148803711,-0.7198508977890015,4.0,1.6906476020812988,0,3
85,prey,10,10,-9.125801086425781,1.4846453666687012,0.07396581023931503,-0.06234513223171234,True,10.276162147521973,0.8890737295150757,-0.6616191864013672,2.345539093017578,-4.677525043487549,2.6892499923706055,4.0,4.0,0,0
85,prey,11,11,1.2917267084121704,-7.9799323081970215,0.44082462787628174,-1.331700086593628,True,-3.9838337898254395,-8.675331115722656,3.3995721340179443,1.7821049690246582,1.2229466438293457,-3.7876439094543457,3.8919081687927246,1.418001413345337,1,3
85,prey,12,12,2.6141409873962402,-9.7664213180542,-0.19850580394268036,-1.1913988590240479,True,1.7268295288085938,5.2513957023620605,4.974642276763916,-0.5428345799446106,6.171502590179443,1.1672887802124023,4.0,1.572653889656067,0,3
85,prey,13,13,4.767669677734375,8.394330024719238,0.21753215789794922,0.6173248291015625,True,-0.6628910899162292,-4.059990406036377,1.0197319984436035,-0.4586588442325592,1.0126979351043701,4.570465564727783,4.0,2.9006664752960205,0,1
85,prey,14,14,9.831283569335938,9.877845764160156,0.48525917530059814,0.23833680152893066,True,-12.632418632507324,-3.467344284057617,1.869518518447876,-0.08702850341796875,-1.999485731124878,1.1518840789794922,4.0,4.0,0,0
85,prey,15,15,-2.640817165374756,1.6649004220962524,0.569476842880249,1.2211582660675049,True,1.330063819885254,-7.220484256744385,4.360034465789795,0.009409086778759956,0.08031356334686279,3.7381348609924316,3.0673017501831055,1.2649182081222534,1,4
86,predator,0,0,-9.580655097961426,-5.173836708068848,0.26253753900527954,0.9187650680541992,True,4.035012722015381,8.5369291305542,0.0,0.0,1.5035663843154907,0.8721871376037598,1.8248794078826904,4.0,1,0
86,predator,1,1,-7.789785385131836,5.934397220611572,-0.00544268824160099,-0.04189693555235863,True,5.654487133026123,4.0077900886535645,1.0316535234451294,-7.756689548492432,-6.821256160736084,0.7293604016304016,4.0,3.6895382404327393,0,1
86,predator,2,2,0.36963963508605957,-4.201560020446777,-0.3010362684726715,-0.400404155254364,True,2.3675718307495117,7.678608417510986,0.0,0.0,-2.9161462783813477,6.836399078369141,2.2622783184051514,4.0,2,0
86,predator,3,3,-4.670788764953613,3.963470220565796,-0.7530071139335632,-0.7708002328872681,True,4.6305317878723145,4.445054054260254,-0.2402857542037964,-1.4126633405685425,1.102909803390503,0.9019185900688171,2.0709052085876465,3.6895382404327393,3,1
86,prey,0,0,1.219801902770996,1.7073760032653809,1.3266617059707642,0.016325917094945908,True,-1.558401107788086,-0.8598024845123291,-0.4145667850971222,2.634554624557495,-0.2527322769165039,3.745816469192505,4.0,1.6928731203079224,0,2
86,prey,1,1,1.6860973834991455,-6.041354179382324,0.2462477684020996,0.6842018365859985,True,-0.865669846534729,-3.229184865951538,-2.741701126098633,-3.397392749786377,-4.876545429229736,8.723453521728516,2.2622783184051514,1.988573670387268,1,3
86,prey,2,2,-2.894199848175049,2.899336576461792,0.7635753750801086,-0.4231063723564148,True,8.799007415771484,8.275862693786621,2.5093064308166504,0.6439379453659058,4.5289506912231445,0.9469454288482666,2.0709052085876465,1.2510385513305664,1,3
86,prey,3,3,-2.482057809829712,6.425798416137695,-0.617267370223999,0.13644357025623322,True,8.507405281066895,1.6057002544403076,1.5462785959243774,3.896487236022949,-6.622564792633057,-0.9046540260314941,3.294480800628662,2.6494784355163574,1,2
86,prey,4,4,-4.249111652374268,-1.8940240144729614,1.2454415559768677,-0.42691275477409363,True,-4.9664106369018555,3.440716028213501,1.3550937175750732,1.7649390697479248,7.036711692810059,-0.354533314704895,4.0,3.9167768955230713,0,1
86,prey,5,5,-7.835699081420898,-4.6396894454956055,0.5842337608337402,-0.598516047000885,True,6.3010406494140625,2.334084987640381,2.3849503993988037,-2.221120834350586,1.0396223068237305,3.940901756286621,1.8248794078826904,4.0,1,0
86,prey,6,6,4.13213586807251,5.559902191162109,0.18633460998535156,-0.5506955981254578,True,4.2032856941223145,4.172543525695801,-0.3050210475921631,1.4404929876327515,10.331446647644043,-1.3015830516815186,4.0,2.910569190979004,0,1
86,prey,7,7,-0.09405878186225891,7.573490142822266,-0.6160317063331604,1.2650915384292603,True,0.14458656311035156,-2.329859972000122,1.5867341756820679,1.73147451877594,-3.7068469524383545,8.620950698852539,4.0,2.6494784355163574,0,1
86,prey,8,8,1.0889571905136108,-9.385482788085938,0.012135659344494343,-0.2562922239303589,True,3.4138221740722656,1.0180420875549316,-3.573335647583008,-2.2812066078186035,-2.5860800743103027,-6.113959789276123,4.0,1.4094966650009155,0,3
86,prey,9,9,-0.171378031373024,2.6719679832458496,0.726473867893219,-0.3786856234073639,True,3.711993455886841,3.9762024879455566,1.170127034187317,0.10190684348344803,0.6660556793212891,0.3956436216831207,4.0,1.6928731203079224,0,3
86,prey,10,10,-9.125625610351562,1.484541893005371,0.02108304761350155,-0.01241257507354021,True,1.5732654333114624,3.514331340789795,-1.4848711490631104,-0.8504908680915833,-5.438899993896484,-5.830694198608398,4.0,4.0,0,0
86,prey,11,11,1.295719861984253,-7.991233825683594,0.4791852533817291,-1.3561623096466064,True,9.634478569030762,5.81695556640625,-3.313236951828003,-1.000869870185852,-0.43442583084106445,-0.8513089418411255,3.901185989379883,1.4094966650009155,1,3
86,prey,12,12,2.6128032207489014,-9.775899887084961,-0.1605357676744461,-1.1373456716537476,True,2.1832704544067383,8.657455444335938,-5.216791152954102,-5.6431121826171875,-17.004262924194336,-7.61340856552124,4.0,1.5730646848678589,0,3
86,prey,13,13,4.769824028015137,8.399755477905273,0.2585153579711914,0.6509712338447571,True,-3.0632638931274414,2.9505319595336914,-3.3258187770843506,3.545530319213867,2.7093210220336914,-1.7188441753387451,4.0,2.910569190979004,0,1
86,prey,14,14,9.834952354431152,9.880075454711914,0.44015878438949585,0.26756083965301514,True,-6.664382457733154,3.280209541320801,0.7792598009109497,2.4187042713165283,5.040011405944824,4.812288761138916,4.0,4.0,0,0
86,prey,15,15,-2.636122703552246,1.6752067804336548,0.5633288621902466,1.2367746829986572,True,0.447273850440979,0.8513317108154297,1.9174295663833618,2.181098699569702,-0.9701206684112549,6.09222936630249,3.062027931213379,1.2510385513305664,1,4
87,predator,0,0,-9.578193664550781,-5.166035175323486,0.295439213514328,0.9361886978149414,True,6.195847511291504,1.0461666584014893,0.0,0.0,9.367644309997559,2.4564411640167236,1.8238943815231323,4.0,1,0
87,predator,1,1,-7.790078163146973,5.934298992156982,-0.035166915506124496,-0.011769023723900318,True,-4.4168524742126465,3.3520240783691406,4.6305317878723145,4.445054054260254,-5.203791618347168,2.4949607849121094,4.0,3.6879751682281494,0,1
87,predator,2,2,0.366983026266098,-4.204616069793701,-0.31879058480262756,-0.3667304813861847,True,9.067744255065918,3.9342987537384033,0.0,0.0,-1.5389208793640137,8.827067375183105,2.257573127746582,4.0,2,0
87,predator,3,3,-4.676753520965576,3.957339286804199,-0.7157881855964661,-0.735720157623291,True,-6.536789417266846,-2.9369475841522217,5.654487133026123,4.0077900886535645,-5.838507652282715,-3.873629093170166,2.0801455974578857,3.6879751682281494,3,1
87,prey,0,0,1.2305864095687866,1.7078866958618164,1.2941375970840454,0.06128169223666191,True,-7.872467041015625,-3.4417152404785156,2.978163003921509,2.8560709953308105,1.456663727760315,1.1631746292114258,4.0,1.6947052478790283,0,2
87,prey,1,1,1.6878238916397095,-6.035467147827148,0.20717473328113556,0.7064329981803894,True,7.214777946472168,0.5711545944213867,2.5662901401519775,4.733292579650879,-4.1522088050842285,-0.8154658675193787,2.257573127746582,2.005094051361084,1,3
87,prey,2,2,-2.8876559734344482,2.896144151687622,0.7852708697319031,-0.38307902216911316,True,7.196918964385986,8.772119522094727,1.1228160858154297,1.4569456577301025,3.173553943634033,-0.8931897878646851,2.0801455974578857,1.2372506856918335,1,3
87,prey,3,3,-2.487391233444214,6.4266533851623535,-0.6399983167648315,0.10255979746580124,True,9.608244895935059,4.321272373199463,2.624624252319336,2.347712993621826,-3.891270637512207,-3.4048733711242676,3.300124168395996,2.6537346839904785,1,2
87,prey,4,4,-4.238605976104736,-1.8976285457611084,1.260686993598938,-0.4325491786003113,True,-4.962153911590576,1.8362492322921753,2.6297872066497803,2.123260736465454,3.940139055252075,1.3208566904067993,4.0,3.927046775817871,0,1
87,prey,5,5,-7.830539703369141,-4.644215106964111,0.6191203594207764,-0.543048620223999,True,6.965812683105469,0.32776594161987305,-1.6965725421905518,3.4775238037109375,2.3532111644744873,-3.391892910003662,1.8238943815231323,4.0,1,0
87,prey,6,6,4.134032726287842,5.555027484893799,0.22763879597187042,-0.5849519371986389,True,0.20651060342788696,3.3622002601623535,0.17965638637542725,1.4371637105941772,1.919447898864746,-5.4094038009643555,4.0,2.92034649848938,0,1
87,prey,7,7,-0.0994020476937294,7.584157466888428,-0.6411922574043274,1.2800934314727783,True,-3.008490562438965,-5.688777446746826,3.0067572593688965,2.9960529804229736,-6.663688659667969,5.937251567840576,4.0,2.6537346839904785,0,1
87,prey,8,8,1.0887714624404907,-9.38783073425293,-0.022283906117081642,-0.2818002700805664,True,-5.790085792541504,-2.811333179473877,3.650692939758301,3.748408555984497,1.6950136423110962,4.338186740875244,4.0,1.4011677503585815,0,3
87,prey,9,9,-0.1652369648218155,2.6689813137054443,0.7369275093078613,-0.35839253664016724,True,-0.5561636686325073,7.8800883293151855,2.2252495288848877,2.165213108062744,2.7602362632751465,-3.879937171936035,4.0,1.6947052478790283,0,3
87,prey,10,10,-9.125722885131836,1.4842125177383423,-0.01168849878013134,-0.03952017053961754,True,10.704682350158691,-12.43150806427002,2.6452279090881348,3.725498676300049,0.16446954011917114,3.9303531646728516,4.0,4.0,0,0
87,prey,11,11,1.299524188041687,-8.002603530883789,0.4565163552761078,-1.3644264936447144,True,0.3975226879119873,-7.597183704376221,1.5771409273147583,2.148771047592163,-0.861615002155304,-5.97955322265625,3.9107980728149414,1.4011677503585815,1,3
87,prey,12,12,2.611196756362915,-9.785516738891602,-0.19275319576263428,-1.1540985107421875,True,-0.3909684419631958,2.5969834327697754,4.060876846313477,1.2019375562667847,1.94637131690979,-10.228324890136719,4.0,1.5735098123550415,0,3
87,prey,13,13,4.772225379943848,8.40478801727295,0.28816351294517517,0.6039807796478271,True,-5.640715599060059,-5.450008869171143,-0.7721700668334961,1.7076311111450195,-4.651665687561035,-3.774641513824463,4.0,2.92034649848938,0,1
87,prey,14,14,9.838830947875977,9.882545471191406,0.46548542380332947,0.29647961258888245,True,2.410691022872925,-6.001489162445068,0.5700109004974365,3.561537742614746,1.4634554386138916,-1.6290388107299805,4.0,4.0,0,0
87,prey,15,15,-2.6317834854125977,1.6856406927108765,0.520698070526123,1.2520694732666016,True,3.563624620437622,-4.54116678237915,2.31592059135437,2.5175931453704834,2.7524938583374023,0.7470474243164062,3.0565528869628906,1.2372506856918335,1,4
88,predator,0,0,-9.575565338134766,-5.158154487609863,0.31541410088539124,0.9457026720046997,True,2.692269802093506,11.020670890808105,0.0,0.0,-4.686258792877197,-0.2243620753288269,1.8229478597640991,4.0,1,0
88,predator,1,1,-7.7905120849609375,5.9343953132629395,-0.05203261226415634,0.011515836231410503,True,-1.8709783554077148,-3.4750289916992188,-6.536789417266846,-2.9369475841522217,-3.798734426498413,-7.480588912963867,4.0,3.6866180896759033,0,1
88,predator,2,2,0.36418288946151733,-4.207396507263184,-0.3360165059566498,-0.3336995542049408,True,7.552562236785889,1.0815314054489136,0.0,0.0,4.620878219604492,-3.235450267791748,2.253300905227661,4.0,2,0
88,predator,3,3,-4.682828903198242,3.9511005878448486,-0.729040801525116,-0.748651385307312,True,5.12550163269043,10.327667236328125,-4.4168524742126465,3.3520240783691406,-2.0592634677886963,-5.147212505340576,2.0897233486175537,3.6866180896759033,3,1
88,prey,0,0,1.2415790557861328,1.708766222000122,1.3191133737564087,0.10554073750972748,True,-4.696306228637695,-4.608068466186523,1.7212129831314087,2.2774264812469482,8.43070125579834,2.2987358570098877,4.0,1.6962324380874634,0,2
88,prey,1,1,1.6892293691635132,-6.029926776885986,0.1686660349369049,0.6648568511009216,True,15.255952835083008,-1.7971410751342773,-2.6864211559295654,-1.4938210248947144,0.5821325182914734,5.919299602508545,2.253300905227661,2.021496295928955,1,3
88,prey,2,2,-2.880932331085205,2.892747163772583,0.8068419098854065,-0.4076651632785797,True,4.971943378448486,8.14269733428955,1.068182349205017,-1.7236510515213013,3.423037052154541,-3.418302059173584,2.0897233486175537,1.223219871520996,1,3
88,prey,3,3,-2.4929990768432617,6.427117347717285,-0.672956645488739,0.055682018399238586,True,3.5341296195983887,3.0114810466766357,-0.07834458351135254,1.0571248531341553,-2.8798794746398926,5.269875526428223,3.3054521083831787,2.6583075523376465,1,2
88,prey,4,4,-4.227888584136963,-1.9007996320724487,1.2860959768295288,-0.38052743673324585,True,-2.7673542499542236,3.2792162895202637,3.888169527053833,-0.40903738141059875,4.619215965270996,-0.4772073030471802,4.0,3.9370062351226807,0,1
88,prey,5,5,-7.825179100036621,-4.648952484130859,0.6432884335517883,-0.5685110688209534,True,-8.143263816833496,-7.83211612701416,2.8712642192840576,-5.297629356384277,3.563512086868286,-6.06477165222168,1.8229478597640991,4.0,1,0
88,prey,6,6,4.1362690925598145,5.549869060516357,0.26834002137184143,-0.6189876794815063,True,7.0258378982543945,13.694997787475586,-0.8431501388549805,-1.396771788597107,1.9855461120605469,1.819478988647461,4.0,2.9297714233398438,0,1
88,prey,7,7,-0.10495169460773468,7.594947814941406,-0.665956974029541,1.2948532104492188,True,3.5328140258789062,2.5549075603485107,0.9294217824935913,1.5575414896011353,-10.728363037109375,7.264435291290283,4.0,2.6583075523376465,0,1
88,prey,8,8,1.0888749361038208,-9.389806747436523,0.012408453971147537,-0.23713085055351257,True,-2.797727584838867,8.005772590637207,2.4071109294891357,-1.4763485193252563,-3.339348554611206,-11.6657133102417,4.0,1.39219069480896,0,3
88,prey,9,9,-0.15891148149967194,2.6657567024230957,0.7590572237968445,-0.3869631290435791,True,5.9673285484313965,13.036401748657227,0.6760268211364746,0.660025954246521,1.9095990657806396,2.80136775970459,4.0,1.6962324380874634,0,3
88,prey,10,10,-9.125723838806152,1.4842147827148438,-0.00010760380973806605,0.0002717532042879611,True,7.679836750030518,-9.489941596984863,3.1910505294799805,1.598741888999939,10.775982856750488,2.6065521240234375,4.0,4.0,0,0
88,prey,11,11,1.3029438257217407,-8.014172554016113,0.4103539288043976,-1.3882198333740234,True,4.891289710998535,-0.8936232328414917,0.34457457065582275,0.11893495172262192,7.156147480010986,-6.4198479652404785,3.920818328857422,1.39219069480896,1,3
88,prey,12,12,2.60990571975708,-9.795271873474121,-0.15493901073932648,-1.170560359954834,True,1.5042736530303955,3.484628200531006,0.6074049472808838,-3.279120683670044,-2.261549472808838,-8.776182174682617,4.0,1.5741463899612427,0,3
88,prey,13,13,4.774203777313232,8.409344673156738,0.23740345239639282,0.5467813611030579,True,-6.565888404846191,-1.9447883367538452,-0.13042967021465302,-2.776021957397461,5.617288112640381,4.572595119476318,4.0,2.9297714233398438,0,1
88,prey,14,14,9.842916488647461,9.884676933288574,0.49022746086120605,0.25578057765960693,True,-1.6137109994888306,-0.8984163999557495,-2.717102527618408,-1.0439043045043945,1.0283082723617554,5.257045269012451,4.0,4.0,0,0
88,prey,15,15,-2.6272225379943848,1.6961276531219482,0.5473257303237915,1.2584285736083984,True,0.9956310391426086,1.3803811073303223,1.5872243642807007,0.17824682593345642,-1.338932752609253,4.962289810180664,3.051298141479492,1.223219871520996,1,4
89,predator,0,0,-9.573186874389648,-5.150451183319092,0.2853780686855316,0.9244145154953003,True,0.4260175824165344,8.922744750976562,0.0,0.0,-2.906198501586914,2.3032031059265137,1.822515606880188,4.0,1,0
89,predator,1,1,-7.7911906242370605,5.934197425842285,-0.08145809918642044,-0.023746753111481667,True,-5.470508575439453,3.545259475708008,5.12550163269043,10.327667236328125,-8.25413703918457,0.9971092343330383,4.0,3.685293197631836,0,1
89,predator,2,2,0.3617551028728485,-4.210419654846191,-0.2913343012332916,-0.36277633905410767,True,-4.006558895111084,1.6698566675186157,0.0,0.0,-6.064755916595459,-1.7354353666305542,2.2485766410827637,4.0,2,0
89,predator,3,3,-4.6890130043029785,3.9447553157806396,-0.7421226501464844,-0.7614182829856873,True,-1.125403642654419,0.5317641496658325,-1.8709783554077148,-3.4750289916992188,-9.606441497802734,2.288865327835083,2.0997705459594727,3.685293197631836,3,1
89,prey,0,0,1.2527767419815063,1.7100087404251099,1.3437215089797974,0.14911456406116486,True,-3.8447887897491455,-9.10509204864502,3.322904348373413,6.442868709564209,8.275805473327637,1.956012487411499,4.0,1.6977671384811401,0,2
89,prey,1,1,1.690777063369751,-6.024199485778809,0.1857229620218277,0.6872947216033936,True,3.285256862640381,9.879215240478516,0.20762044191360474,3.468998432159424,5.212953567504883,1.170524001121521,2.2485766410827637,2.0382537841796875,1,3
89,prey,2,2,-2.8739428520202637,2.8890295028686523,0.838720977306366,-0.44609469175338745,True,2.315563440322876,-5.225481033325195,2.658989667892456,2.857421875,1.706199049949646,0.9318224191665649,2.0997705459594727,1.2086235284805298,1,3
89,prey,3,3,-2.4988796710968018,6.427947521209717,-0.7056635618209839,0.09965091198682785,True,5.176380157470703,-2.4114603996276855,2.9662082195281982,5.700219631195068,8.170585632324219,3.2070937156677246,3.3110311031341553,2.6628270149230957,1,2
89,prey,4,4,-4.21696138381958,-1.904101014137268,1.3112235069274902,-0.39616602659225464,True,0.8655076026916504,0.920279860496521,3.1473028659820557,-0.16682672500610352,2.463902711868286,-2.5363104343414307,4.0,3.9469997882843018,0,1
89,prey,5,5,-7.819619178771973,-4.653899669647217,0.6671974658966064,-0.5936765670776367,True,12.382452964782715,4.538273334503174,2.4562411308288574,-3.1053626537323,5.005770683288574,-3.864017963409424,1.822515606880188,4.0,1,0
89,prey,6,6,4.138750076293945,5.545099258422852,0.2976981997489929,-0.5724185109138489,True,-0.46203815937042236,10.430191993713379,0.7329014539718628,2.7563159465789795,-2.1378564834594727,-0.03872948884963989,4.0,2.9391191005706787,0,1
89,prey,7,7,-0.11079176515340805,7.605947017669678,-0.7008084058761597,1.3198812007904053,True,1.7831394672393799,1.247336983680725,1.6046679019927979,4.673300266265869,-8.771383285522461,7.088495254516602,4.0,2.6628270149230957,0,1
89,prey,8,8,1.088606595993042,-9.392084121704102,-0.032199565321207047,-0.27328869700431824,True,-5.848703861236572,-9.16537094116211,7.217172622680664,0.2646212577819824,0.26748719811439514,-4.472828388214111,4.0,1.383443832397461,0,3
89,prey,9,9,-0.15231837332248688,2.6629626750946045,0.79117351770401,-0.335287868976593,True,9.601194381713867,9.332530975341797,1.7995280027389526,3.9222304821014404,1.5227911472320557,-2.626413345336914,4.0,1.6977671384811401,0,3
89,prey,10,10,-9.125393867492676,1.4845478534698486,0.039651691913604736,0.039962660521268845,True,3.2052528858184814,-5.881311893463135,-1.2357609272003174,1.2425445318222046,-9.718820571899414,10.568092346191406,4.0,4.0,0,0
89,prey,11,11,1.3066869974136353,-8.0259370803833,0.4491877853870392,-1.411774754524231,True,-3.014385223388672,-5.086909770965576,4.654166221618652,3.2310867309570312,2.1493828296661377,0.2159426212310791,3.9307849407196045,1.383443832397461,1,3
89,prey,12,12,2.6083452701568604,-9.80516242980957,-0.18725845217704773,-1.1868473291397095,True,-1.4688726663589478,-11.31844425201416,5.7831711769104,1.7716693878173828,0.8953708410263062,-5.872204780578613,4.0,1.5748776197433472,0,3
89,prey,13,13,4.776518821716309,8.414188385009766,0.2777996063232422,0.5812692046165466,True,2.8516387939453125,-1.683693289756775,2.981646776199341,5.117162704467773,-0.9491153359413147,-0.5507082939147949,4.0,2.9391191005706787,0,1
89,prey,14,14,9.847207069396973,9.887053489685059,0.5149043202400208,0.28516441583633423,True,8.599321365356445,6.3994526863098145,0.22997474670410156,5.875104904174805,3.948549747467041,6.001004219055176,4.0,4.0,0,0
89,prey,15,15,-2.623023271560669,1.7067391872406006,0.5039072036743164,1.2733877897262573,True,-4.114796161651611,-3.7812910079956055,2.603198766708374,2.2752420902252197,6.542865753173828,-0.5769947171211243,3.0458216667175293,1.2086235284805298,1,4
90,predator,0,0,-9.571157455444336,-5.142564296722412,0.2435028851032257,0.9464206099510193,True,6.642651081085205,3.4336795806884766,0.0,0.0,5.938488006591797,-1.1209022998809814,1.822599172592163,4.0,1,0
90,predator,1,1,-7.792006969451904,5.934206962585449,-0.09791309386491776,0.0011892871698364615,True,3.509981155395508,-3.3483457565307617,-1.125403642654419,0.5317641496658325,6.1057868003845215,1.0788075923919678,4.0,3.683957099914551,0,1
90,predator,2,2,0.35907289385795593,-4.213684558868408,-0.3218657374382019,-0.3917452394962311,True,-0.02531421184539795,5.047644138336182,0.0,0.0,-9.870193481445312,4.079492092132568,2.2438266277313232,4.0,2,0
90,predator,3,3,-4.695303440093994,3.938720226287842,-0.7548439502716064,-0.7242130041122437,True,-1.144624948501587,-0.050284504890441895,-5.470508575439453,3.545259475708008,-12.684772491455078,-4.8950114250183105,2.1100871562957764,3.683957099914551,3,1
90,prey,0,0,1.2640888690948486,1.711521863937378,1.3574528694152832,0.18156728148460388,True,-6.594150066375732,1.3664143085479736,2.16642165184021,1.5017296075820923,5.476189613342285,-4.093852996826172,4.0,1.6989831924438477,0,2
90,prey,1,1,1.6926723718643188,-6.018198490142822,0.2274356633424759,0.7200971841812134,True,3.5481786727905273,-4.233765125274658,-2.3666136264801025,-6.16261100769043,1.211299180984497,4.925014972686768,2.2438266277313232,2.0550379753112793,1,3
90,prey,2,2,-2.8667802810668945,2.885643243789673,0.8595176339149475,-0.4063642919063568,True,8.699695587158203,2.17999529838562,1.5262315273284912,0.09389805793762207,2.499722957611084,1.7071911096572876,2.1100871562957764,1.194690227508545,1,3
90,prey,3,3,-2.504359722137451,6.429050445556641,-0.6576133370399475,0.13232670724391937,True,3.896545886993408,-6.3672590255737305,0.8797124028205872,0.48303261399269104,0.2701101303100586,1.8549926280975342,3.316923141479492,2.666771650314331,1,2
90,prey,4,4,-4.2058281898498535,-1.9077279567718506,1.3360015153884888,-0.4352242350578308,True,-1.38106107711792,2.903472423553467,3.2614479064941406,-0.03473656624555588,2.4414021968841553,-5.785218238830566,4.0,3.9570257663726807,0,1
90,prey,5,5,-7.813862323760986,-4.659054279327393,0.6908420324325562,-0.6185429096221924,True,8.392181396484375,8.423089027404785,2.0353803634643555,-2.480515956878662,-1.5680067539215088,-9.634700775146484,1.822599172592163,4.0,1,0
90,prey,6,6,4.140893936157227,5.540412425994873,0.25725674629211426,-0.5624132752418518,True,2.793185234069824,9.000195503234863,3.7832071781158447,-0.20662946999073029,0.954008936882019,-4.477654933929443,4.0,2.9480762481689453,0,1
90,prey,7,7,-0.11683028936386108,7.617063522338867,-0.724622905254364,1.3339793682098389,True,-2.046327590942383,-6.640100002288818,1.646164894104004,-0.3491849899291992,1.432685375213623,9.03115463256836,4.0,2.666771650314331,0,1
90,prey,8,8,1.0884226560592651,-9.394573211669922,-0.022064652293920517,-0.2986840009689331,True,-3.6419215202331543,5.196250915527344,-0.3993336856365204,-2.175379514694214,-2.78220272064209,-6.111329555511475,4.0,1.3752286434173584,0,3
90,prey,9,9,-0.1455468386411667,2.659926414489746,0.8125843405723572,-0.3643462359905243,True,7.07231330871582,6.427525043487549,0.2455667108297348,-1.1322165727615356,-0.8566228151321411,-0.5927482843399048,4.0,1.6989831924438477,0,3
90,prey,10,10,-9.125438690185547,1.485190510749817,-0.005444261245429516,0.07712632417678833,True,5.0408196449279785,-4.31061315536499,2.862182140350342,-0.8870546817779541,4.023573398590088,5.2624921798706055,4.0,4.0,0,0
90,prey,11,11,1.3107481002807617,-8.037434577941895,0.4873211681842804,-1.3796466588974,True,8.904995918273926,-1.1467478275299072,-1.3441065549850464,-3.5348665714263916,3.363983392715454,-9.345294952392578,3.940399646759033,1.3752286434173584,1,3
90,prey,12,12,2.6070687770843506,-9.815185546875,-0.15317150950431824,-1.2028522491455078,True,0.14200371503829956,-4.142098426818848,-1.859277367591858,-1.4576884508132935,-4.769047260284424,-4.250859260559082,4.0,1.5758174657821655,0,3
90,prey,13,13,4.778431415557861,8.41872787475586,0.2295369952917099,0.5446962118148804,True,0.6448403596878052,3.2631630897521973,3.306807518005371,6.025660991668701,3.490535259246826,5.208441257476807,4.0,2.9480762481689453,0,1
90,prey,14,14,9.851702690124512,9.889671325683594,0.5394322872161865,0.3141622543334961,True,7.879098892211914,-2.041879653930664,1.1948003768920898,4.373249530792236,6.3971099853515625,4.544626712799072,4.0,4.0,0,0
90,prey,15,15,-2.618600845336914,1.7170151472091675,0.5307007431983948,1.2331123352050781,True,-1.5399119853973389,-0.1559171974658966,2.7288925647735596,-1.5890283584594727,-7.068609237670898,4.8402886390686035,3.0411620140075684,1.194690227508545,1,4
91,predator,0,0,-9.56895637512207,-5.135015964508057,0.2642067074775696,0.9057746529579163,True,5.373004913330078,6.857354164123535,0.0,0.0,-4.031508445739746,1.0295078754425049,1.8222805261611938,4.0,1,0
91,predator,1,1,-7.79254674911499,5.934401988983154,-0.06477663666009903,0.023405835032463074,True,-4.83504056930542,-0.32001256942749023,-1.144624948501587,-0.050284504890441895,-0.20989292860031128,1.5299718379974365,4.0,3.6824779510498047,0,1
91,predator,2,2,0.3561435639858246,-4.2165679931640625,-0.35151925683021545,-0.34605059027671814,True,2.260502338409424,2.6311049461364746,0.0,0.0,3.077259063720703,-0.6574699878692627,2.2395737171173096,4.0,2,0
91,predator,3,3,-4.701699733734131,3.9325754642486572,-0.7675132751464844,-0.7373753786087036,True,-2.1124908924102783,3.9549074172973633,3.509981155395508,-3.3483457565307617,-12.45952033996582,-6.674018383026123,2.120457172393799,3.6824779510498047,3,1
91,prey,0,0,1.275600552558899,1.7126342058181763,1.3814105987548828,0.13348546624183655,True,-3.354715585708618,-7.867182731628418,2.4992053508758545,1.0497016906738281,7.983582019805908,1.6108112335205078,4.0,1.7008483409881592,0,2
91,prey,1,1,1.694823145866394,-6.012014389038086,0.25808680057525635,0.742110013961792,True,-1.0486435890197754,-1.3914413452148438,1.0060042142868042,0.7027194499969482,1.2933903932571411,-1.4510767459869385,2.2395737171173096,2.0721280574798584,1,3
91,prey,2,2,-2.8594470024108887,2.8826022148132324,0.8799819946289062,-0.36493173241615295,True,-3.3162944316864014,3.801666498184204,0.9051765203475952,0.2779647707939148,5.236054420471191,-6.451574325561523,2.120457172393799,1.1808593273162842,1,3
91,prey,3,3,-2.509657144546509,6.430419921875,-0.6356658339500427,0.16435885429382324,True,2.0523643493652344,-1.612523078918457,1.3974674940109253,2.0296857357025146,6.654439449310303,-1.2287325859069824,3.3232932090759277,2.6708614826202393,1,2
91,prey,4,4,-4.194491386413574,-1.911675214767456,1.3603906631469727,-0.4736767113208771,True,-1.3386027812957764,-9.902326583862305,3.5170178413391113,1.385246992111206,3.0330374240875244,3.421813726425171,4.0,3.967273712158203,0,1
91,prey,5,5,-7.808491230010986,-4.6644110679626465,0.6445037126541138,-0.6428006291389465,True,5.444459915161133,7.848616600036621,1.8298792839050293,-0.7035703659057617,5.131884574890137,-7.8961591720581055,1.8222805261611938,4.0,1,0
91,prey,6,6,4.143271446228027,5.535526752471924,0.285332053899765,-0.5862725377082825,True,4.211673736572266,1.2437740564346313,2.793144941329956,-0.2588772773742676,-1.6628074645996094,-9.449569702148438,4.0,2.9575321674346924,0,1
91,prey,7,7,-0.12248316407203674,7.628293991088867,-0.6783450841903687,1.3476815223693848,True,-2.852281093597412,-2.533775806427002,2.1389310359954834,2.2448737621307373,-2.3987720012664795,9.639074325561523,4.0,2.6708614826202393,0,1
91,prey,8,8,1.08795964717865,-9.397273063659668,-0.055564071983098984,-0.3240087926387787,True,0.18249666690826416,-6.093829154968262,4.198392868041992,-3.174203872680664,4.608187198638916,-0.15339845418930054,4.0,1.3672211170196533,0,3
91,prey,9,9,-0.13913960754871368,2.656771421432495,0.7688673138618469,-0.3786104917526245,True,-3.920642852783203,5.692044734954834,0.5468537211418152,0.3266858458518982,3.8268399238586426,-9.698446273803711,4.0,1.7008483409881592,0,3
91,prey,10,10,-9.12520980834961,1.4860562086105347,0.027488790452480316,0.10387631505727768,True,9.542780876159668,0.2090848684310913,3.5427258014678955,3.3376598358154297,-0.6714865565299988,-3.409320831298828,4.0,4.0,0,0
91,prey,11,11,1.3150354623794556,-8.049040794372559,0.5144849419593811,-1.3928204774856567,True,-1.334023118019104,-7.980419635772705,0.01608695648610592,-1.0598708391189575,7.629729270935059,-7.772008895874023,3.950610399246216,1.3672211170196533,1,3
91,prey,12,12,2.605522632598877,-9.82534122467041,-0.18553045392036438,-1.2186795473098755,True,-4.0311384201049805,-0.762814998626709,2.937084197998047,-0.06142067909240723,-0.24426491558551788,-8.89422607421875,4.0,1.5767813920974731,0,3
91,prey,13,13,4.78068208694458,8.423554420471191,0.27006056904792786,0.5791760683059692,True,-4.825862407684326,-11.28557300567627,2.875318765640259,0.10607194900512695,5.926970481872559,-0.7755610346794128,4.0,2.9575321674346924,0,1
91,prey,14,14,9.856400489807129,9.892528533935547,0.5637968182563782,0.3427886664867401,True,-0.9089698195457458,-0.5884178876876831,1.71901273727417,6.131679534912109,2.9294817447662354,-0.518287181854248,4.0,4.0,0,0
91,prey,15,15,-2.6145379543304443,1.7274190187454224,0.4875468313694,1.2484614849090576,True,0.7511988878250122,-1.2825169563293457,2.098262071609497,-0.6343663930892944,6.291436195373535,-6.529599666595459,3.036273717880249,1.1808593273162842,1,4
92,predator,0,0,-9.566997528076172,-5.127386569976807,0.235035240650177,0.9155223369598389,True,3.918299674987793,0.971853494644165,0.0,0.0,0.1864633560180664,0.6455740332603455,1.8224163055419922,4.0,1,0
92,predator,1,1,-7.793097496032715,5.9348649978637695,-0.06610023975372314,0.05554293096065521,True,-0.42059290409088135,7.904365539550781,-2.1124908924102783,3.9549074172973633,-9.515327453613281,-0.12279242277145386,4.0,3.6811463832855225,0,1
92,predator,2,2,0.3535889685153961,-4.219587326049805,-0.3065515160560608,-0.3623114228248596,True,-0.5791651010513306,-8.0936279296875,0.0,0.0,-6.439851760864258,6.569581508636475,2.2356185913085938,4.0,2,0
92,predator,3,3,-4.708199501037598,3.9263224601745605,-0.7800198793411255,-0.750365674495697,True,6.86162805557251,-3.3573148250579834,-4.83504056930542,-0.32001256942749023,5.564034461975098,-1.1112353801727295,2.1311721801757812,3.6811463832855225,3,1
92,prey,0,0,1.2873094081878662,1.7141062021255493,1.40505850315094,0.1766347736120224,True,-7.8261919021606445,0.6459890604019165,-0.6303691864013672,-0.6562367677688599,3.2735462188720703,-4.848734378814697,4.0,1.7023000717163086,0,2
92,prey,1,1,1.6973097324371338,-6.006317615509033,0.2983964681625366,0.6835964322090149,True,1.1048918962478638,0.6435012817382812,-1.630316972732544,-6.184847831726074,-1.9997285604476929,5.641824722290039,2.2356185913085938,2.0889511108398438,1,3
92,prey,2,2,-2.8519442081451416,2.879321336746216,0.9003302454948425,-0.39368936419487,True,6.922272205352783,8.54738998413086,0.6364718675613403,-2.0066776275634766,3.353822708129883,-0.5360493063926697,2.1311721801757812,1.1672512292861938,1,3
92,prey,3,3,-2.5144717693328857,6.431387424468994,-0.5777645111083984,0.11611308157444,True,-3.7593631744384766,-5.291864395141602,-1.4135103225708008,-0.15766502916812897,-0.032326579093933105,1.6331994533538818,3.329833507537842,2.6746041774749756,1,2
92,prey,4,4,-4.182956218719482,-1.915183424949646,1.3842381238937378,-0.42098355293273926,True,-3.1191935539245605,-2.035721778869629,0.5854490995407104,1.0014674663543701,6.003984451293945,-6.777777671813965,4.0,3.9767489433288574,0,1
92,prey,5,5,-7.802919864654541,-4.669968605041504,0.6685837507247925,-0.6669132113456726,True,1.4391062259674072,3.671308994293213,4.102088928222656,-4.846621036529541,-5.451717376708984,-4.851394176483154,1.8224163055419922,4.0,1,0
92,prey,6,6,4.145229339599609,5.530359268188477,0.2349676936864853,-0.6200888156890869,True,4.523151397705078,14.292819023132324,-2.4466288089752197,-2.0562515258789062,-0.6277715563774109,-5.3421502113342285,4.0,2.9670486450195312,0,1
92,prey,7,7,-0.12833738327026367,7.639638423919678,-0.7025056481361389,1.3613287210464478,True,3.5706820487976074,2.6611409187316895,-1.200325608253479,-1.6157585382461548,-3.9307544231414795,7.1482253074646,4.0,2.6746041774749756,0,1
92,prey,8,8,1.0877951383590698,-9.399935722351074,-0.01975199207663536,-0.319425106048584,True,-0.7852873802185059,5.9224138259887695,-2.137934923171997,-3.378225326538086,-4.60097074508667,-6.376586437225342,4.0,1.3590131998062134,0,3
92,prey,9,9,-0.1324632167816162,2.6532928943634033,0.8011674880981445,-0.4174043834209442,True,2.72286319732666,7.542547225952148,-0.5495224595069885,-2.5932693481445312,1.8598648309707642,-0.6303341388702393,4.0,1.7023000717163086,0,3
92,prey,10,10,-9.125232696533203,1.4864706993103027,-0.0027391051407903433,0.049735426902770996,True,-4.8124189376831055,-5.385532379150391,0.3851903975009918,0.11635982990264893,0.487235426902771,-0.29776936769485474,4.0,4.0,0,0
92,prey,11,11,1.3196327686309814,-8.060843467712402,0.5516883134841919,-1.416285514831543,True,9.114521026611328,4.798597812652588,-1.632428526878357,-2.749361753463745,0.5383451581001282,-9.639554977416992,3.960869789123535,1.3590131998062134,1,3
92,prey,12,12,2.6039302349090576,-9.835626602172852,-0.19110433757305145,-1.2342629432678223,True,2.0089540481567383,-2.962291717529297,-0.7333900332450867,-5.1552300453186035,-12.077723503112793,-9.29930305480957,4.0,1.5774954557418823,0,3
92,prey,13,13,4.783262252807617,8.427994728088379,0.3096092641353607,0.5328642129898071,True,3.260863780975342,1.2497025728225708,0.1501409411430359,-0.6261398792266846,0.4149284362792969,7.601150035858154,4.0,2.9670486450195312,0,1
92,prey,14,14,9.861298561096191,9.895181655883789,0.5877095460891724,0.3183835446834564,True,-13.108707427978516,-5.612508773803711,-0.3070943355560303,-5.020899295806885,-0.768415629863739,3.4317758083343506,4.0,4.0,0,0
92,prey,15,15,-2.6102499961853027,1.7373671531677246,0.5145571827888489,1.193780541419983,True,-6.027069568634033,1.1132398843765259,-0.4553416669368744,-1.7447160482406616,-1.7539950609207153,5.304035186767578,3.031982421875,1.1672512292861938,1,4
93,predator,0,0,-9.565032958984375,-5.119750499725342,0.23575542867183685,0.9163240194320679,True,4.352058410644531,7.699650764465332,0.0,0.0,-3.813540458679199,4.782269477844238,1.8222287893295288,4.0,1,0
93,predator,1,1,-7.7938971519470215,5.935257434844971,-0.09596188366413116,0.04708610475063324,True,-1.463403344154358,-2.9015707969665527,6.86162805557251,-3.3573148250579834,3.790525436401367,1.0306329727172852,4.0,3.6803243160247803,0,1
93,predator,2,2,0.35078713297843933,-4.22222900390625,-0.33622005581855774,-0.3169777989387512,True,4.02017068862915,-0.5803099870681763,0.0,0.0,2.8364148139953613,-4.850103378295898,2.2316811084747314,4.0,2,0
93,predator,3,3,-4.7143874168396,3.919964075088501,-0.742550253868103,-0.7629963159561157,True,5.334720611572266,2.5637307167053223,-0.42059290409088135,7.904365539550781,-9.177632331848145,-5.1417717933654785,2.141801118850708,3.6803243160247803,3,1
93,prey,0,0,1.2992116212844849,1.7151780128479004,1.428268551826477,0.12862038612365723,True,-10.454607009887695,-4.27948522567749,0.6904774904251099,3.8327927589416504,1.4922114610671997,-3.281254529953003,4.0,1.7039438486099243,0,2
93,prey,1,1,1.6993768215179443,-6.00034761428833,0.24805058538913727,0.7163981795310974,True,-4.0310797691345215,-3.758139133453369,1.80474853515625,1.4307494163513184,-5.137522220611572,5.736156940460205,2.2316811084747314,2.1060683727264404,1,3
93,prey,2,2,-2.8442742824554443,2.875938892364502,0.9204116463661194,-0.4059021770954132,True,2.2520830631256104,2.0730013847351074,-1.840942621231079,1.6928272247314453,1.340219259262085,0.37469640374183655,2.141801118850708,1.1533055305480957,1,3
93,prey,3,3,-2.519198179244995,6.432623386383057,-0.5671598315238953,0.1482764333486557,True,3.6769826412200928,-1.2926933765411377,0.6476179957389832,5.800521373748779,-5.012645721435547,-3.727376937866211,3.3365120887756348,2.678018093109131,1,2
93,prey,4,4,-4.171224117279053,-1.9190138578414917,1.4078521728515625,-0.4596564769744873,True,-3.058079242706299,2.8518035411834717,-0.9252210259437561,2.396920680999756,-0.19113445281982422,-1.6470168828964233,4.0,3.9864609241485596,0,1
93,prey,5,5,-7.797730922698975,-4.675722122192383,0.6226898431777954,-0.6904373168945312,True,8.333185195922852,8.215563774108887,-3.965806245803833,-3.7106270790100098,6.996916770935059,-5.95875358581543,1.8222287893295288,4.0,1,0
93,prey,6,6,4.146915912628174,5.524913787841797,0.20235410332679749,-0.6534803509712219,True,-4.0163493156433105,5.568723201751709,-1.1739400625228882,1.3917710781097412,-1.0368947982788086,-5.222463607788086,4.0,2.9772021770477295,0,1
93,prey,7,7,-0.13447700440883636,7.651182174682617,-0.7367561459541321,1.385249137878418,True,1.2907238006591797,-3.497199296951294,-0.02621058002114296,4.014260292053223,-2.9183566570281982,7.488227367401123,4.0,2.678018093109131,0,1
93,prey,8,8,1.0873501300811768,-9.402807235717773,-0.05339227244257927,-0.3445890247821808,True,1.4743430614471436,-9.4802827835083,4.076122283935547,0.8266024589538574,-1.993646264076233,2.98066782951355,4.0,1.3510010242462158,0,3
93,prey,9,9,-0.1256083995103836,2.6496899127960205,0.8225770592689514,-0.43235284090042114,True,4.171457290649414,9.551846504211426,-0.8165303468704224,2.8475701808929443,-3.0919761657714844,-4.180867671966553,4.0,1.7039438486099243,0,3
93,prey,10,10,-9.125102996826172,1.4867104291915894,0.015554303303360939,0.028776589781045914,True,7.126098155975342,-3.316507339477539,-0.1962212324142456,2.824054479598999,-8.702040672302246,1.6078215837478638,4.0,4.0,0,0
93,prey,11,11,1.324313998222351,-8.072750091552734,0.5617445111274719,-1.4288078546524048,True,2.4001851081848145,-1.3932665586471558,0.7761861681938171,1.2012077569961548,0.45446163415908813,2.706667423248291,3.9716832637786865,1.3510010242462158,1,3
93,prey,12,12,2.6020727157592773,-9.846040725708008,-0.22287960350513458,-1.2496473789215088,True,-5.186933517456055,-5.763027667999268,3.1447086334228516,3.7881710529327393,5.75132942199707,-2.801321268081665,4.0,1.5782396793365479,0,3
93,prey,13,13,4.785948276519775,8.43272590637207,0.3223665654659271,0.5676669478416443,True,-0.5112555027008057,-8.602921485900879,-1.6716245412826538,3.7804839611053467,-3.494955062866211,3.8266384601593018,4.0,2.9772021770477295,0,1
93,prey,14,14,9.865813255310059,9.898158073425293,0.5418359637260437,0.35717132687568665,True,9.034297943115234,-0.7121371030807495,3.89200758934021,7.771260738372803,5.558041572570801,0.409496545791626,4.0,4.0,0,0
93,prey,15,15,-2.6063194274902344,1.747448205947876,0.47165611386299133,1.2097234725952148,True,5.061453342437744,-2.368236780166626,-0.9001928567886353,0.9548497796058655,7.271217346191406,4.439982891082764,3.0271730422973633,1.1533055305480957,1,4
94,predator,0,0,-9.56330680847168,-5.112034797668457,0.20706045627593994,0.9259164929389954,True,3.8394036293029785,9.258033752441406,0.0,0.0,1.6968880891799927,5.739844799041748,1.8225749731063843,4.0,1,0
94,predator,1,1,-7.794436931610107,5.935807704925537,-0.06479363143444061,0.06603388488292694,True,-5.4712815284729,-1.207248568534851,5.334720611572266,2.5637307167053223,5.622317314147949,5.996179103851318,4.0,3.6793596744537354,0,1
94,predator,2,2,0.34835875034332275,-4.225114822387695,-0.29140785336494446,-0.3462914228439331,True,2.4227750301361084,-1.5304844379425049,0.0,0.0,-9.946219444274902,-3.325503349304199,2.226895332336426,4.0,2,0
94,predator,3,3,-4.7206830978393555,3.913501024246216,-0.755457878112793,-0.7755765318870544,True,-0.8124345541000366,2.7141027450561523,-1.463403344154358,-2.9015707969665527,-11.41199016571045,-1.5196478366851807,2.1525797843933105,3.6793596744537354,3,1
94,prey,0,0,1.3113043308258057,1.7158559560775757,1.4511181116104126,0.08135534077882767,True,1.7676758766174316,-4.195179462432861,1.3397530317306519,1.841035008430481,3.2264652252197266,1.969780445098877,4.0,1.7062294483184814,0,2
94,prey,1,1,1.7010321617126465,-5.994108200073242,0.19863681495189667,0.7487480640411377,True,-0.5630944967269897,-8.155192375183105,-1.092621088027954,-3.446193218231201,1.7015337944030762,5.891783714294434,2.226895332336426,2.122818946838379,1,3
94,prey,2,2,-2.836439609527588,2.8727197647094727,0.940157949924469,-0.38629037141799927,True,-9.371793746948242,-2.6245956420898438,0.47470998764038086,0.40228140354156494,4.899401664733887,-1.81491219997406,2.1525797843933105,1.139404296875,1,3
94,prey,3,3,-2.524117946624756,6.433546543121338,-0.5903775095939636,0.11078928411006927,True,3.2597568035125732,-2.062497138977051,-0.28253981471061707,1.1747750043869019,-8.632977485656738,-5.053135871887207,3.3429818153381348,2.6816608905792236,1,2
94,prey,4,4,-4.159749984741211,-1.9231607913970947,1.3769114017486572,-0.49762576818466187,True,-0.8942985534667969,-1.1568187475204468,1.7797986268997192,0.8740062117576599,4.542369842529297,-3.887875556945801,4.0,3.9968154430389404,0,1
94,prey,5,5,-7.792250156402588,-4.681758403778076,0.6576846241950989,-0.7243363857269287,True,7.7662858963012695,-5.204895496368408,2.0340094566345215,-0.2323518991470337,-1.8804277181625366,-2.4362452030181885,1.8225749731063843,4.0,1,0
94,prey,6,6,4.148282527923584,5.519280910491943,0.16400381922721863,-0.6759474873542786,True,6.650106430053711,7.30708122253418,1.3513832092285156,-0.965655505657196,-7.013055324554443,-5.314192771911621,4.0,2.9877939224243164,0,1
94,prey,7,7,-0.1408100575208664,7.662834167480469,-0.7599663138389587,1.3982383012771606,True,-4.8639936447143555,-3.6402173042297363,0.025680677965283394,0.09289053827524185,5.322796821594238,4.231448650360107,4.0,2.6816608905792236,0,1
94,prey,8,8,1.086549997329712,-9.405218124389648,-0.0960172489285469,-0.28939300775527954,True,-3.594327449798584,12.792655944824219,-2.2726094722747803,-3.6381444931030273,-5.84532356262207,-5.876295566558838,4.0,1.3432080745697021,0,3
94,prey,9,9,-0.11924588680267334,2.645772695541382,0.7635025978088379,-0.47009050846099854,True,2.599966049194336,2.9574098587036133,-0.7496848702430725,-0.1348695009946823,3.85813045501709,-6.236488342285156,4.0,1.7062294483184814,0,3
94,prey,10,10,-9.125246047973633,1.4871758222579956,-0.01711638830602169,0.05583818256855011,True,6.230106353759766,-2.506558895111084,3.147160530090332,2.69303297996521,0.09141385555267334,8.122960090637207,4.0,4.0,0,0
94,prey,11,11,1.3290916681289673,-8.084089279174805,0.5733169317245483,-1.3606822490692139,True,8.224501609802246,0.9523687362670898,-2.581223487854004,-6.3338165283203125,0.7673614621162415,-8.054046630859375,3.9816479682922363,1.3432080745697021,1,3
94,prey,12,12,2.600534439086914,-9.856579780578613,-0.18459297716617584,-1.264743447303772,True,-4.887086391448975,5.082321643829346,-0.05218386650085449,-4.877229690551758,-12.49183177947998,-3.3979082107543945,4.0,1.579834222793579,0,3
94,prey,13,13,4.788209438323975,8.437740325927734,0.27128687500953674,0.601804792881012,True,0.2912447452545166,-11.923110008239746,2.102890729904175,0.4531289339065552,2.7984657287597656,3.5490052700042725,4.0,2.9877939224243164,0,1
94,prey,14,14,9.870532035827637,9.901196479797363,0.5662401914596558,0.36462336778640747,True,1.5381697416305542,6.893566131591797,-2.2638025283813477,-1.517099142074585,-0.4137415885925293,8.84995174407959,4.0,4.0,0,0
94,prey,15,15,-2.602160692214966,1.75766122341156,0.49905574321746826,1.22556734085083,True,-1.7329471111297607,0.28615739941596985,0.7149513363838196,0.29868084192276,-5.730340003967285,6.3767242431640625,3.02254581451416,1.139404296875,1,4
95,predator,0,0,-9.561300277709961,-5.104135036468506,0.24086754024028778,0.9479748606681824,True,7.267847061157227,10.130091667175293,0.0,0.0,-1.3761240243911743,2.966261148452759,1.8223042488098145,4.0,1,0
95,predator,1,1,-7.79473876953125,5.936501502990723,-0.03623542562127113,0.08323774486780167,True,-7.708365440368652,4.108387470245361,-0.8124345541000366,2.7141027450561523,1.2151813507080078,9.434678077697754,4.0,3.6782665252685547,0,1
95,predator,2,2,0.34567686915397644,-4.228243827819824,-0.32182392477989197,-0.37548863887786865,True,-0.27853524684906006,7.403701305389404,0.0,0.0,-2.3042783737182617,-1.6308568716049194,2.2221059799194336,4.0,2,0
95,predator,3,3,-4.727084636688232,3.9069344997406006,-0.7681952714920044,-0.7879927158355713,True,-4.600967884063721,-9.150114059448242,-5.4712815284729,-1.207248568534851,-5.091793537139893,0.1724277138710022,2.1637022495269775,3.6782665252685547,3,1
95,prey,0,0,1.3235846757888794,1.71690034866333,1.4736417531967163,0.125327929854393,True,-7.08460807800293,-0.07762134075164795,-0.6218862533569336,0.15235988795757294,6.6756591796875,-1.992044448852539,4.0,1.7082267999649048,0,2
95,prey,1,1,1.7030344009399414,-5.987600326538086,0.24026356637477875,0.7808985114097595,True,4.480954647064209,17.578731536865234,-0.28780269622802734,4.417632102966309,13.93833065032959,-6.636832237243652,2.2221059799194336,2.139996290206909,1,3
95,prey,2,2,-2.828441619873047,2.869263172149658,0.9597527980804443,-0.4148036539554596,True,4.492410659790039,9.759614944458008,1.6270464658737183,-0.37632787227630615,0.06477797031402588,7.424605369567871,2.1637022495269775,1.125038743019104,1,3
95,prey,3,3,-2.5293161869049072,6.434077739715576,-0.623807966709137,0.06372037529945374,True,9.076581954956055,-3.333897829055786,-0.8251643180847168,0.015109340660274029,7.0305705070495605,1.0524024963378906,3.3491251468658447,2.6862831115722656,1,2
95,prey,4,4,-4.148077964782715,-1.9276199340820312,1.400635838508606,-0.5351014137268066,True,3.975916862487793,2.740074396133423,0.956599771976471,-2.777550458908081,4.822453498840332,-7.480589866638184,4.0,4.0,0,0
95,prey,5,5,-7.787149429321289,-4.687983989715576,0.6120796203613281,-0.7470397353172302,True,7.596004962921143,1.3417160511016846,2.6679039001464844,-1.8316888809204102,6.541574478149414,4.102529048919678,1.8223042488098145,4.0,1,0
95,prey,6,6,4.14924955368042,5.513375759124756,0.11602062731981277,-0.7086007595062256,True,4.4328227043151855,1.8151928186416626,-0.6827105283737183,-2.0849461555480957,0.1658611297607422,-1.378873348236084,4.0,2.9990861415863037,0,1
95,prey,7,7,-0.14666537940502167,7.674678802490234,-0.7026381492614746,1.4213128089904785,True,8.328145980834961,-4.554102897644043,0.49485844373703003,-1.4649617671966553,-1.8344364166259766,3.7564916610717773,4.0,2.6862831115722656,0,1
95,prey,8,8,1.0854880809783936,-9.407845497131348,-0.12743185460567474,-0.31523969769477844,True,-1.2253375053405762,-5.124850749969482,0.9247735142707825,-0.7068340182304382,-8.876869201660156,-6.0978593826293945,4.0,1.3356317281723022,0,3
95,prey,9,9,-0.11269955337047577,2.6416308879852295,0.7855600714683533,-0.4970053434371948,True,6.867360591888428,7.975532054901123,-0.7407849431037903,-0.8694385290145874,10.16701889038086,-10.738032341003418,4.0,1.7082267999649048,0,3
95,prey,10,10,-9.125344276428223,1.4879506826400757,-0.011847498826682568,0.09298195689916611,True,-16.010347366333008,2.406412124633789,-1.0581884384155273,-2.1750380992889404,-3.042008876800537,-8.120410919189453,4.0,4.0,0,0
95,prey,11,11,1.3340169191360474,-8.095540046691895,0.5910263657569885,-1.3741334676742554,True,15.957627296447754,2.4504928588867188,-3.014836072921753,3.2399284839630127,-4.9060750007629395,-10.905550003051758,3.991590738296509,1.3356317281723022,1,3
95,prey,12,12,2.5987305641174316,-9.867243766784668,-0.21647867560386658,-1.2796759605407715,True,2.1722195148468018,-1.3420411348342896,1.3556932210922241,1.8632774353027344,-2.224743604660034,-3.4343302249908447,4.0,1.5814391374588013,0,3
95,prey,13,13,4.7908034324646,8.443038940429688,0.31131529808044434,0.6358000040054321,True,-2.7390270233154297,-1.3848047256469727,1.1080942153930664,3.520143508911133,0.5772401094436646,3.3231279850006104,4.0,2.9990861415863037,0,1
95,prey,14,14,9.875041961669922,9.904465675354004,0.541192889213562,0.39228367805480957,True,-15.12252140045166,-0.1468268632888794,3.470675468444824,-2.308014392852783,4.2646684646606445,1.5326756238937378,4.0,4.0,0,0
95,prey,15,15,-2.5983572006225586,1.768003225326538,0.45640265941619873,1.2410304546356201,True,-1.0883939266204834,0.44433435797691345,-0.18179726600646973,-1.8897796869277954,2.7010934352874756,-10.18731689453125,3.0176990032196045,1.125038743019104,1,3
96,predator,0,0,-9.559635162353516,-5.096054553985596,0.19973427057266235,0.9696559309959412,True,7.252122402191162,10.534455299377441,0.0,0.0,-2.5437161922454834,4.754655838012695,1.8227273225784302,4.0,1,0
96,predator,1,1,-7.794727802276611,5.937436103820801,0.0013325882609933615,0.11218440532684326,True,4.216386318206787,-2.2565407752990723,-4.600967884063721,-9.150114059448242,6.764591693878174,-2.1917595863342285,4.0,3.676905632019043,0,1
96,predator,2,2,0.3427439332008362,-4.231614589691162,-0.3519534170627594,-0.404483437538147,True,6.431079387664795,1.752252221107483,0.0,0.0,-7.5465617179870605,-0.4222832918167114,2.2179183959960938,4.0,1,0
96,predator,3,3,-4.733590126037598,3.9005091190338135,-0.7806558012962341,-0.7710410952568054,True,0.33935874700546265,-11.517730712890625,-7.708365440368652,4.108387470245361,-4.3469624519348145,-2.257080316543579,2.1747260093688965,3.676905632019043,3,1
96,prey,0,0,1.336049199104309,1.7175512313842773,1.4957536458969116,0.07810406386852264,True,-6.758907318115234,2.40248441696167,5.154978275299072,2.1209638118743896,2.433479070663452,-2.7251875400543213,4.0,1.7103513479232788,0,2
96,prey,1,1,1.7053757905960083,-5.9815850257873535,0.2809796929359436,0.7218685746192932,True,1.6768834590911865,-3.202144145965576,5.220106601715088,-0.3190811574459076,-1.9413846731185913,4.86219596862793,2.2179183959960938,2.156932830810547,1,3
96,prey,2,2,-2.8205509185791016,2.866239309310913,0.9468890428543091,-0.36284324526786804,True,-3.6484153270721436,2.307577133178711,1.0621849298477173,0.9269903898239136,-4.726428031921387,-3.129852294921875,2.1747260093688965,1.1116122007369995,1,3
96,prey,3,3,-2.534120559692383,6.434885501861572,-0.5765162110328674,0.0969323217868805,True,-4.176840782165527,2.1721575260162354,2.65795636177063,2.5604918003082275,-2.283998489379883,1.2000540494918823,3.355701208114624,2.690340042114258,1,2
96,prey,4,4,-4.136299133300781,-1.932299256324768,1.4134503602981567,-0.5615124106407166,True,-0.3738938570022583,-1.9062381982803345,-0.10665968805551529,5.632674694061279,8.881884574890137,7.972298622131348,4.0,4.0,0,0
96,prey,5,5,-7.781844615936279,-4.693816184997559,0.6365679502487183,-0.6998757719993591,True,5.428275108337402,-2.3272433280944824,-6.017215251922607,2.5732431411743164,9.50225830078125,-1.1498981714248657,1.8227273225784302,4.0,1,0
96,prey,6,6,4.150246620178223,5.507288455963135,0.11967074871063232,-0.7304612398147583,True,-0.5617265105247498,4.5539326667785645,0.5454774498939514,1.1768419742584229,6.321066379547119,-2.5992188453674316,4.0,3.0108604431152344,0,1
96,prey,7,7,-0.15271849930286407,7.686625957489014,-0.7263743281364441,1.4337081909179688,True,-3.345065116882324,-5.2784833908081055,1.9938782453536987,2.1711931228637695,-4.2492780685424805,11.124085426330566,4.0,2.690340042114258,0,1
96,prey,8,8,1.0841690301895142,-9.410687446594238,-0.15827952325344086,-0.34106355905532837,True,-4.719087600708008,-9.542237281799316,7.536933898925781,6.229061126708984,1.2080227136611938,1.092533826828003,4.0,1.3281794786453247,0,3
96,prey,9,9,-0.10597134381532669,2.637267827987671,0.8073846697807312,-0.5235621333122253,True,3.932027816772461,13.376863479614258,3.161839723587036,0.9705134630203247,5.291049003601074,1.0137721300125122,4.0,1.7103513479232788,0,3
96,prey,10,10,-9.125691413879395,1.4883774518966675,-0.04163650795817375,0.051215559244155884,True,-3.79935884475708,-3.7561707496643066,3.7439846992492676,3.571434736251831,0.98189377784729,5.44780969619751,4.0,4.0,0,0
96,prey,11,11,1.3385741710662842,-8.107100486755371,0.5468795299530029,-1.3872357606887817,True,5.712098598480225,0.827647864818573,1.8092788457870483,3.703946352005005,-5.23253870010376,-0.11153435707092285,4.0,1.3281794786453247,0,3
96,prey,12,12,2.5966649055480957,-9.878030776977539,-0.24786998331546783,-1.2943930625915527,True,0.9758734703063965,0.6172063946723938,6.404415130615234,4.9681243896484375,-4.777760982513428,-3.602278709411621,4.0,1.5830519199371338,0,3
96,prey,13,13,4.793568134307861,8.448617935180664,0.33173447847366333,0.6694504618644714,True,-4.16321325302124,-1.5194326639175415,-0.7871840596199036,-0.9619123339653015,-1.6319828033447266,3.6039469242095947,4.0,3.0108604431152344,0,1
96,prey,14,14,9.87984561920166,9.908050537109375,0.5763785243034363,0.4301656484603882,True,-6.743002891540527,-8.428656578063965,0.8468978404998779,0.21519404649734497,-1.4068524837493896,-5.576052188873291,4.0,4.0,0,0
96,prey,15,15,-2.594324827194214,1.7778903245925903,0.4838995039463043,1.1864526271820068,True,11.154197692871094,-8.02121353149414,1.3779230117797852,2.1308586597442627,1.5359385013580322,-0.952783465385437,3.0136301517486572,1.1116122007369995,1,3
97,predator,0,0,-9.558204650878906,-5.087899684906006,0.1716662496328354,0.9785633087158203,True,4.744146347045898,6.968651294708252,0.0,0.0,-0.49787163734436035,6.419478893280029,1.8236337900161743,4.0,1,0
97,predator,1,1,-7.794528484344482,5.938093185424805,0.023950934410095215,0.07884183526039124,True,0.058342576026916504,-4.093474864959717,0.33935874700546265,-11.517730712890625,6.446867942810059,4.884653091430664,4.0,3.675203323364258,0,1
97,predator,2,2,0.3396672308444977,-4.235001087188721,-0.3692035675048828,-0.4064008295536041,True,-2.017068386077881,5.2095208168029785,0.0,0.0,-3.0891313552856445,7.099424362182617,2.2135045528411865,4.0,1,0
97,predator,3,3,-4.740303039550781,3.8938753604888916,-0.8055190443992615,-0.7960573434829712,True,-4.884265899658203,9.210855484008789,4.216386318206787,-2.2565407752990723,-9.834855079650879,-2.676232099533081,2.1856207847595215,3.675203323364258,3,1
97,prey,0,0,1.3486076593399048,1.7179017066955566,1.5070124864578247,0.04206074774265289,True,6.971403121948242,-3.149712085723877,0.4257548153400421,1.0292279720306396,5.513273239135742,7.703930854797363,4.0,1.7127900123596191,0,2
97,prey,1,1,1.7073873281478882,-5.975387096405029,0.24137815833091736,0.7437548041343689,True,-0.5856442451477051,-2.7260403633117676,0.39874768257141113,-2.5009052753448486,7.075361728668213,-2.807325601577759,2.2135045528411865,2.1739180088043213,1,2
97,prey,2,2,-2.8130805492401123,2.8629767894744873,0.8964491486549377,-0.3915243446826935,True,-5.910275459289551,-5.760505199432373,-0.49119579792022705,0.4429164528846741,0.4233163297176361,-4.558768272399902,2.1856207847595215,1.0985090732574463,1,3
97,prey,3,3,-2.5391182899475098,6.435965061187744,-0.5997185111045837,0.12956662476062775,True,-0.8725849986076355,0.24971544742584229,0.12868516147136688,1.556860089302063,-7.421441078186035,3.222870349884033,3.3626527786254883,2.69435715675354,1,2
97,prey,4,4,-4.124329090118408,-1.9365274906158447,1.4363980293273926,-0.5073938965797424,True,-1.8998992443084717,-0.6422926783561707,1.140671730041504,0.11145060509443283,3.494807004928589,-3.5078036785125732,4.0,4.0,0,0
97,prey,5,5,-7.776337146759033,-4.69984245300293,0.6608889698982239,-0.7231685519218445,True,-2.6141180992126465,-3.3307299613952637,-2.0866262912750244,-2.831204414367676,-1.3618744611740112,0.37715423107147217,1.8236337900161743,4.0,1,0
97,prey,6,6,4.151601791381836,5.5009331703186035,0.16259486973285675,-0.7626731395721436,True,7.026641368865967,8.455330848693848,-3.557630777359009,0.7189299464225769,11.470747947692871,1.5815150737762451,4.0,3.022998571395874,0,1
97,prey,7,7,-0.15896616876125336,7.698675155639648,-0.7497206926345825,1.4458755254745483,True,4.9146504402160645,0.38436466455459595,-0.6032682061195374,2.181766986846924,-8.010207176208496,3.327033042907715,4.0,2.69435715675354,0,1
97,prey,8,8,1.0832610130310059,-9.413070678710938,-0.10896062105894089,-0.2859695851802826,True,-7.6353583335876465,-1.8102136850357056,2.78828501701355,-0.5857632756233215,-2.9300289154052734,-2.9893410205841064,4.0,1.3203157186508179,0,3
97,prey,9,9,-0.09906542301177979,2.6332664489746094,0.8287105560302734,-0.4801834225654602,True,1.1272838115692139,5.361701011657715,-1.101521611213684,-0.5385404825210571,0.9480549097061157,2.5685276985168457,4.0,1.7127900123596191,0,3
97,prey,10,10,-9.125666618347168,1.489113450050354,0.002951784525066614,0.08831718564033508,True,-2.602954149246216,-2.8946638107299805,3.140040874481201,-2.4867794513702393,-2.692032814025879,-1.0628396272659302,4.0,4.0,0,0
97,prey,11,11,1.3427690267562866,-8.118509292602539,0.503381609916687,-1.369065284729004,True,1.581968903541565,0.5080525875091553,-0.6887769103050232,-4.042391300201416,-2.212779998779297,-2.8008599281311035,4.0,1.3203157186508179,0,3
97,prey,12,12,2.59434175491333,-9.888937950134277,-0.27877458930015564,-1.308894395828247,True,-3.9136526584625244,5.614157199859619,0.8899648189544678,-3.9722442626953125,-4.222514629364014,-1.0271995067596436,4.0,1.5842394828796387,0,2
97,prey,13,13,4.795907974243164,8.454471588134766,0.28078529238700867,0.7024857997894287,True,-4.513623237609863,-6.740265369415283,-3.549931526184082,-3.0510692596435547,7.331510543823242,2.52404522895813,4.0,3.022998571395874,0,1
97,prey,14,14,9.884267807006836,9.911277770996094,0.5306467413902283,0.3872660994529724,True,-1.7576351165771484,3.838430404663086,-2.3624699115753174,1.5172500610351562,0.21482950448989868,3.718688488006592,4.0,4.0,0,0
97,prey,15,15,-2.590066909790039,1.7873433828353882,0.510942816734314,1.1343739032745361,True,-7.260411262512207,-1.4368455410003662,-2.5957791805267334,1.3311699628829956,5.503227233886719,9.673955917358398,3.010148286819458,1.0985090732574463,1,3
98,predator,0,0,-9.556952476501465,-5.0795674324035645,0.15035586059093475,0.9998518228530884,True,5.725401878356934,2.409299373626709,0.0,0.0,2.2339704036712646,6.294370174407959,1.8243876695632935,4.0,1,0
98,predator,1,1,-7.794150352478027,5.938893795013428,0.04535353183746338,0.09609232097864151,True,3.644676685333252,8.891965866088867,-4.884265899658203,9.210855484008789,-1.0940593481063843,3.6714882850646973,4.0,3.673433542251587,0,1
98,predator,2,2,0.33634838461875916,-4.238007545471191,-0.3982623517513275,-0.36078953742980957,True,2.746649980545044,5.63339900970459,0.0,0.0,-8.096978187561035,0.9328517913818359,2.2101757526397705,4.0,1,0
98,predator,3,3,-4.747115612030029,3.8871400356292725,-0.8175478577613831,-0.8082368969917297,True,-7.179938793182373,-0.8270406723022461,0.058342576026916504,-4.093474864959717,-11.450435638427734,-7.267613410949707,2.196709632873535,3.673433542251587,3,1
98,prey,0,0,1.3613461256027222,1.7186238765716553,1.5286080837249756,0.08665548264980316,True,-8.811503410339355,-2.567638397216797,-0.410656601190567,0.9444954991340637,5.424223899841309,0.38920992612838745,4.0,1.7152636051177979,0,2
98,prey,1,1,1.7097371816635132,-5.969677448272705,0.28197526931762695,0.6851731538772583,True,-5.20292854309082,7.442838191986084,-2.966735363006592,0.9174258708953857,2.6733641624450684,-3.4508004188537598,2.2101757526397705,2.190657615661621,1,2
98,prey,2,2,-2.805609941482544,2.859477996826172,0.8964707255363464,-0.4198310077190399,True,-2.4910831451416016,-2.196943998336792,0.9255160689353943,0.7909497022628784,-3.555655002593994,1.0376631021499634,2.196709632873535,1.0850814580917358,1,3
98,prey,3,3,-2.5443079471588135,6.437312126159668,-0.6227734088897705,0.1616424024105072,True,0.29762423038482666,2.580624580383301,1.144882082939148,0.6423888802528381,6.490169048309326,5.503798961639404,3.3698277473449707,2.6982991695404053,1,2
98,prey,4,4,-4.1121697425842285,-1.9410666227340698,1.459134578704834,-0.544702410697937,True,-1.7243925333023071,10.323199272155762,-1.5535308122634888,-1.9909708499908447,8.812853813171387,-11.640625,4.0,4.0,0,0
98,prey,5,5,-7.771299362182617,-4.705624580383301,0.6045682430267334,-0.6938762664794922,True,13.335095405578613,5.7638444900512695,-2.2514266967773438,-1.768478274345398,2.4277307987213135,-5.502118110656738,1.8243876695632935,4.0,1,0
98,prey,6,6,4.153306484222412,5.4950690269470215,0.20461015403270721,-0.7036712169647217,True,5.068644046783447,10.73463249206543,-0.0058258599601686,-0.8308959007263184,-0.6557313799858093,-5.501432418823242,4.0,3.034818172454834,0,1
98,prey,7,7,-0.16549251973628998,7.710911273956299,-0.7831622362136841,1.4683252573013306,True,-1.5844279527664185,-5.219608306884766,-0.49022382497787476,-0.43151161074638367,5.373536109924316,-5.821566581726074,4.0,2.6982991695404053,0,1
98,prey,8,8,1.082007646560669,-9.41575813293457,-0.15041294693946838,-0.32250380516052246,True,-6.655165195465088,3.1546573638916016,-0.972442626953125,1.132056474685669,-1.9877125024795532,-0.3785180449485779,4.0,1.3126740455627441,0,3
98,prey,9,9,-0.09199985861778259,2.629620313644409,0.8478680849075317,-0.4375181198120117,True,6.122278213500977,4.701149940490723,0.42421773076057434,-0.2714206874370575,2.301431179046631,0.07818517088890076,4.0,1.7152636051177979,0,3
98,prey,10,10,-9.125898361206055,1.489496111869812,-0.027825208380818367,0.04592621326446533,True,2.9701297283172607,-3.548172950744629,-4.421175956726074,-2.792593479156494,-1.1775895357131958,-6.0847320556640625,4.0,4.0,0,0
98,prey,11,11,1.3466076850891113,-8.13002872467041,0.4606378376483917,-1.3822818994522095,True,15.606935501098633,-2.999265432357788,-4.044885158538818,0.3593010902404785,-4.472276210784912,-10.990015029907227,4.0,1.3126740455627441,0,3
98,prey,12,12,2.5916781425476074,-9.900052070617676,-0.3196548819541931,-1.3336896896362305,True,4.622282981872559,-1.7865091562271118,-2.2130112648010254,-1.3427337408065796,-3.139500141143799,-2.053684949874878,4.0,1.585448145866394,0,2
98,prey,13,13,4.798495292663574,8.460512161254883,0.31051111221313477,0.7248300313949585,True,3.7706198692321777,16.42078971862793,3.394552230834961,4.2260422706604,4.335859298706055,-4.431142330169678,4.0,3.034818172454834,0,1
98,prey,14,14,9.888668060302734,9.914731979370117,0.5280714631080627,0.4145437777042389,True,-0.4524691104888916,-3.070427417755127,1.2565090656280518,0.8575327396392822,-7.449787616729736,-1.5289578437805176,4.0,4.0,0,0
98,prey,15,15,-2.5855860710144043,1.7969380617141724,0.537705659866333,1.151360273361206,True,7.1450653076171875,3.254106283187866,0.24680335819721222,-0.9216275215148926,9.189772605895996,0.27860164642333984,3.0068509578704834,1.0850814580917358,1,3
99,predator,0,0,-9.55540943145752,-5.071059703826904,0.18513862788677216,1.0209283828735352,True,4.557154655456543,6.207400798797607,0.0,0.0,-3.1180970668792725,0.16932648420333862,1.8251712322235107,4.0,1,0
99,predator,1,1,-7.794090747833252,5.939935684204102,0.007176319602876902,0.12498869001865387,True,-3.1499452590942383,0.7632721662521362,-7.179938793182373,-0.8270406723022461,2.871652364730835,-1.6595382690429688,4.0,3.6720657348632812,0,1
99,predator,2,2,0.33279287815093994,-4.240662574768066,-0.42666128277778625,-0.3186054527759552,True,2.083205461502075,6.414557456970215,0.0,0.0,-9.93453598022461,10.807062149047852,2.207895517349243,4.0,1,0
99,predator,3,3,-4.754027366638184,3.8803045749664307,-0.8294124007225037,-0.8202495574951172,True,-5.040743827819824,-4.6087260246276855,3.644676685333252,8.891965866088867,-4.333562850952148,0.44451767206192017,2.2073512077331543,3.6720657348632812,3,1
99,prey,0,0,1.3742613792419434,1.7194814682006836,1.5498316287994385,0.10290591418743134,True,-15.399669647216797,2.0368971824645996,1.833387017250061,3.4538800716400146,1.925647258758545,-1.0475521087646484,4.0,1.7177386283874512,0,2
99,prey,1,1,1.7124179601669312,-5.96444845199585,0.32170048356056213,0.6274289488792419,True,4.255663871765137,11.075640678405762,2.9624152183532715,2.173020362854004,-1.1589851379394531,0.43403953313827515,2.207895517349243,2.2072505950927734,1,2
99,prey,2,2,-2.7985551357269287,2.856328010559082,0.8465752005577087,-0.3780149221420288,True,-1.9880071878433228,7.906716823577881,1.185427188873291,2.5322866439819336,-4.285691738128662,1.7405338287353516,2.2073512077331543,1.0721931457519531,1,3
99,prey,3,3,-2.5491058826446533,6.438920021057129,-0.5757566094398499,0.19293737411499023,True,-1.2011295557022095,-0.24119257926940918,0.9081621766090393,1.4509496688842773,-8.399127006530762,-0.1857013702392578,3.377601385116577,2.701962471008301,1,2
99,prey,4,4,-4.099911689758301,-1.9458245038986206,1.4709628820419312,-0.570941686630249,True,0.7982320785522461,-3.1438193321228027,1.8667219877243042,1.8355976343154907,8.750523567199707,-3.9281458854675293,4.0,4.0,0,0
99,prey,5,5,-7.76596736907959,-4.711688995361328,0.639829695224762,-0.727688193321228,True,0.28834396600723267,-3.2259745597839355,0.6228685975074768,3.3875131607055664,5.229902267456055,0.9489425420761108,1.8251712322235107,4.0,1,0
99,prey,6,6,4.154791831970215,5.4890217781066895,0.1782294064760208,-0.7256497144699097,True,8.14807415008545,8.309395790100098,-0.4498516023159027,1.5211353302001953,8.870505332946777,-6.32553243637085,4.0,3.046459674835205,0,1
99,prey,7,7,-0.1715359091758728,7.722571849822998,-0.7252066135406494,1.3992685079574585,True,-2.27329683303833,-3.773028612136841,1.585949182510376,4.703816890716553,7.169075965881348,4.087074279785156,4.0,2.701962471008301,0,1
99,prey,8,8,1.080416202545166,-9.4185152053833,-0.1909763365983963,-0.3308236598968506,True,-2.935938835144043,-5.978290557861328,5.008763313293457,0.8856880068778992,5.280813694000244,5.130147933959961,4.0,1.3049236536026,0,3
99,prey,9,9,-0.08476126939058304,2.6260569095611572,0.8686303496360779,-0.42760929465293884,True,2.471867322921753,-1.936321496963501,-0.30001047253608704,2.4154815673828125,-3.584094524383545,0.4513251483440399,4.0,1.7177386283874512,0,3
99,prey,10,10,-9.12644100189209,1.4894977807998657,-0.06502743065357208,0.00020015340123791248,True,-5.795814037322998,-2.1744866371154785,4.066171169281006,4.286051273345947,-7.100001335144043,1.4513853788375854,4.0,4.0,0,0
99,prey,11,11,1.3500088453292847,-8.141743659973145,0.4081396758556366,-1.4057767391204834,True,10.07290267944336,-0.15983250737190247,-2.4119367599487305,2.936995506286621,3.1957547664642334,-5.165919303894043,4.0,1.3049236536026,0,3
99,prey,12,12,2.588766098022461,-9.911282539367676,-0.3494453430175781,-1.3475942611694336,True,-6.331747055053711,-3.6185832023620605,1.2496141195297241,2.532743453979492,4.091437339782715,-1.6618804931640625,4.0,1.5868014097213745,0,2
99,prey,13,13,4.801411151885986,8.46606731414795,0.34989815950393677,0.666689932346344,True,-0.7879932522773743,-5.3840789794921875,1.0105823278427124,0.8148655891418457,3.2604455947875977,6.8136701583862305,4.0,3.046459674835205,0,1
99,prey,14,14,9.892692565917969,9.917829513549805,0.48291537165641785,0.3716714680194855,True,1.7354705333709717,-5.1969122886657715,4.4196319580078125,13.57771110534668,8.741737365722656,-0.678194522857666,4.0,4.0,0,0
99,prey,15,15,-2.580886125564575,1.8064621686935425,0.5640003681182861,1.1428874731063843,True,4.767668724060059,2.973710536956787,-0.74591064453125,0.5818014144897461,7.360288619995117,-0.19459593296051025,3.003891706466675,1.0721931457519531,1,3
100,predator,0,0,-9.554098129272461,-5.062656402587891,0.1573069542646408,1.0084176063537598,True,1.7800480127334595,6.178656101226807,0.0,0.0,-1.9166133403778076,-0.8501197695732117,1.8265941143035889,4.0,1,0
100,predator,1,1,-7.793749809265137,5.940598964691162,0.04090666025876999,0.07963038235902786,True,3.6237921714782715,-3.5364227294921875,-5.040743827819824,-4.6087260246276855,10.046268463134766,1.2006516456604004,4.0,3.670088291168213,0,1
100,predator,2,2,0.3290058672428131,-4.242953300476074,-0.4544421136379242,-0.27484071254730225,True,6.913118839263916,5.936894416809082,0.0,0.0,-4.56703519821167,1.0894794464111328,2.205770969390869,4.0,1,0
100,predator,3,3,-4.761035919189453,3.8736703395843506,-0.8409885764122009,-0.7961123585700989,True,7.839785099029541,0.9413407444953918,-3.1499452590942383,0.7632721662521362,9.746049880981445,-3.4741828441619873,2.217691421508789,3.670088291168213,3,1
100,prey,0,0,1.38735032081604,1.7199482917785645,1.5706707239151,0.056016601622104645,True,-2.389413595199585,-3.4011268615722656,1.531915545463562,1.4422086477279663,0.823309600353241,0.029642760753631592,4.0,1.7210441827774048,0,2
100,prey,1,1,1.7146738767623901,-5.959155559539795,0.27070966362953186,0.6351991295814514,True,3.883385181427002,-1.3778631687164307,0.4008622169494629,-3.2251315116882324,-6.1067376136779785,8.885507583618164,2.205770969390869,2.2239089012145996,1,2
100,prey,2,2,-2.7919113636016846,2.8535213470458984,0.7972488403320312,-0.33679625391960144,True,2.9289073944091797,-0.442510187625885,-1.0605082511901855,0.25639426708221436,4.941971778869629,0.42533600330352783,2.217691421508789,1.0599714517593384,1,3
100,prey,3,3,-2.55409836769104,6.44044303894043,-0.5990817546844482,0.1827610582113266,True,2.251225709915161,-0.42352235317230225,-0.7122272849082947,2.586228132247925,-6.8384108543396,3.744865894317627,3.385099172592163,2.7062594890594482,1,2
100,prey,4,4,-4.087469577789307,-1.9508848190307617,1.4930880069732666,-0.6072317361831665,True,-4.0093536376953125,3.877579927444458,-1.6285637617111206,2.3794543743133545,2.7076377868652344,-7.775356292724609,4.0,4.0,0,0
100,prey,5,5,-7.760434627532959,-4.717377662658691,0.6638832688331604,-0.682647168636322,True,0.7016271948814392,-1.4275755882263184,-2.498790979385376,-2.6591529846191406,-0.4482709765434265,-3.1315321922302246,1.8265941143035889,4.0,1,0
100,prey,6,6,4.1566267013549805,5.482705116271973,0.22014810144901276,-0.7580201029777527,True,6.965069770812988,11.35020923614502,-2.4918227195739746,-0.9411314129829407,9.301868438720703,-1.6663885116577148,4.0,3.0585293769836426,0,1
100,prey,7,7,-0.17719325423240662,7.734337329864502,-0.6788803935050964,1.4118822813034058,True,-5.213016033172607,2.3324477672576904,-0.5698843002319336,1.9521609544754028,2.908642530441284,4.108804702758789,4.0,2.7062594890594482,0,1
100,prey,8,8,1.0792438983917236,-9.420816421508789,-0.1406652182340622,-0.2761351466178894,True,-0.7262916564941406,-3.460653781890869,2.6656064987182617,2.432408094406128,-7.829140663146973,-5.033999443054199,4.0,1.2966203689575195,0,3
100,prey,9,9,-0.07793478667736053,2.6226844787597656,0.8191776871681213,-0.404684841632843,True,6.298403739929199,4.90875244140625,-1.0211611986160278,2.0098114013671875,4.5633673667907715,-6.965173721313477,4.0,1.7210441827774048,0,3
100,prey,10,10,-9.12720775604248,1.4897685050964355,-0.09202935546636581,0.03247949853539467,True,2.7264835834503174,0.1189810037612915,0.9665594100952148,1.1276583671569824,-2.4733543395996094,-1.6393462419509888,4.0,4.0,0,0
100,prey,11,11,1.3536467552185059,-8.153564453125,0.43654292821884155,-1.4185341596603394,True,8.103959083557129,4.632218837738037,-1.6706739664077759,0.492922306060791,1.0411977767944336,0.4146108627319336,4.0,1.2966203689575195,0,3
100,prey,12,12,2.5862765312194824,-9.922713279724121,-0.2987249493598938,-1.3716775178909302,True,2.850245237350464,-0.060985684394836426,3.7975425720214844,1.6458392143249512,-3.582559823989868,-2.808023452758789,4.0,1.5884103775024414,0,2
100,prey,13,13,4.804564476013184,8.47181510925293,0.3784100115299225,0.6896536350250244,True,-3.772418975830078,-5.45456600189209,2.5367491245269775,-0.2201816290616989,8.7052583694458,7.215597152709961,4.0,3.0585293769836426,0,1
100,prey,14,14,9.89692497253418,9.920669555664062,0.5078900456428528,0.34088680148124695,True,-9.889138221740723,-8.3544921875,3.6800403594970703,1.462658405303955,4.527527809143066,-2.8153839111328125,4.0,4.0,0,0
100,prey,15,15,-2.5759706497192383,1.8157789707183838,0.589840829372406,1.1180154085159302,True,-4.196011066436768,7.894636631011963,-3.3411166667938232,-0.18931923806667328,5.4768571853637695,8.565303802490234,3.001570701599121,1.0599714517593384,1,3
101,predator,0,0,-9.55301570892334,-5.054568290710449,0.1298973262310028,0.9705727696418762,True,2.0824179649353027,6.62684440612793,0.0,0.0,3.74373197555542,2.6350440979003906,1.828162670135498,4.0,1,0
101,predator,1,1,-7.793135643005371,5.9415154457092285,0.07367152720689774,0.1099766194820404,True,3.5188755989074707,4.01828670501709,7.839785099029541,0.9413407444953918,2.5981366634368896,2.1707258224487305,4.0,3.66837739944458,0,1
101,predator,2,2,0.3249918818473816,-4.244886875152588,-0.48167842626571655,-0.23203971982002258,True,6.134390830993652,6.909338474273682,0.0,0.0,-4.1744537353515625,5.168972492218018,2.2037510871887207,4.0,1,0
101,predator,3,3,-4.767724514007568,3.8669357299804688,-0.8026654124259949,-0.8081533312797546,True,-6.991507053375244,-11.11650276184082,3.6237921714782715,-3.5364227294921875,-9.59659194946289,-1.734865665435791,2.227822780609131,3.66837739944458,3,1
101,prey,0,0,1.4005430936813354,1.7204188108444214,1.5831315517425537,0.05647105723619461,True,-11.324576377868652,-0.14580261707305908,0.7178893685340881,4.213942050933838,1.0279803276062012,2.3437612056732178,4.0,1.7240686416625977,0,2
101,prey,1,1,1.716599702835083,-5.953671932220459,0.2310936599969864,0.6580115556716919,True,-2.7803361415863037,6.029259204864502,1.5546398162841797,1.247039794921875,6.088781356811523,-5.7461419105529785,2.2037510871887207,2.2403690814971924,1,2
101,prey,2,2,-2.7850911617279053,2.8508851528167725,0.8184277415275574,-0.3163464665412903,True,2.1219258308410645,1.6306689977645874,0.3041735589504242,3.332244873046875,-0.2577701210975647,-0.6968015432357788,2.227822780609131,1.0477160215377808,1,3
101,prey,3,3,-2.559284210205078,6.442224979400635,-0.6222906708717346,0.21386630833148956,True,5.461506366729736,-3.0760016441345215,0.732323408126831,3.7737343311309814,-10.477157592773438,-3.1984660625457764,3.3925392627716064,2.7110164165496826,1,2
101,prey,4,4,-4.074845790863037,-1.956242561340332,1.514811635017395,-0.6429318785667419,True,0.19905346632003784,-0.2690277695655823,1.421911597251892,0.8961849212646484,5.017449378967285,2.4442214965820312,4.0,4.0,0,0
101,prey,5,5,-7.755124092102051,-4.72326135635376,0.6373132467269897,-0.7060249447822571,True,2.471111536026001,-4.48022985458374,-0.6414350271224976,1.9982805252075195,6.605779647827148,5.936090469360352,1.828162670135498,4.0,1,0
101,prey,6,6,4.158718109130859,5.476208686828613,0.25099843740463257,-0.7795899510383606,True,1.4795180559158325,4.49423885345459,-1.3979214429855347,-1.5478595495224,6.8644843101501465,1.2510713338851929,4.0,3.0709550380706787,0,1
101,prey,7,7,-0.18247073888778687,7.746206760406494,-0.6332993507385254,1.4243137836456299,True,-2.0795507431030273,4.1785478591918945,1.1551090478897095,2.0616962909698486,-5.9716596603393555,8.61530590057373,4.0,2.7110164165496826,0,1
101,prey,8,8,1.0777331590652466,-9.42342472076416,-0.18130120635032654,-0.3130529522895813,True,-2.9166884422302246,-7.387674808502197,4.945863246917725,1.064456582069397,5.19452428817749,2.4873757362365723,4.0,1.2890762090682983,0,3
101,prey,9,9,-0.07084400206804276,2.6189913749694824,0.8508946895599365,-0.44318240880966187,True,1.314029335975647,-4.657040596008301,-0.5232273936271667,3.0268161296844482,-3.820474147796631,-7.098286151885986,4.0,1.7240686416625977,0,3
101,prey,10,10,-9.128194808959961,1.4897476434707642,-0.1184355616569519,-0.0024964939802885056,True,8.564005851745605,3.974188804626465,-1.143707513809204,2.4755327701568604,-2.8544182777404785,5.201114177703857,4.0,4.0,0,0
101,prey,11,11,1.357516884803772,-8.165077209472656,0.46442049741744995,-1.3815933465957642,True,6.48917818069458,-8.81977653503418,2.002446174621582,-1.6331676244735718,8.26994514465332,-3.5772480964660645,4.0,1.2890762090682983,0,3
101,prey,12,12,2.583536148071289,-9.93425464630127,-0.3288460373878479,-1.3849836587905884,True,-2.5529732704162598,4.137507438659668,3.7536842823028564,-0.06876611709594727,4.278500080108643,-0.7810847759246826,4.0,1.5900912284851074,0,2
101,prey,13,13,4.807952404022217,8.477751731872559,0.4065411686897278,0.7124193906784058,True,-3.3068346977233887,6.556879043579102,-2.7123615741729736,1.7760549783706665,-2.4274208545684814,2.0684573650360107,4.0,3.0709550380706787,0,1
101,prey,14,14,9.901360511779785,9.923166275024414,0.532353401184082,0.299587219953537,True,5.016138553619385,4.5064287185668945,1.596325397491455,2.947821617126465,-1.8634116649627686,-0.4237329959869385,4.0,4.0,0,0
101,prey,15,15,-2.5707552433013916,1.8253272771835327,0.6258571743965149,1.1457946300506592,True,-3.742696523666382,2.821441173553467,0.37046241760253906,0.9958003163337708,3.5554049015045166,6.651151180267334,2.9991395473480225,1.0477160215377808,1,3
102,predator,0,0,-9.55174446105957,-5.046405792236328,0.15256881713867188,0.9794901609420776,True,6.679366111755371,4.708275318145752,0.0,0.0,4.323891639709473,-4.64313268661499,1.8300127983093262,4.0,1,0
102,predator,1,1,-7.792356491088867,5.9425811767578125,0.09349864721298218,0.12785865366458893,True,-6.110800266265869,2.3275585174560547,-6.991507053375244,-11.11650276184082,0.639229416847229,-9.108078956604004,4.0,3.666592836380005,0,1
102,predator,2,2,0.32075485587120056,-4.246471881866455,-0.5084419250488281,-0.1901920586824417,True,2.0281081199645996,8.469996452331543,0.0,0.0,-4.812710762023926,3.8157029151916504,2.2027664184570312,4.0,1,0
102,predator,3,3,-4.774618148803711,3.859996795654297,-0.8272494673728943,-0.8326515555381775,True,-5.186609745025635,-9.414413452148438,3.5188755989074707,4.01828670501709,-3.382171869277954,0.05022168159484863,2.237987518310547,3.666592836380005,3,1
102,prey,0,0,1.4139049053192139,1.7212592363357544,1.603430151939392,0.10084664821624756,True,-9.040629386901855,-5.50588321685791,0.6791123151779175,0.7318324446678162,7.726218223571777,1.7180125713348389,4.0,1.7273043394088745,0,2
102,prey,1,1,1.7188628911972046,-5.948668479919434,0.2715905010700226,0.600409746170044,True,0.9294086694717407,-0.14301690459251404,0.3046424984931946,-3.084742784500122,2.9939050674438477,2.6216816902160645,2.2027664184570312,2.256563901901245,1,2
102,prey,2,2,-2.7784621715545654,2.848092794418335,0.7954680919647217,-0.33508574962615967,True,-3.0696704387664795,-2.837136745452881,-0.016088783740997314,0.9150680303573608,0.9345588684082031,5.113953113555908,2.237987518310547,1.03518545627594,1,3
102,prey,3,3,-2.56466007232666,6.443685531616211,-0.6451030969619751,0.17524634301662445,True,5.912944316864014,-2.965291738510132,-2.0385582447052,1.3870090246200562,-3.980923652648926,-5.89494514465332,3.3999061584472656,2.7159931659698486,1,2
102,prey,4,4,-4.062046051025391,-1.9611377716064453,1.535980224609375,-0.5874268412590027,True,2.4719223976135254,-6.491642951965332,-0.4823623597621918,0.7389264106750488,3.084846019744873,2.648850202560425,4.0,4.0,0,0
102,prey,5,5,-7.749526023864746,-4.728670597076416,0.6717564463615417,-0.6491078734397888,True,4.843339443206787,0.4553781747817993,4.381529808044434,1.8525805473327637,5.729910850524902,-0.48608505725860596,1.8300127983093262,4.0,1,0
102,prey,6,6,4.161147594451904,5.470203399658203,0.2915339171886444,-0.7206070423126221,True,5.699423313140869,14.940481185913086,-0.3996230661869049,1.2848113775253296,0.7015352249145508,-5.419136047363281,4.0,3.0829386711120605,0,1
102,prey,7,7,-0.18795527517795563,7.758179187774658,-0.6581430435180664,1.4366958141326904,True,-6.416156768798828,-2.9927921295166016,-1.1424468755722046,1.0891976356506348,-0.6016139984130859,-0.40886783599853516,4.0,2.7159931659698486,0,1
102,prey,8,8,1.0765541791915894,-9.425666809082031,-0.14146725833415985,-0.26904162764549255,True,-4.858895778656006,-0.8922538757324219,0.38528957962989807,0.4489966928958893,0.4259556829929352,-6.224833965301514,4.0,1.2810182571411133,0,3
102,prey,9,9,-0.06416153162717819,2.6150710582733154,0.8018960356712341,-0.47042709589004517,True,6.952262878417969,13.476114273071289,-1.1264029741287231,1.3762948513031006,2.185185670852661,-0.043634623289108276,4.0,1.7273043394088745,0,3
102,prey,10,10,-9.129402160644531,1.4900044202804565,-0.1448872685432434,0.03081490471959114,True,-2.735816478729248,-0.4369022846221924,0.26234859228134155,-0.07428687810897827,-8.912428855895996,3.1406898498535156,4.0,4.0,0,0
102,prey,11,11,1.361703634262085,-8.176788330078125,0.5024096965789795,-1.405251383781433,True,7.20742654800415,2.4620509147644043,-2.7499992847442627,0.9263639450073242,1.054595708847046,-9.021329879760742,4.0,1.2810182571411133,0,3
102,prey,12,12,2.5812160968780518,-9.945908546447754,-0.27843090891838074,-1.3985226154327393,True,-3.001464605331421,1.5810859203338623,0.26405128836631775,-3.392730712890625,-3.445866107940674,-4.020965576171875,4.0,1.592061161994934,0,2
102,prey,13,13,4.81099271774292,8.483874320983887,0.3648218810558319,0.7346940636634827,True,-1.1058565378189087,1.1327844858169556,1.47203528881073,4.39307165145874,-4.177566051483154,0.15080392360687256,4.0,3.0829386711120605,0,1
102,prey,14,14,9.905416488647461,9.925488471984863,0.4866858422756195,0.2786839008331299,True,-3.999479293823242,1.9907830953598022,-0.9136583209037781,5.525558948516846,-4.936286926269531,3.8697736263275146,4.0,4.0,0,0
102,prey,15,15,-2.565244197845459,1.8351036310195923,0.6613298654556274,1.1731666326522827,True,-2.294414758682251,-2.1112256050109863,0.6080562472343445,0.23364761471748352,-1.4222919940948486,1.4473652839660645,2.9969193935394287,1.03518545627594,1,3
103,predator,0,0,-9.550287246704102,-5.038586616516113,0.17480480670928955,0.9383255839347839,True,6.446903228759766,6.208888530731201,0.0,0.0,2.7668545246124268,4.181285381317139,1.8320313692092896,4.0,1,0
103,predator,1,1,-7.791435241699219,5.943287372589111,0.11053118854761124,0.0847664624452591,True,-2.810938596725464,-4.343559265136719,-5.186609745025635,-9.414413452148438,-2.478417158126831,-3.2160372734069824,4.0,3.664369821548462,0,1
103,predator,2,2,0.3162981867790222,-4.247715473175049,-0.5347997546195984,-0.1492718607187271,True,7.893783092498779,10.40622329711914,0.0,0.0,-7.971554279327393,1.9377294778823853,2.2022178173065186,4.0,1,0
103,predator,3,3,-4.781609058380127,3.8531789779663086,-0.8389043807983398,-0.8181470036506653,True,-2.7980852127075195,-1.7560389041900635,-6.110800266265869,2.3275585174560547,-14.989575386047363,-8.736652374267578,2.248326301574707,3.664369821548462,3,1
103,prey,0,0,1.4274331331253052,1.722463607788086,1.6233762502670288,0.14452320337295532,True,-2.6202352046966553,-9.88009262084961,1.3223302364349365,1.574072241783142,10.88332462310791,-2.4453694820404053,4.0,1.7304022312164307,0,2
103,prey,1,1,1.7214596271514893,-5.9433817863464355,0.3116086721420288,0.6344223022460938,True,0.4604921340942383,3.6297082901000977,0.45474714040756226,-0.8351899981498718,3.3740415573120117,0.5101288557052612,2.2022178173065186,2.2731683254241943,1,2
103,prey,2,2,-2.7716763019561768,2.8456368446350098,0.8143174052238464,-0.29470449686050415,True,-6.792387008666992,0.85992431640625,0.06869199872016907,0.9891072511672974,4.637591361999512,-7.342840671539307,2.248326301574707,1.0227429866790771,1,3
103,prey,3,3,-2.570223331451416,6.444830417633057,-0.6676114797592163,0.1373809427022934,True,0.686001181602478,-8.214876174926758,-1.3615309000015259,2.4949262142181396,-5.400115966796875,-2.5742809772491455,3.4068877696990967,2.7210919857025146,1,2
103,prey,4,4,-4.049160003662109,-1.9656648635864258,1.5463447570800781,-0.5432465076446533,True,1.6101371049880981,0.8310011029243469,-0.6307886242866516,0.41390398144721985,3.8245580196380615,1.8223352432250977,4.0,4.0,0,0
103,prey,5,5,-7.7437310218811035,-4.734130859375,0.6953919529914856,-0.6552858948707581,True,7.699967384338379,3.469393253326416,-0.13194704055786133,-3.4642724990844727,2.95906400680542,-8.690803527832031,1.8320313692092896,4.0,1,0
103,prey,6,6,4.1637983322143555,5.463926315307617,0.3181103765964508,-0.7532423138618469,True,3.085716724395752,9.931154251098633,-1.5380834341049194,0.32836833596229553,-0.6495004296302795,-2.6474478244781494,4.0,3.0950074195861816,0,1
103,prey,7,7,-0.19352693855762482,7.769842147827148,-0.6685997247695923,1.3995625972747803,True,0.784591555595398,-3.312560796737671,0.4362941384315491,2.3042633533477783,1.7601670026779175,9.18061351776123,4.0,2.7210919857025146,0,1
103,prey,8,8,1.0755678415298462,-9.42821216583252,-0.11836463212966919,-0.30545753240585327,True,0.8261862993240356,-3.1229796409606934,1.7117900848388672,1.3000400066375732,1.7546931505203247,7.655887603759766,4.0,1.273202657699585,0,3
103,prey,9,9,-0.05730047449469566,2.611203193664551,0.8233271837234497,-0.4641577899456024,True,9.035541534423828,9.567510604858398,-0.9623687863349915,-1.1376416683197021,2.4605040550231934,-3.5151920318603516,4.0,1.7304022312164307,0,3
103,prey,10,10,-9.130830764770508,1.4905282258987427,-0.17151792347431183,0.06285522878170013,True,-6.460724830627441,2.779637336730957,0.48779410123825073,-2.746156692504883,-5.266413688659668,-6.266258239746094,4.0,4.0,0,0
103,prey,11,11,1.3661147356033325,-8.188604354858398,0.5293309092521667,-1.418001651763916,True,2.146376848220825,1.1163783073425293,-2.310317277908325,0.18193836510181427,5.837234973907471,0.2067263126373291,4.0,1.273202657699585,0,3
103,prey,12,12,2.5786421298980713,-9.957670211791992,-0.30887043476104736,-1.4113985300064087,True,4.643740653991699,-0.9566649198532104,1.0926464796066284,0.47559335827827454,3.0336263179779053,-0.7510195970535278,4.0,1.5935990810394287,0,2
103,prey,13,13,4.813690662384033,8.4899320602417,0.32372912764549255,0.7269318103790283,True,-3.601320743560791,-1.6653105020523071,-1.5720709562301636,4.646157264709473,-5.938228130340576,-2.607057809829712,4.0,3.0950074195861816,0,1
103,prey,14,14,9.909098625183105,9.928049087524414,0.4418102204799652,0.30720558762550354,True,6.243046760559082,-0.006660580635070801,2.296783447265625,8.036632537841797,5.183096408843994,0.8132507801055908,4.0,4.0,0,0
103,prey,15,15,-2.560110092163086,1.845015525817871,0.616102933883667,1.1894359588623047,True,-2.029291868209839,-2.9725043773651123,-0.846449077129364,-1.1076477766036987,4.50929069519043,5.968245506286621,2.9946248531341553,1.0227429866790771,1,3
104,predator,0,0,-9.548648834228516,-5.030689239501953,0.19672062993049622,0.9476789236068726,True,5.1776018142700195,6.198140621185303,0.0,0.0,1.6848104000091553,-3.37186861038208,1.8341232538223267,4.0,1,0
104,predator,1,1,-7.79088830947876,5.943641185760498,0.06564059108495712,0.0424269437789917,True,4.306861877441406,1.1051486730575562,-2.7980852127075195,-1.7560389041900635,-1.699670433998108,-9.70880126953125,4.0,3.6622352600097656,0,1
104,predator,2,2,0.31162476539611816,-4.248625755310059,-0.560810387134552,-0.10924173891544342,True,-1.238730788230896,10.146733283996582,0.0,0.0,-2.7955102920532227,6.355188846588135,2.202220916748047,4.0,1,0
104,predator,3,3,-4.7888007164001465,3.8461577892303467,-0.8629631996154785,-0.8425329327583313,True,1.9916311502456665,-1.9955193996429443,-2.810938596725464,-4.343559265136719,5.089400291442871,2.8995909690856934,2.2590668201446533,3.6622352600097656,3,1
104,prey,0,0,1.4411240816116333,1.7232714891433716,1.6429240703582764,0.09695471078157425,True,-3.5852348804473877,-4.892755508422852,0.911472737789154,0.9556640982627869,9.674781799316406,4.217482089996338,4.0,1.7336095571517944,0,2
104,prey,1,1,1.7242976427078247,-5.938043594360352,0.34055477380752563,0.6405471563339233,True,2.2854533195495605,-0.7443616390228271,2.306610107421875,-0.5330662727355957,0.09402039647102356,4.755130290985107,2.202220916748047,2.2895925045013428,1,2
104,prey,2,2,-2.7647149562835693,2.842933177947998,0.835363507270813,-0.3244556188583374,True,-7.3086161613464355,3.919701337814331,0.5114669799804688,-0.15884137153625488,-4.25087833404541,2.0724592208862305,2.2590668201446533,1.0099341869354248,1,3
104,prey,3,3,-2.575972080230713,6.4456658363342285,-0.6898447275161743,0.10024348646402359,True,-0.07466265559196472,-2.365988254547119,0.24398921430110931,0.6989051699638367,-2.9042110443115234,-1.2644438743591309,3.4138033390045166,2.726916790008545,1,2
104,prey,4,4,-4.036101341247559,-1.9697426557540894,1.5670405626296997,-0.48933881521224976,True,2.0665640830993652,6.187137126922607,-0.10094833374023438,1.0647966861724854,3.9128081798553467,-2.635715961456299,4.0,4.0,0,0
104,prey,5,5,-7.737740993499756,-4.739792346954346,0.7187820672988892,-0.6793340444564819,True,3.6410675048828125,-1.571926236152649,-2.4252939224243164,1.8053191900253296,3.8346188068389893,-4.50844144821167,1.8341232538223267,4.0,1,0
104,prey,6,6,4.166215896606445,5.4574689865112305,0.29009926319122314,-0.774879515171051,True,4.5447096824646,14.478727340698242,0.5336053967475891,-1.8074380159378052,-1.1319541931152344,-4.679710388183594,4.0,3.1067376136779785,0,1
104,prey,7,7,-0.19872020184993744,7.781610488891602,-0.6231927871704102,1.4122072458267212,True,-0.2920205593109131,-6.549734592437744,-0.3194250464439392,-0.3391707241535187,-1.7180395126342773,7.930765628814697,4.0,2.726916790008545,0,1
104,prey,8,8,1.074898600578308,-9.430387496948242,-0.0803048312664032,-0.2609550952911377,True,-1.0021016597747803,-3.7860608100891113,2.416869878768921,1.2631405591964722,1.067551612854004,-4.917088508605957,4.0,1.2652865648269653,0,3
104,prey,9,9,-0.050262246280908585,2.6071090698242188,0.8445873260498047,-0.491286039352417,True,8.516524314880371,9.107070922851562,-0.7536382079124451,-1.8225648403167725,1.7362067699432373,2.7415823936462402,4.0,1.7336095571517944,0,3
104,prey,10,10,-9.132477760314941,1.4907487630844116,-0.1975703090429306,0.026460561901330948,True,0.2512783408164978,-4.34403657913208,0.12210637331008911,0.5469534993171692,-2.3280022144317627,3.333533763885498,4.0,4.0,0,0
104,prey,11,11,1.3707460165023804,-8.200174331665039,0.5557494163513184,-1.388328194618225,True,3.347385883331299,-9.39012622833252,1.9768062829971313,-0.14997875690460205,0.8547205328941345,-5.522695541381836,4.0,1.2652865648269653,0,3
104,prey,12,12,2.5763988494873047,-9.969464302062988,-0.2691977620124817,-1.4152777194976807,True,4.9898481369018555,8.62651252746582,1.144351840019226,0.5410356521606445,-9.292428016662598,0.37605535984039307,4.0,1.595339059829712,0,2
104,prey,13,13,4.815963268280029,8.495502471923828,0.2727186977863312,0.6684232354164124,True,-4.013281345367432,-3.519280433654785,3.3711185455322266,2.203977584838867,2.151559352874756,12.530340194702148,4.0,3.1067376136779785,0,1
104,prey,14,14,9.912992477416992,9.930790901184082,0.46729421615600586,0.32899370789527893,True,-0.55772864818573,0.39326012134552,-0.25780200958251953,4.1329216957092285,2.8818023204803467,7.886949062347412,4.0,4.0,0,0
104,prey,15,15,-2.5547661781311035,1.855062484741211,0.6412578225135803,1.2056241035461426,True,0.9960514903068542,0.1649843156337738,-0.5367251038551331,-1.0527794361114502,3.6797306537628174,7.608791828155518,2.9925525188446045,1.0099341869354248,1,3
105,predator,0,0,-9.546830177307129,-5.023131370544434,0.21819449961185455,0.9069592952728271,True,6.3052754402160645,5.808037757873535,0.0,0.0,1.5776971578598022,3.716177225112915,1.836356520652771,4.0,1,0
105,predator,1,1,-7.790615081787109,5.943758010864258,0.03282758966088295,0.014024968259036541,True,-10.727045059204102,-0.11584317684173584,1.9916311502456665,-1.9955193996429443,-0.26525628566741943,-8.153822898864746,4.0,3.6603238582611084,0,1
105,predator,2,2,0.30673709511756897,-4.249209880828857,-0.5865216255187988,-0.07005713880062103,True,8.282124519348145,6.877639293670654,0.0,0.0,-11.824667930603027,6.743317127227783,2.2024927139282227,4.0,1,0
105,predator,3,3,-4.795564651489258,3.8395614624023438,-0.8116787672042847,-0.791580319404602,True,-5.561305522918701,-4.961104393005371,4.306861877441406,1.1051486730575562,5.232993125915527,-2.0237555503845215,2.269139289855957,3.6603238582611084,3,1
105,prey,0,0,1.4548879861831665,1.7243568897247314,1.6516653299331665,0.13024070858955383,True,-6.334756851196289,-2.341852903366089,1.2069357633590698,3.5631282329559326,3.3666815757751465,1.4300506114959717,4.0,1.7368038892745972,0,1
105,prey,1,1,1.7271116971969604,-5.932513236999512,0.3376893997192383,0.6636560559272766,True,3.981018543243408,-2.105325937271118,2.35042405128479,0.4093656539916992,4.233319282531738,-1.735697627067566,2.2024927139282227,2.3063666820526123,1,2
105,prey,2,2,-2.758164167404175,2.8405654430389404,0.7860774993896484,-0.2841113209724426,True,5.346400260925293,-0.4982537627220154,1.552901268005371,1.4731757640838623,0.30550670623779297,4.932367324829102,2.269139289855957,0.9973868727684021,1,3
105,prey,3,3,-2.5819039344787598,6.446197509765625,-0.7118247151374817,0.06380544602870941,True,-0.7663419842720032,-6.226889610290527,0.47856900095939636,2.7046658992767334,-9.803470611572266,-0.034735679626464844,3.4197726249694824,2.732952356338501,1,2
105,prey,4,4,-4.022871971130371,-1.9741333723068237,1.5875309705734253,-0.526880145072937,True,0.49522507190704346,2.6363024711608887,0.6852177977561951,0.23409664630889893,8.577031135559082,-6.142055988311768,4.0,4.0,0,0
105,prey,5,5,-7.731558799743652,-4.7456512451171875,0.7418888211250305,-0.7030832767486572,True,-4.577142715454102,-0.59285569190979,1.158921241760254,0.9215502738952637,2.013082265853882,-4.703829288482666,1.836356520652771,4.0,1,0
105,prey,6,6,4.168216228485107,5.450747013092041,0.24005454778671265,-0.8066399693489075,True,4.904835224151611,4.744699954986572,-1.045002818107605,-0.5582466125488281,1.6717503070831299,3.5236082077026367,4.0,3.1191563606262207,0,1
105,prey,7,7,-0.2041219025850296,7.793483734130859,-0.6482031345367432,1.4247987270355225,True,-2.074338436126709,1.407949686050415,-0.13207271695137024,2.413208484649658,2.1264328956604004,6.76581335067749,4.0,2.732952356338501,0,1
105,prey,8,8,1.0746197700500488,-9.432861328125,-0.033464204519987106,-0.2969481945037842,True,0.28918302059173584,-9.304057121276855,3.540895700454712,-0.5026585459709167,-3.299473524093628,-12.391094207763672,4.0,1.2574795484542847,0,3
105,prey,9,9,-0.04305081069469452,2.6033718585968018,0.8653721809387207,-0.44847798347473145,True,5.870704650878906,2.8520102500915527,-0.521886944770813,1.5631531476974487,1.3818482160568237,-8.430006980895996,4.0,1.7368038892745972,0,3
105,prey,10,10,-9.1343412399292,1.4912424087524414,-0.22368009388446808,0.059236057102680206,True,6.744025707244873,-3.5867762565612793,-0.1512332707643509,2.174974203109741,-2.6149063110351562,8.403932571411133,4.0,4.0,0,0
105,prey,11,11,1.375627040863037,-8.211939811706543,0.585724949836731,-1.4118446111679077,True,0.5268521308898926,-7.07117223739624,2.091066598892212,1.3653634786605835,-1.7823565006256104,-9.992912292480469,4.0,1.2574795484542847,0,3
105,prey,12,12,2.5738141536712646,-9.980929374694824,-0.3101614713668823,-1.3757977485656738,True,0.1568945050239563,7.27331018447876,1.5435791015625,-4.640182971954346,-1.771666169166565,-2.8089170455932617,4.0,1.59623384475708,0,2
105,prey,13,13,4.818571090698242,8.501349449157715,0.3129321336746216,0.7016615867614746,True,-1.878547191619873,4.470937728881836,1.2316535711288452,2.7740843296051025,3.7430810928344727,11.365707397460938,4.0,3.1191563606262207,0,1
105,prey,14,14,9.917098045349121,9.933765411376953,0.4926154911518097,0.35704147815704346,True,9.453715324401855,4.088786602020264,0.265714168548584,5.4797234535217285,1.169708251953125,1.6421078443527222,4.0,4.0,0,0
105,prey,15,15,-2.549128532409668,1.8653297424316406,0.6765022277832031,1.2320756912231445,True,4.401750087738037,-1.1290136575698853,-0.06088107079267502,0.15162788331508636,6.711393356323242,-3.691143035888672,2.9906630516052246,0.9973868727684021,1,2
106,predator,0,0,-9.544835090637207,-5.015491485595703,0.23937314748764038,0.9167456030845642,True,7.004404067993164,8.487346649169922,0.0,0.0,-1.8986127376556396,-1.7071845531463623,1.8387434482574463,4.0,1,0
106,predator,1,1,-7.790460586547852,5.943692684173584,0.018528981134295464,-0.007843011058866978,True,-4.108887672424316,0.5096338987350464,-5.561305522918701,-4.961104393005371,-3.239941120147705,-0.5542532205581665,4.0,3.6588892936706543,0,1
106,predator,2,2,0.30163735151290894,-4.249473571777344,-0.6119704842567444,-0.03167050704360008,True,3.397306203842163,6.18865442276001,0.0,0.0,-10.211018562316895,2.7928099632263184,2.2036404609680176,4.0,1,0
106,predator,3,3,-4.801909446716309,3.832760810852051,-0.7613850831985474,-0.8160648345947266,True,-3.4420783519744873,4.596982955932617,-10.727045059204102,-0.11584317684173584,-11.412914276123047,0.8167614340782166,2.2786192893981934,3.6588892936706543,3,1
106,prey,0,0,1.4688109159469604,1.7258023023605347,1.6707537174224854,0.1734514683485031,True,-4.6672515869140625,-4.288525581359863,2.596890926361084,0.5409721732139587,9.759452819824219,-6.275150775909424,4.0,1.7396036386489868,0,1
106,prey,1,1,1.730162262916565,-5.92737340927124,0.3660627603530884,0.6168019771575928,True,-9.079427719116211,-3.2987637519836426,0.36703866720199585,-1.6164041757583618,4.718931198120117,-1.1439944505691528,2.2036404609680176,2.32305645942688,1,2
106,prey,2,2,-2.7516396045684814,2.8385279178619385,0.7829561233520508,-0.24450194835662842,True,2.057551622390747,-7.34648323059082,1.6551377773284912,-0.2054462432861328,-4.1162333488464355,0.17115718126296997,2.2786192893981934,0.9856561422348022,1,3
106,prey,3,3,-2.588017225265503,6.446709632873535,-0.7335929274559021,0.06145210936665535,True,6.802940845489502,-3.938960313796997,2.019098997116089,0.8392565846443176,0.07239776849746704,6.176947593688965,3.425499439239502,2.7396843433380127,1,2
106,prey,4,4,-4.0095624923706055,-1.9787445068359375,1.59712553024292,-0.5533384084701538,True,-2.0791234970092773,2.9842467308044434,2.204571485519409,-1.0574382543563843,4.2076616287231445,-3.3352630138397217,4.0,4.0,0,0
106,prey,5,5,-7.725098609924316,-4.751793384552002,0.7752100229263306,-0.737030029296875,True,-0.3263179063796997,-3.9412784576416016,3.6196253299713135,-0.4752368927001953,3.1473822593688965,-1.6966748237609863,1.8387434482574463,4.0,1,0
106,prey,6,6,4.170470237731934,5.444432735443115,0.2704674005508423,-0.7577543258666992,True,2.0783286094665527,9.198869705200195,1.3738335371017456,0.5360982418060303,7.213494777679443,-2.6081981658935547,4.0,3.1314620971679688,0,1
106,prey,7,7,-0.2090608775615692,7.805546283721924,-0.5926774144172668,1.4475044012069702,True,-9.791478157043457,-8.035558700561523,1.6491491794586182,0.2673768997192383,3.0520684719085693,-7.059752941131592,4.0,2.7396843433380127,0,1
106,prey,8,8,1.0740644931793213,-9.435547828674316,-0.06662887334823608,-0.32233473658561707,True,-3.1572442054748535,-2.118163585662842,1.5549217462539673,-0.6343960762023926,1.8911551237106323,-7.4579010009765625,4.0,1.2496917247772217,0,3
106,prey,9,9,-0.03557943180203438,2.599318504333496,0.8965656161308289,-0.48639050126075745,True,6.188222885131836,5.337794303894043,0.8532533049583435,-0.20100824534893036,0.7706085443496704,-4.724536418914795,4.0,1.7396036386489868,0,3
106,prey,10,10,-9.13651180267334,1.492087960243225,-0.2604149580001831,0.10146459937095642,True,0.40981870889663696,-3.6165475845336914,1.4165581464767456,0.1040448248386383,0.28575849533081055,0.327197790145874,4.0,4.0,0,0
106,prey,11,11,1.3800537586212158,-8.223896026611328,0.5312123894691467,-1.434800386428833,True,6.621644496917725,-5.103033542633057,1.4756988286972046,-1.3786908388137817,-3.373737096786499,-7.105804920196533,4.0,1.2496917247772217,0,3
106,prey,12,12,2.570892810821533,-9.992591857910156,-0.35056233406066895,-1.3995482921600342,True,0.788973331451416,0.9609137177467346,1.5990179777145386,-6.160184860229492,-0.5043663382530212,0.8130812644958496,4.0,1.5971201658248901,0,2
106,prey,13,13,4.821508884429932,8.507471084594727,0.35258907079696655,0.7346220016479492,True,-1.5605080127716064,2.4732794761657715,4.094737529754639,3.4138119220733643,-1.522949457168579,-6.570487022399902,4.0,3.1314620971679688,0,1
106,prey,14,14,9.921412467956543,9.936972618103027,0.517752468585968,0.3847716152667999,True,4.24381160736084,1.2403931617736816,1.5131440162658691,4.607818603515625,3.167973041534424,5.3326568603515625,4.0,4.0,0,0
106,prey,15,15,-2.543290853500366,1.8751438856124878,0.7005425691604614,1.1777007579803467,True,-0.9181079268455505,4.871396541595459,1.3258453607559204,-0.8225013613700867,4.668586730957031,-0.16129350662231445,2.9889166355133057,0.9856561422348022,1,2
107,predator,0,0,-9.543081283569336,-5.008188724517822,0.21052023768424988,0.8763586282730103,True,0.8018079996109009,2.4049253463745117,0.0,0.0,3.726372718811035,1.9527254104614258,1.8417598009109497,4.0,1,0
107,predator,1,1,-7.7904953956604,5.943577289581299,-0.004181050229817629,-0.01383916474878788,True,-11.024322509765625,3.8514180183410645,-3.4420783519744873,4.596982955932617,-4.458826065063477,2.135366201400757,4.0,3.6573572158813477,0,1
107,predator,2,2,0.29632747173309326,-4.249423980712891,-0.637183666229248,0.00596559839323163,True,1.1226752996444702,1.251948595046997,0.0,0.0,-13.53396224975586,-2.6000075340270996,2.2057693004608154,4.0,1,0
107,predator,3,3,-4.808358669281006,3.8262388706207275,-0.7739239931106567,-0.782637894153595,True,8.07332706451416,5.046584606170654,-4.108887672424316,0.5096338987350464,-4.929300308227539,1.7765986919403076,2.2879533767700195,3.6573572158813477,3,1
107,prey,0,0,1.4828896522521973,1.7268474102020264,1.6894429922103882,0.12540625035762787,True,3.5596392154693604,0.9628465175628662,0.6197620034217834,0.43875783681869507,0.8079586625099182,5.308599948883057,4.0,1.7424721717834473,0,1
107,prey,1,1,1.7335301637649536,-5.922704219818115,0.4041612446308136,0.5602591633796692,True,3.863992691040039,4.387587070465088,0.5435625314712524,-0.8190091848373413,4.43022346496582,-1.062930703163147,2.2057693004608154,2.3394899368286133,1,2
107,prey,2,2,-2.745521068572998,2.836576461791992,0.7342297434806824,-0.23417088389396667,True,-1.4448883533477783,6.05612850189209,-0.24708133935928345,0.3140895366668701,5.404679775238037,2.3811254501342773,2.2879533767700195,0.9743387699127197,1,3
107,prey,3,3,-2.5939977169036865,6.447500705718994,-0.7176467776298523,0.09493542462587357,True,6.1481614112854,0.4164835810661316,-0.8421223759651184,-0.04375116154551506,8.665999412536621,-9.673620223999023,3.4313857555389404,2.7463057041168213,1,2
107,prey,4,4,-3.996087074279785,-1.9836597442626953,1.6170401573181152,-0.5898369550704956,True,-0.5154322385787964,8.264735221862793,-0.9050731658935547,-1.7546297311782837,5.838733673095703,-2.9105119705200195,4.0,4.0,0,0
107,prey,5,5,-7.718364238739014,-4.758214473724365,0.8081049919128418,-0.7705361843109131,True,8.765421867370605,-0.1471388339996338,-0.8346524238586426,-0.316150426864624,-3.9885003566741943,1.8027013540267944,1.8417598009109497,4.0,1,0
107,prey,6,6,4.173061370849609,5.437849521636963,0.31093549728393555,-0.789953887462616,True,3.5316457748413086,14.717848777770996,0.4676128029823303,-2.0797228813171387,0.2416013479232788,-7.544454097747803,4.0,3.1433968544006348,0,1
107,prey,7,7,-0.21354316174983978,7.817037582397461,-0.5378739833831787,1.3789238929748535,True,0.9104878902435303,-2.324834108352661,1.425882339477539,0.9010530114173889,-0.1459384560585022,0.4080253839492798,4.0,2.7463057041168213,0,1
107,prey,8,8,1.0738099813461304,-9.438443183898926,-0.030544515699148178,-0.3474067151546478,True,-1.3017308712005615,2.8519911766052246,-0.5562699437141418,-2.4802944660186768,0.7122206687927246,-4.556161880493164,4.0,1.241882562637329,0,3
107,prey,9,9,-0.027937907725572586,2.594954013824463,0.9169827699661255,-0.5237428545951843,True,13.71474838256836,11.25278377532959,-0.9310201406478882,-0.9364307522773743,8.220877647399902,-4.879146099090576,4.0,1.7424721717834473,0,3
107,prey,10,10,-9.138525009155273,1.492996335029602,-0.24157343804836273,0.1090131476521492,True,5.784980297088623,0.2901970148086548,-0.31649941205978394,-0.8580294847488403,2.1355533599853516,-3.160183906555176,4.0,4.0,0,0
107,prey,11,11,1.3841204643249512,-8.235954284667969,0.4879974126815796,-1.446926474571228,True,11.089508056640625,6.264432907104492,-3.815899610519409,-1.4853378534317017,-0.9175095558166504,-4.162631034851074,4.0,1.241882562637329,0,3
107,prey,12,12,2.567871570587158,-10.003833770751953,-0.3625239133834839,-1.3489497900009155,True,4.058884143829346,-3.167117118835449,-1.8716756105422974,-3.5066535472869873,4.819875240325928,-3.6693787574768066,4.0,1.59746253490448,0,2
107,prey,13,13,4.824018478393555,8.513105392456055,0.30109715461730957,0.6760987043380737,True,0.2683480978012085,-6.738503932952881,-1.1564459800720215,0.8012347221374512,-0.9988038539886475,1.6890521049499512,4.0,3.1433968544006348,0,1
107,prey,14,14,9.92602252960205,9.940494537353516,0.5532082915306091,0.4226706922054291,True,-2.6476993560791016,-0.787826418876648,0.25891029834747314,5.8360748291015625,9.426862716674805,6.001646995544434,4.0,4.0,0,0
107,prey,15,15,-2.537255048751831,1.8847564458847046,0.7242767810821533,1.153501272201538,True,2.548158645629883,-2.935863733291626,-0.15418849885463715,-2.7005765438079834,8.128002166748047,-0.34430980682373047,2.9878530502319336,0.9743387699127197,1,2
108,predator,0,0,-9.541149139404297,-5.000801086425781,0.23178547620773315,0.8865059018135071,True,3.319359302520752,3.8616957664489746,0.0,0.0,1.1942957639694214,-4.54319429397583,1.844276785850525,4.0,1,0
108,predator,1,1,-7.790783405303955,5.943741321563721,-0.03455997630953789,0.01967746764421463,True,1.7346266508102417,3.2888717651367188,8.07332706451416,5.046584606170654,-0.9882891774177551,10.696372985839844,4.0,3.6559503078460693,0,1
108,predator,2,2,0.29080939292907715,-4.249683856964111,-0.6621706485748291,-0.031190617009997368,True,3.7110652923583984,6.40762996673584,0.0,0.0,-6.99751615524292,3.793942451477051,2.2082743644714355,4.0,1,0
108,predator,3,3,-4.814910411834717,3.8200292587280273,-0.7862169146537781,-0.7451643347740173,True,1.7996879816055298,2.6942038536071777,-11.024322509765625,3.8514180183410645,-12.651963233947754,4.130380630493164,2.2976205348968506,3.6559503078460693,3,1
108,prey,0,0,1.4969781637191772,1.7281659841537476,1.6906201839447021,0.1582346111536026,True,-1.9654791355133057,-1.4917449951171875,3.5561256408691406,5.063897609710693,1.2204009294509888,5.363353252410889,4.0,1.7449954748153687,0,1
108,prey,1,1,1.7371224164962769,-5.918412208557129,0.43106743693351746,0.5150434374809265,True,3.741084575653076,18.487581253051758,3.3328070640563965,3.5535104274749756,13.74034595489502,-2.996127128601074,2.2082743644714355,2.355733871459961,1,2
108,prey,2,2,-2.7391345500946045,2.8350346088409424,0.7663690447807312,-0.1850275695323944,True,-2.6271891593933105,-1.9410531520843506,4.460298538208008,3.8305249214172363,2.461191177368164,-1.6857668161392212,2.2976205348968506,0.9636571407318115,1,3
108,prey,3,3,-2.5995755195617676,6.447988510131836,-0.6693491339683533,0.05854063853621483,True,-1.6868890523910522,3.1135618686676025,3.803298234939575,4.621485233306885,-10.160884857177734,2.5188963413238525,3.4371323585510254,2.7527501583099365,1,2
108,prey,4,4,-3.9824490547180176,-1.9888741970062256,1.6365668773651123,-0.6257320642471313,True,-0.46586644649505615,-1.8791006803512573,5.256007671356201,2.8380773067474365,2.7308056354522705,4.140208721160889,4.0,4.0,0,0
108,prey,5,5,-7.712118148803711,-4.764152526855469,0.7495567202568054,-0.7126047611236572,True,-9.21745777130127,-5.658900260925293,2.6347739696502686,4.277466297149658,-5.554405212402344,4.841264247894287,1.844276785850525,4.0,1,0
108,prey,6,6,4.175699710845947,5.431001663208008,0.3165898323059082,-0.8217406272888184,True,4.234396934509277,-1.809932827949524,2.929828405380249,1.2624397277832031,-5.153397083282471,-1.4078998565673828,4.0,3.155764102935791,0,1
108,prey,7,7,-0.21799695491790771,7.828465461730957,-0.5344550609588623,1.3713380098342896,True,-1.2792388200759888,-2.5533158779144287,4.046544551849365,3.3902461528778076,-0.01968240737915039,1.3421458005905151,4.0,2.7527501583099365,0,1
108,prey,8,8,1.073765516281128,-9.441545486450195,-0.00532890111207962,-0.37228068709373474,True,-1.9448437690734863,-4.3331403732299805,6.337461471557617,2.494967460632324,3.681553363800049,3.9581682682037354,4.0,1.234074354171753,0,3
108,prey,9,9,-0.02012893557548523,2.590369701385498,0.93707674741745,-0.5501180291175842,True,-0.7295454740524292,8.012643814086914,2.105396032333374,3.5939064025878906,-2.9021263122558594,-7.266415119171143,4.0,1.7449954748153687,0,3
108,prey,10,10,-9.140172004699707,1.4935853481292725,-0.19760318100452423,0.07068497687578201,True,8.190306663513184,-4.717320442199707,2.338315010070801,2.8094654083251953,4.733290672302246,2.79060697555542,4.0,4.0,0,0
108,prey,11,11,1.3878566026687622,-8.2481107711792,0.44834229350090027,-1.4588749408721924,True,4.664183139801025,-5.814082622528076,2.2070486545562744,1.3574870824813843,-1.8787362575531006,-4.024907112121582,4.0,1.234074354171753,0,3
108,prey,12,12,2.565274953842163,-10.015275001525879,-0.31159645318984985,-1.373008370399475,True,-2.785430669784546,-0.8116888999938965,4.5505900382995605,4.501337051391602,10.960357666015625,1.3075604438781738,4.0,1.598050594329834,0,2
108,prey,13,13,4.826107978820801,8.519013404846191,0.2507425546646118,0.7089892625808716,True,-0.3033541440963745,-1.260364055633545,0.5981448292732239,3.868396043777466,-0.0800657868385315,2.115781545639038,4.0,3.155764102935791,0,1
108,prey,14,14,9.930925369262695,9.944329261779785,0.5883598923683167,0.46014705300331116,True,0.5240037441253662,-4.4926228523254395,1.8999969959259033,3.9896724224090576,2.5072548389434814,-0.12113285064697266,4.0,4.0,0,0
108,prey,15,15,-2.531024932861328,1.8941172361373901,0.7476192712783813,1.1232928037643433,True,3.6352791786193848,-4.3611674308776855,4.022528171539307,3.559762716293335,3.328932046890259,3.402130603790283,2.9875190258026123,0.9636571407318115,1,2
109,predator,0,0,-9.539044380187988,-4.993746280670166,0.25259602069854736,0.8465914130210876,True,4.0992960929870605,7.991703033447266,0.0,0.0,-1.0246944427490234,-0.1350470781326294,1.8463455438613892,4.0,1,0
109,predator,1,1,-7.791221618652344,5.9440717697143555,-0.052590303122997284,0.03966980800032616,True,-6.8849639892578125,8.062153816223145,1.7996879816055298,2.6942038536071777,-2.643718957901001,10.755332946777344,4.0,3.6545228958129883,0,1
109,predator,2,2,0.28508514165878296,-4.249629974365234,-0.6869081854820251,0.006448586471378803,True,5.058139324188232,5.74692964553833,0.0,0.0,-2.8108582496643066,1.1854102611541748,2.211740493774414,4.0,1,0
109,predator,3,3,-4.821562767028809,3.814126968383789,-0.7982776761054993,-0.7082709074020386,True,5.531226634979248,11.236602783203125,1.7346266508102417,3.2888717651367188,-4.829351902008057,0.4738977551460266,2.307823419570923,3.6545228958129883,3,1
109,prey,0,0,1.51121985912323,1.7298409938812256,1.7089993953704834,0.2009975016117096,True,-7.623379707336426,-8.274091720581055,0.15442098677158356,-0.20262347161769867,15.185002326965332,-7.245160102844238,4.0,1.7478083372116089,0,1
109,prey,1,1,1.7410203218460083,-5.914577007293701,0.4677382707595825,0.4602230191230774,True,9.38397216796875,2.4257357120513916,-0.13298946619033813,-3.209503173828125,0.7741382718086243,5.478357791900635,2.211740493774414,2.3717234134674072,1,2
109,prey,2,2,-2.732569932937622,2.833230495452881,0.7877733707427979,-0.21648485958576202,True,-6.28770112991333,-4.788990020751953,1.241620421409607,-0.710797131061554,-0.11923462152481079,0.1823844313621521,2.307823419570923,0.9525877237319946,1,3
109,prey,3,3,-2.60542631149292,6.4488420486450195,-0.7020958662033081,0.10245327651500702,True,5.850902080535889,-1.495351791381836,0.21137060225009918,-0.6907617449760437,-6.736858367919922,3.4676918983459473,3.4428162574768066,2.759385585784912,1,2
109,prey,4,4,-3.9686524868011475,-1.9936275482177734,1.6555736064910889,-0.5703964233398438,True,-2.6321401596069336,0.9822286367416382,0.1467142105102539,1.1900055408477783,2.3424456119537354,-2.509124517440796,4.0,4.0,0,0
109,prey,5,5,-7.706353187561035,-4.7696146965026855,0.6917724609375,-0.6554387807846069,True,-0.6531796455383301,5.180600166320801,3.862220048904419,-3.298210620880127,-15.563396453857422,-2.6885366439819336,1.8463455438613892,4.0,1,0
109,prey,6,6,4.178004264831543,5.423980712890625,0.27655625343322754,-0.8425310850143433,True,1.1547287702560425,5.406033992767334,-1.1525275707244873,-0.08755646646022797,-1.7046217918395996,-2.0819811820983887,4.0,3.1685402393341064,0,1
109,prey,7,7,-0.22238638997077942,7.840003490447998,-0.5267331600189209,1.3845735788345337,True,2.4435291290283203,-2.3773419857025146,0.07960271835327148,0.03742045909166336,0.146867036819458,5.936830043792725,4.0,2.759385585784912,0,1
109,prey,8,8,1.0740070343017578,-9.444270133972168,0.028980478644371033,-0.32700979709625244,True,-0.39893436431884766,-10.504881858825684,1.8732789754867554,3.9539363384246826,-3.6289255619049072,-7.04176664352417,4.0,1.2256699800491333,0,3
109,prey,9,9,-0.012823657132685184,2.585484027862549,0.8766334056854248,-0.586289644241333,True,0.8122750520706177,10.683211326599121,-0.022140946239233017,-1.5603934526443481,0.5699688196182251,8.39834213256836,4.0,1.7478083372116089,0,3
109,prey,10,10,-9.141376495361328,1.494509220123291,-0.14461827278137207,0.11085521429777145,True,-5.603045463562012,4.039898872375488,-2.1688084602355957,-3.460055351257324,-0.6841024160385132,-10.629195213317871,4.0,4.0,0,0
109,prey,11,11,1.3912436962127686,-8.260366439819336,0.406442791223526,-1.4706367254257202,True,-0.2024979591369629,-4.015152454376221,-0.32972994446754456,4.44758415222168,1.2738511562347412,-8.185060501098633,4.0,1.2256699800491333,0,3
109,prey,12,12,2.5630099773406982,-10.026244163513184,-0.27181515097618103,-1.3162287473678589,True,-0.20476043224334717,-7.887838840484619,2.1534745693206787,2.7801196575164795,-1.0961463451385498,-5.933417797088623,4.0,1.5986943244934082,0,2
109,prey,13,13,4.828136920928955,8.525105476379395,0.24352605640888214,0.7310575842857361,True,-9.020532608032227,-2.95767879486084,1.1597206592559814,-2.9519569873809814,-1.717560052871704,-3.9498698711395264,4.0,3.1685402393341064,0,1
109,prey,14,14,9.936029434204102,9.948060035705566,0.6124784350395203,0.4477337896823883,True,-8.109357833862305,5.580312252044678,1.9655213356018066,-1.5351483821868896,0.997405469417572,4.118468284606934,4.0,4.0,0,0
109,prey,15,15,-2.524602174758911,1.9036215543746948,0.770723283290863,1.1405240297317505,True,-2.875276803970337,-0.03063914179801941,-0.08055738359689713,-0.20804710686206818,-0.5649219751358032,9.39906120300293,2.9876511096954346,0.9525877237319946,1,2
110,predator,0,0,-9.537181854248047,-4.986840724945068,0.22348493337631226,0.8286795020103455,True,8.399637222290039,1.2109137773513794,0.0,0.0,4.821012020111084,1.8966789245605469,1.848356008529663,4.0,1,0
110,predator,1,1,-7.791918754577637,5.944669246673584,-0.08364855498075485,0.07167493551969528,True,0.7775276899337769,3.1475558280944824,5.531226634979248,11.236602783203125,-11.674680709838867,7.3638691902160645,4.0,3.6532888412475586,0,1
110,predator,2,2,0.27926090359687805,-4.249371528625488,-0.6989109516143799,0.031040331348776817,True,0.8658626079559326,1.5592619180679321,0.0,0.0,-3.8299686908721924,9.247336387634277,2.2154059410095215,4.0,1,0
110,predator,3,3,-4.828314304351807,3.8084182739257812,-0.8101595640182495,-0.6850447058677673,True,4.218120098114014,0.669319212436676,-6.8849639892578125,8.062153816223145,-8.067975044250488,-2.746791362762451,2.3180477619171143,3.6532888412475586,3,1
110,prey,0,0,1.5256112813949585,1.731111764907837,1.7269784212112427,0.1524963527917862,True,-11.89037036895752,5.874906063079834,-0.21909762918949127,1.197021484375,3.553831100463867,-3.7458484172821045,4.0,1.7511335611343384,0,1
110,prey,1,1,1.7450687885284424,-5.910524845123291,0.4858270287513733,0.4862641990184784,True,0.9544901847839355,1.8054009675979614,-0.8595832586288452,-5.356410980224609,6.768921852111816,0.591919481754303,2.2154059410095215,2.388012647628784,1,2
110,prey,2,2,-2.726165771484375,2.8315269947052,0.7684844732284546,-0.20444536209106445,True,7.736039161682129,-4.67193078994751,-1.0590509176254272,1.116743564605713,-0.7645953893661499,0.33761775493621826,2.3180477619171143,0.9413663744926453,1,3
110,prey,3,3,-2.6114602088928223,6.449969291687012,-0.7240577340126038,0.1352233737707138,True,13.528314590454102,-7.5254011154174805,-2.0626375675201416,0.10303040593862534,-0.6487431526184082,-4.442785263061523,3.448511838912964,2.7662177085876465,1,2
110,prey,4,4,-3.9546992778778076,-1.9986822605133057,1.6744073629379272,-0.6065762639045715,True,-0.874427080154419,2.4108426570892334,-1.8351906538009644,1.3193893432617188,5.660040855407715,3.5165133476257324,4.0,4.0,0,0
110,prey,5,5,-7.700973987579346,-4.775274276733398,0.6455085873603821,-0.6791769862174988,True,5.2468061447143555,4.850131511688232,-4.117592811584473,2.511063814163208,-0.6848475337028503,-3.1553139686584473,1.848356008529663,4.0,1,0
110,prey,6,6,4.179981231689453,5.416788578033447,0.2372121810913086,-0.8630216121673584,True,4.79367208480835,8.700837135314941,-3.1334662437438965,-0.5185615420341492,5.83562707901001,-1.877681016921997,4.0,3.18099045753479,0,1
110,prey,7,7,-0.22666414082050323,7.851649761199951,-0.5133287310600281,1.3975846767425537,True,7.0661468505859375,-1.596587896347046,-2.569854974746704,-0.2082151621580124,3.9600021839141846,-0.09228527545928955,4.0,2.7662177085876465,0,1
110,prey,8,8,1.0739567279815674,-9.447203636169434,-0.006040329113602638,-0.35202547907829285,True,3.4006590843200684,-3.049805164337158,2.9922380447387695,-3.159085273742676,-1.8098700046539307,-3.328996419906616,4.0,1.2175372838974,0,3
110,prey,9,9,-0.005423252005130053,2.581054210662842,0.8880486488342285,-0.5315722823143005,True,2.024170398712158,1.1110899448394775,-1.4241911172866821,-1.511164665222168,2.0716331005096436,-11.443215370178223,4.0,1.7511335611343384,0,3
110,prey,10,10,-9.14277172088623,1.495025634765625,-0.16736631095409393,0.061970971524715424,True,-1.3066251277923584,-10.4702730178833,-3.112074375152588,0.3357999324798584,-2.699876308441162,7.412144660949707,4.0,4.0,0,0
110,prey,11,11,1.3948675394058228,-8.272719383239746,0.43486151099205017,-1.4823179244995117,True,10.060260772705078,-5.744040489196777,2.9267590045928955,-5.322328567504883,2.945284128189087,-3.292208194732666,4.0,1.2175372838974,0,3
110,prey,12,12,2.560490369796753,-10.037330627441406,-0.30235040187835693,-1.3304001092910767,True,4.684138298034668,1.1219940185546875,2.9275131225585938,-4.03143310546875,-5.525970458984375,-3.996569871902466,4.0,1.5993850231170654,0,2
110,prey,13,13,4.829753398895264,8.530708312988281,0.19396357238292694,0.6723094582557678,True,-1.26487398147583,3.9696593284606934,-1.5036998987197876,2.8696680068969727,-3.9196972846984863,-2.343043804168701,4.0,3.18099045753479,0,1
110,prey,14,14,9.94133186340332,9.952014923095703,0.6363454461097717,0.47456443309783936,True,2.146822690963745,4.99630880355835,-3.9329018592834473,1.224177598953247,12.110321044921875,10.441554069519043,4.0,4.0,0,0
110,prey,15,15,-2.51849365234375,1.9133533239364624,0.7330408096313477,1.1678061485290527,True,-2.4529035091400146,-2.267183542251587,-1.8627941608428955,-0.17577670514583588,-0.4785730838775635,4.20449686050415,2.98773193359375,0.9413663744926453,1,2
111,predator,0,0,-9.535144805908203,-4.9798455238342285,0.24446961283683777,0.8394134044647217,True,2.433238983154297,9.22876262664795,0.0,0.0,1.9866095781326294,2.257866859436035,1.8499656915664673,4.0,1,0
111,predator,1,1,-7.792874336242676,5.945530414581299,-0.1146887019276619,0.10337060689926147,True,-1.0622384548187256,2.028496026992798,4.218120098114014,0.669319212436676,1.040887713432312,5.06835412979126,4.0,3.6524038314819336,0,1
111,predator,2,2,0.27323320508003235,-4.24880838394165,-0.7233222126960754,0.0675600916147232,True,4.751047611236572,6.723905563354492,0.0,0.0,-11.870067596435547,1.7974451780319214,2.2195684909820557,4.0,1,0
111,predator,3,3,-4.835268497467041,3.802490234375,-0.8344807028770447,-0.7113589644432068,True,6.876204490661621,11.920490264892578,0.7775276899337769,3.1475558280944824,-1.8295525312423706,3.827446460723877,2.3280413150787354,3.6524038314819336,3,1
111,prey,0,0,1.5401500463485718,1.7319848537445068,1.7446436882019043,0.10476585477590561,True,-6.884103298187256,-0.6646406650543213,4.545858860015869,-0.5483332872390747,-0.32680559158325195,-3.0892834663391113,4.0,1.754564642906189,0,1
111,prey,1,1,1.749419093132019,-5.90632438659668,0.5220303535461426,0.5040995478630066,True,-1.9808971881866455,1.4372072219848633,4.317657470703125,-1.3152523040771484,-0.5958269238471985,0.0802963525056839,2.2195684909820557,2.4046285152435303,1,2
111,prey,2,2,-2.7200984954833984,2.829951524734497,0.7280634641647339,-0.18904323875904083,True,6.447335243225098,3.516197681427002,1.360997200012207,-0.4702211618423462,3.5642290115356445,1.4107660055160522,2.3280413150787354,0.9300703406333923,1,3
111,prey,3,3,-2.617572069168091,6.45078706741333,-0.7334227561950684,0.09816095232963562,True,-8.196670532226562,1.742222547531128,1.2127925157546997,1.1918550729751587,-12.099615097045898,2.8779728412628174,3.4542226791381836,2.7735698223114014,1,2
111,prey,4,4,-3.9406802654266357,-2.0033652782440186,1.6822540760040283,-0.5619597434997559,True,1.7509056329727173,1.7446233034133911,0.04451533779501915,-0.538265585899353,9.141366958618164,-1.5141401290893555,4.0,4.0,0,0
111,prey,5,5,-7.695882797241211,-4.781128883361816,0.6109616756439209,-0.7025250196456909,True,-0.12775403261184692,-1.3881093263626099,-1.0905261039733887,-4.029715061187744,1.1081781387329102,-1.5418885946273804,1.8499656915664673,4.0,1,0
111,prey,6,6,4.182214260101318,5.409427165985107,0.2679629325866699,-0.8833874464035034,True,2.254884719848633,4.032749652862549,2.7637500762939453,0.30829229950904846,-7.263566017150879,-3.2583584785461426,4.0,3.1931025981903076,0,1
111,prey,7,7,-0.23049668967723846,7.863076210021973,-0.45990562438964844,1.3711422681808472,True,-4.219203472137451,0.41039395332336426,1.7820069789886475,0.7417111396789551,-5.357507705688477,9.143671989440918,4.0,2.7735698223114014,0,1
111,prey,8,8,1.073622226715088,-9.450345039367676,-0.040141209959983826,-0.3769124448299408,True,-0.7482011318206787,-11.932549476623535,5.2329630851745605,-0.9388818740844727,3.2672371864318848,-6.041043758392334,4.0,1.2096205949783325,0,3
111,prey,9,9,0.0021480093710124493,2.5764060020446777,0.9085513353347778,-0.5577885508537292,True,-7.9861297607421875,3.755809783935547,2.5580673217773438,0.13221171498298645,4.996215343475342,-9.90392017364502,4.0,1.754564642906189,0,3
111,prey,10,10,-9.144477844238281,1.4958879947662354,-0.20474818348884583,0.10347966104745865,True,1.5541508197784424,-9.269063949584961,2.4138786792755127,0.08046495914459229,4.259269714355469,7.33673095703125,4.0,4.0,0,0
111,prey,11,11,1.3988115787506104,-8.285255432128906,0.4732937216758728,-1.5043057203292847,True,-5.895153522491455,-10.214049339294434,3.0130958557128906,-0.040803391486406326,4.501294136047363,-3.869800329208374,4.0,1.2096205949783325,0,3
111,prey,12,12,2.557720184326172,-10.04853343963623,-0.3324112296104431,-1.3443559408187866,True,0.8975315093994141,0.43788009881973267,4.805136680603027,-2.329481601715088,1.2448166608810425,-4.393479824066162,4.0,1.600117564201355,0,2
111,prey,13,13,4.831050395965576,8.535913467407227,0.1556137502193451,0.6246152520179749,True,6.515459060668945,-3.214524269104004,4.668880939483643,4.033519268035889,-4.932711601257324,-3.869452714920044,4.0,3.1931025981903076,0,1
111,prey,14,14,9.946832656860352,9.95619010925293,0.6600786447525024,0.501074492931366,True,7.580022811889648,-3.094686985015869,1.7643990516662598,6.335247993469238,4.3197832107543945,-0.557335376739502,4.0,4.0,0,0
111,prey,15,15,-2.5126614570617676,1.9233089685440063,0.6998672485351562,1.1946772336959839,True,-2.1961209774017334,3.8373000621795654,2.3261783123016357,-2.1239078044891357,1.216905117034912,5.871171474456787,2.987612009048462,0.9300703406333923,1,2
112,predator,0,0,-9.53293514251709,-4.972761631011963,0.2651273310184479,0.8500528335571289,True,3.0434608459472656,9.517465591430664,0.0,0.0,-2.0430643558502197,7.150144100189209,1.8516731262207031,4.0,1,0
112,predator,1,1,-7.793578147888184,5.946540355682373,-0.08446117490530014,0.12116687744855881,True,1.7624117136001587,5.158247470855713,6.876204490661621,11.920490264892578,-4.475373268127441,-3.719733238220215,4.0,3.6511709690093994,0,1
112,predator,2,2,0.2670038640499115,-4.247946262359619,-0.7475212812423706,0.10345322638750076,True,-0.7393747568130493,5.9480180740356445,0.0,0.0,-10.587928771972656,2.981966018676758,2.2239668369293213,4.0,1,0
112,predator,3,3,-4.842316627502441,3.7968647480010986,-0.8458018898963928,-0.6750456094741821,True,4.502908706665039,-0.2278897762298584,-1.0622384548187256,2.028496026992798,-11.595479011535645,-5.97870397567749,2.3383164405822754,3.6511709690093994,3,1
112,prey,0,0,1.5543302297592163,1.7324663400650024,1.7016254663467407,0.05779007077217102,True,7.830038070678711,-7.078444480895996,-1.7349997758865356,2.7198996543884277,-0.6215234994888306,2.4979970455169678,4.0,1.7575360536575317,0,1
112,prey,1,1,1.7534645795822144,-5.902172088623047,0.4854617416858673,0.4982726275920868,True,-2.3292908668518066,-1.932999610900879,-0.9987293481826782,-4.991024017333984,-1.6944314241409302,-2.128034830093384,2.2239668369293213,2.4212863445281982,1,2
112,prey,2,2,-2.713850736618042,2.828692674636841,0.7497363686561584,-0.15105080604553223,True,-2.5973098278045654,5.346036434173584,-2.990285634994507,0.6986743211746216,4.678234577178955,-4.733907699584961,2.3383164405822754,0.9189620614051819,1,3
112,prey,3,3,-2.62386417388916,6.451879024505615,-0.7550501823425293,0.13105206191539764,True,0.2828060984611511,2.5327954292297363,-2.0972230434417725,2.481301784515381,8.07822322845459,-0.3454470634460449,3.45986008644104,2.780818462371826,1,2
112,prey,4,4,-3.926508665084839,-2.0083508491516113,1.7005982398986816,-0.5982549786567688,True,-0.23981016874313354,9.186935424804688,-1.596217155456543,0.1749572902917862,10.195598602294922,-3.985574960708618,4.0,4.0,0,0
112,prey,5,5,-7.690585613250732,-4.787176609039307,0.6356567740440369,-0.7257257699966431,True,9.735739707946777,6.847902774810791,1.6525282859802246,-3.7622203826904297,5.667254447937012,-1.524416208267212,1.8516731262207031,4.0,1,0
112,prey,6,6,4.18403434753418,5.401811599731445,0.2184111326932907,-0.9138534069061279,True,6.5440473556518555,7.736828327178955,-0.9633272290229797,0.3501102924346924,3.183049201965332,-0.21973174810409546,4.0,3.20499849319458,0,1
112,prey,7,7,-0.23455920815467834,7.874613285064697,-0.48750317096710205,1.3844554424285889,True,3.5499472618103027,-2.9564671516418457,-1.4350494146347046,1.8578736782073975,0.7855355739593506,-1.6857496500015259,4.0,2.780818462371826,0,1
112,prey,8,8,1.0736678838729858,-9.453779220581055,0.005479853600263596,-0.4120733141899109,True,-1.7702851295471191,-1.0458076000213623,-2.3261730670928955,-2.779653787612915,-5.710061550140381,0.8491403460502625,4.0,1.2018316984176636,0,3
112,prey,9,9,0.00997567642480135,2.5714550018310547,0.9393200874328613,-0.5941175818443298,True,-0.3731677234172821,4.546249866485596,-1.577567458152771,2.088406562805176,-1.4034448862075806,-1.9472070932388306,4.0,1.7575360536575317,0,3
112,prey,10,10,-9.145831108093262,1.4969943761825562,-0.16237014532089233,0.13277468085289001,True,-6.04876708984375,-3.775874137878418,1.4685914516448975,1.9275028705596924,2.552957534790039,-10.182023048400879,4.0,4.0,0,0
112,prey,11,11,1.4030709266662598,-8.29797077178955,0.511111855506897,-1.5259050130844116,True,11.316733360290527,3.949032783508301,-0.6105222702026367,-3.352487325668335,2.4483933448791504,-8.6967134475708,4.0,1.2018316984176636,0,3
112,prey,12,12,2.555283546447754,-10.059850692749023,-0.2923891544342041,-1.3580073118209839,True,1.640615701675415,7.271235942840576,-2.874750852584839,-6.903131008148193,-8.54084300994873,2.496504306793213,4.0,1.6007834672927856,0,2
112,prey,13,13,4.83194637298584,8.540637016296387,0.10752455145120621,0.566805362701416,True,2.1482620239257812,-4.157019138336182,1.8719013929367065,0.4494856297969818,9.661185264587402,5.503853797912598,4.0,3.20499849319458,0,1
112,prey,14,14,9.952527046203613,9.960132598876953,0.68332839012146,0.47309646010398865,True,-14.176778793334961,-10.347957611083984,4.385171890258789,0.40911269187927246,-1.6575288772583008,-3.2205119132995605,4.0,4.0,0,0
112,prey,15,15,-2.5066304206848145,1.9333988428115845,0.7237189412117004,1.2107905149459839,True,9.414393424987793,-7.110248565673828,-2.5048160552978516,0.17650608718395233,3.876352071762085,5.68311071395874,2.9879648685455322,0.9189620614051819,1,2
113,predator,0,0,-9.531072616577148,-4.965487003326416,0.2235127091407776,0.8729391694068909,True,3.4114913940429688,9.400286674499512,0.0,0.0,-3.1401255130767822,1.030275583267212,1.8540685176849365,4.0,1,0
113,predator,1,1,-7.794535160064697,5.9471940994262695,-0.1148085743188858,0.0784747451543808,True,-3.4635496139526367,-5.988651275634766,4.502908706665039,-0.2278897762298584,5.388618469238281,8.71068286895752,4.0,3.6499249935150146,0,1
113,predator,2,2,0.260574609041214,-4.246789932250977,-0.7715104818344116,0.13874973356723785,True,6.7945027351379395,9.702948570251465,0.0,0.0,-10.687202453613281,3.543673038482666,2.228787899017334,4.0,1,0
113,predator,3,3,-4.849563121795654,3.791018486022949,-0.8696010112762451,-0.7015564441680908,True,-0.30846914649009705,6.8209733963012695,1.7624117136001587,5.158247470855713,-15.522848129272461,-1.3256313800811768,2.3489935398101807,3.6499249935150146,3,1
113,prey,0,0,1.5680471658706665,1.733317494392395,1.6460286378860474,0.10213525593280792,True,-14.146302223205566,0.9842331409454346,2.3687007427215576,2.754589796066284,0.13797533512115479,0.5108603835105896,4.0,1.760226845741272,0,1
113,prey,1,1,1.757142424583435,-5.8983893394470215,0.44133317470550537,0.45389068126678467,True,6.389995098114014,-3.495913028717041,2.7368133068084717,4.840349197387695,-2.970757007598877,6.841609477996826,2.228787899017334,2.4375851154327393,1,2
113,prey,2,2,-2.707423686981201,2.827167272567749,0.7712669372558594,-0.183054581284523,True,-0.27421674132347107,2.630526304244995,2.619935989379883,0.38522177934646606,-1.5375229120254517,0.05301147699356079,2.3489935398101807,0.9074752926826477,1,3
113,prey,3,3,-2.629750967025757,6.452851295471191,-0.706428050994873,0.11666423082351685,True,-2.9749555587768555,-1.4517369270324707,4.061324596405029,0.08065915107727051,-12.467384338378906,1.3626134395599365,3.465965986251831,2.7878239154815674,1,2
113,prey,4,4,-3.9122748374938965,-2.0135462284088135,1.7080570459365845,-0.6234674453735352,True,0.8738570213317871,-4.355555534362793,2.233090877532959,-0.45105409622192383,5.137165069580078,0.24110795557498932,4.0,4.0,0,0
113,prey,5,5,-7.684998035430908,-4.7935028076171875,0.6705374717712402,-0.759161114692688,True,-4.62592887878418,0.6429601907730103,-3.1442885398864746,2.7055306434631348,-5.135645866394043,0.7666380405426025,1.8540685176849365,4.0,1,0
113,prey,6,6,4.186113357543945,5.394259452819824,0.24947558343410492,-0.9062801003456116,True,5.846619606018066,4.679653644561768,-0.47660037875175476,-1.7306864261627197,1.9831063747406006,2.171586513519287,4.0,3.2171308994293213,0,1
113,prey,7,7,-0.23826034367084503,7.8855881690979,-0.44413572549819946,1.3169740438461304,True,-6.542499542236328,-1.434625506401062,3.321296215057373,0.2594567835330963,-7.684347152709961,8.664137840270996,4.0,2.7878239154815674,0,1
113,prey,8,8,1.0733414888381958,-9.456802368164062,-0.03917421028017998,-0.3628841042518616,True,3.979130744934082,-11.640159606933594,3.5426857471466064,3.0957565307617188,2.48140811920166,1.0972189903259277,4.0,1.1937648057937622,0,3
113,prey,9,9,0.017386898398399353,2.5662949085235596,0.8893465399742126,-0.6192188858985901,True,-3.8136534690856934,7.344419002532959,3.5405871868133545,1.0939193964004517,11.510443687438965,-10.970656394958496,4.0,1.760226845741272,0,3
113,prey,10,10,-9.146831512451172,1.4977620840072632,-0.12006636708974838,0.09212873876094818,True,9.810566902160645,-0.5474218726158142,4.078253269195557,3.5676565170288086,-8.798529624938965,-0.4457591772079468,4.0,4.0,0,0
113,prey,11,11,1.40755295753479,-8.310775756835938,0.5378516912460327,-1.5366023778915405,True,4.762380599975586,1.4855237007141113,-0.8196534514427185,1.4308096170425415,0.9224399924278259,-2.9741969108581543,4.0,1.1937648057937622,0,3
113,prey,12,12,2.552596092224121,-10.070696830749512,-0.3225104808807373,-1.3015519380569458,True,3.1272683143615723,1.724043846130371,2.405719041824341,0.3234085142612457,2.7080795764923096,-11.406318664550781,4.0,1.6015806198120117,0,2
113,prey,13,13,4.8331990242004395,8.545641899108887,0.15033301711082458,0.6006510853767395,True,-5.5188117027282715,-3.081597328186035,-1.3609281778335571,-1.855865478515625,6.159236907958984,3.3104636669158936,4.0,3.2171308994293213,0,1
113,prey,14,14,9.957830429077148,9.963715553283691,0.6363399028778076,0.42991042137145996,True,-8.734719276428223,0.08809292316436768,4.346154689788818,1.7899045944213867,5.912234783172607,2.6843721866607666,4.0,4.0,0,0
113,prey,15,15,-2.500403642654419,1.9436209201812744,0.7471965551376343,1.226647973060608,True,-2.2536330223083496,2.581047773361206,0.34339097142219543,1.1144616603851318,-5.630779266357422,4.2639479637146,2.9885494709014893,0.9074752926826477,1,2
114,predator,0,0,-9.529447555541992,-4.958128452301025,0.19498059153556824,0.8830427527427673,True,2.69630765914917,8.015400886535645,0.0,0.0,-4.526639461517334,-1.6013433933258057,1.8564437627792358,4.0,1,0
114,predator,1,1,-7.795234203338623,5.948001861572266,-0.08391258120536804,0.09692176431417465,True,2.4128341674804688,8.773283958435059,-0.30846914649009705,6.8209733963012695,-2.9101767539978027,-6.735877513885498,4.0,3.64857816696167,0,1
114,predator,2,2,0.2539471983909607,-4.245344638824463,-0.7952889800071716,0.17347601056098938,True,2.954709529876709,6.374156475067139,0.0,0.0,-10.235115051269531,-0.2823599576950073,2.2335939407348633,4.0,1,0
114,predator,3,3,-4.8569016456604,3.7850584983825684,-0.8805833458900452,-0.7152135372161865,True,2.447455883026123,5.780030727386475,-3.4635496139526367,-5.988651275634766,-6.043339252471924,-2.245349407196045,2.3593590259552,3.64857816696167,3,1
114,prey,0,0,1.5815969705581665,1.7343478202819824,1.6259875297546387,0.12363173812627792,True,1.3861114978790283,-4.5927228927612305,-1.305497407913208,1.427675485610962,7.704362392425537,-3.00077748298645,4.0,1.7624759674072266,0,1
114,prey,1,1,1.7604598999023438,-5.894393444061279,0.39810776710510254,0.4795120358467102,True,-8.568700790405273,-10.604324340820312,3.1856589317321777,-3.1965367794036865,-3.9633803367614746,5.982356548309326,2.2335939407348633,2.4541821479797363,1,2
114,prey,2,2,-2.701402187347412,2.8256850242614746,0.7225679755210876,-0.17787544429302216,True,3.29858660697937,-1.5471912622451782,-1.6499998569488525,0.9750016927719116,1.6207950115203857,1.9584368467330933,2.3593590259552,0.895916223526001,1,3
114,prey,3,3,-2.6358206272125244,6.454094409942627,-0.7283675074577332,0.14919039607048035,True,12.919232368469238,-3.8898727893829346,-3.530614137649536,2.7975425720214844,-5.463855266571045,-2.390066623687744,3.4723124504089355,2.7947285175323486,1,2
114,prey,4,4,-3.8978934288024902,-2.0185670852661133,1.725782036781311,-0.6024839878082275,True,1.7489985227584839,3.2134976387023926,-1.2733103036880493,1.4485502243041992,3.109067916870117,0.25240767002105713,4.0,4.0,0,0
114,prey,5,5,-7.679793357849121,-4.799500942230225,0.6245579123497009,-0.7197843790054321,True,-2.5536818504333496,6.424564361572266,5.342211723327637,-2.451488733291626,7.202963829040527,-4.716512203216553,1.8564437627792358,4.0,1,0
114,prey,6,6,4.188446044921875,5.387124538421631,0.2799217998981476,-0.8561875820159912,True,3.147836208343506,-1.890234112739563,-6.000736713409424,0.7256159782409668,8.259654998779297,9.440145492553711,4.0,3.2291531562805176,0,1
114,prey,7,7,-0.24219352006912231,7.89668083190918,-0.47198161482810974,1.3311545848846436,True,3.210792064666748,-1.788010597229004,-3.3049938678741455,1.9552209377288818,-1.9053709506988525,4.051962852478027,4.0,2.7947285175323486,0,1
114,prey,8,8,1.073309302330017,-9.459449768066406,-0.0038516053464263678,-0.3176465332508087,True,-5.926789283752441,-7.655422687530518,4.759881496429443,-0.09544849395751953,0.4846392571926117,-6.780418395996094,4.0,1.1852099895477295,0,3
114,prey,9,9,0.024969832971692085,2.560927152633667,0.9099521636962891,-0.6441203355789185,True,11.975749969482422,9.650263786315918,-2.781590223312378,0.5190776586532593,0.028650641441345215,2.223750591278076,4.0,1.7624759674072266,0,3
114,prey,10,10,-9.148143768310547,1.4983301162719727,-0.15748777985572815,0.06815825402736664,True,-1.4727782011032104,0.3465084433555603,-1.5699803829193115,0.3747446835041046,-11.472739219665527,-8.875541687011719,4.0,4.0,0,0
114,prey,11,11,1.4123122692108154,-8.323756217956543,0.5711154341697693,-1.5576043128967285,True,8.03914737701416,-2.7459654808044434,4.49879789352417,-4.470675945281982,2.621281147003174,-1.825669527053833,4.0,1.1852099895477295,0,3
114,prey,12,12,2.5502407550811768,-10.08166217803955,-0.2826496958732605,-1.3158659934997559,True,2.5896687507629395,2.275029182434082,5.043835163116455,-4.550182819366455,-6.915534496307373,-8.914802551269531,4.0,1.6026462316513062,0,2
114,prey,13,13,4.834802627563477,8.550928115844727,0.1924450546503067,0.6342762112617493,True,-4.333685874938965,11.782402992248535,-3.1435329914093018,1.1110402345657349,-0.7216352820396423,-1.0845423936843872,4.0,3.2291531562805176,0,1
114,prey,14,14,9.963329315185547,9.967524528503418,0.6599321961402893,0.45708829164505005,True,-3.233673572540283,3.544093608856201,0.16390395164489746,0.7990281581878662,5.0565900802612305,6.73220157623291,4.0,4.0,0,0
114,prey,15,15,-2.494565486907959,1.9539715051651,0.7005949020385742,1.2420750856399536,True,4.100643157958984,0.38052114844322205,-2.438171625137329,0.4528340697288513,2.5163097381591797,11.377609252929688,2.9888980388641357,0.895916223526001,1,2
115,predator,0,0,-9.52816104888916,-4.951207637786865,0.1544373780488968,0.8305004239082336,True,2.8028078079223633,1.886991024017334,0.0,0.0,6.229053497314453,-6.389805316925049,1.859479546546936,4.0,1,0
115,predator,1,1,-7.796181678771973,5.948463439941406,-0.11366897076368332,0.05538607016205788,True,-3.0130386352539062,8.995211601257324,2.447455883026123,5.780030727386475,-6.935366153717041,5.001830577850342,4.0,3.6472439765930176,0,1
115,predator,2,2,0.24712423980236053,-4.244010925292969,-0.8187547326087952,0.16000820696353912,True,6.8639044761657715,6.587211608886719,0.0,0.0,-7.7729573249816895,-0.6086505651473999,2.2379722595214844,4.0,1,0
115,predator,3,3,-4.864329814910889,3.7789859771728516,-0.8914222121238708,-0.7286791205406189,True,-4.542120456695557,1.9333622455596924,2.4128341674804688,8.773283958435059,-3.3630690574645996,-0.5278094410896301,2.3698835372924805,3.6472439765930176,3,1
115,prey,0,0,1.595221996307373,1.7350714206695557,1.6349985599517822,0.08684024214744568,True,-3.1437065601348877,2.4410531520843506,5.771690845489502,0.5898534059524536,3.7872934341430664,-0.1908244490623474,4.0,1.765251874923706,0,1
115,prey,1,1,1.7633379697799683,-5.890101909637451,0.3453614413738251,0.5149788856506348,True,3.682516098022461,-0.7265236377716064,1.612756371498108,-1.2282153367996216,1.7636806964874268,0.9977663159370422,2.2379722595214844,2.471069574356079,1,2
115,prey,2,2,-2.695112466812134,2.8246042728424072,0.754763126373291,-0.12970133125782013,True,2.4463136196136475,3.174941301345825,4.627073287963867,0.1787438690662384,-9.381523132324219,-1.4299601316452026,2.3698835372924805,0.8845492601394653,1,3
115,prey,3,3,-2.642158031463623,6.4549407958984375,-0.7604738473892212,0.10152575373649597,True,4.160894870758057,0.62812340259552,4.51995325088501,0.03543774411082268,-0.8282284736633301,-0.14956212043762207,3.478330373764038,2.8019227981567383,1,2
115,prey,4,4,-3.8834543228149414,-2.023433208465576,1.7327007055282593,-0.5839419960975647,True,-0.7235920429229736,1.805836796760559,1.1665613651275635,0.008231366984546185,3.8652303218841553,-1.7689344882965088,4.0,4.0,0,0
115,prey,5,5,-7.674384117126465,-4.805690765380859,0.6490933895111084,-0.7427743673324585,True,-2.8156890869140625,-5.9712748527526855,0.13811016082763672,1.7800030708312988,-3.3243143558502197,1.0464533567428589,1.859479546546936,4.0,1,0
115,prey,6,6,4.1910271644592285,5.380401611328125,0.30977770686149597,-0.8067783117294312,True,-5.117730617523193,3.1646571159362793,3.603302001953125,1.8798516988754272,3.941166877746582,-6.956230163574219,4.0,3.240290641784668,0,1
115,prey,7,7,-0.24644236266613007,7.907978057861328,-0.5098601579666138,1.3556222915649414,True,-0.18537843227386475,3.219914197921753,4.6420674324035645,1.4133094549179077,-10.316509246826172,12.11202335357666,4.0,2.8019227981567383,0,1
115,prey,8,8,1.0734577178955078,-9.462393760681152,0.0178080927580595,-0.35323840379714966,True,-3.026127815246582,-4.43618631362915,0.6867051124572754,-3.691753625869751,-1.4425958395004272,-14.866734504699707,4.0,1.1769167184829712,0,3
115,prey,9,9,0.03243766725063324,2.555936336517334,0.8961402773857117,-0.5989020466804504,True,15.972929000854492,11.36231803894043,4.258885860443115,-1.4448587894439697,7.429392337799072,-5.4500861167907715,4.0,1.765251874923706,0,3
115,prey,10,10,-9.149674415588379,1.4985921382904053,-0.18366147577762604,0.03144620731472969,True,0.9821855425834656,-6.642897129058838,1.6486365795135498,2.1178479194641113,6.571017265319824,4.421854496002197,4.0,4.0,0,0
115,prey,11,11,1.4172862768173218,-8.336820602416992,0.5968764424324036,-1.5677101612091064,True,17.847679138183594,4.33656120300293,-3.968606948852539,-5.3282389640808105,-2.7245919704437256,-6.589934349060059,4.0,1.1769167184829712,0,3
115,prey,12,12,2.5476322174072266,-10.092745780944824,-0.3130159080028534,-1.3300446271896362,True,2.9769601821899414,1.8486764430999756,-2.152114152908325,-7.001904010772705,-9.999751091003418,-10.546512603759766,4.0,1.6032885313034058,0,2
115,prey,13,13,4.836166858673096,8.555819511413574,0.16365918517112732,0.5870068073272705,True,8.543014526367188,-12.505253791809082,1.0416516065597534,-0.04471699520945549,-2.744107723236084,-0.03589504957199097,4.0,3.240290641784668,0,1
115,prey,14,14,9.969023704528809,9.9715576171875,0.6833040714263916,0.4839296340942383,True,5.930039405822754,0.805001974105835,-0.5929248332977295,4.946084499359131,-0.8537291884422302,-4.659172058105469,4.0,4.0,0,0
115,prey,15,15,-2.488441228866577,1.9645377397537231,0.7349129319190979,1.2679473161697388,True,5.164738655090332,1.0654610395431519,4.723813056945801,0.19892464578151703,2.5425708293914795,-2.68253493309021,2.9894931316375732,0.8845492601394653,1,2
116,predator,0,0,-9.526690483093262,-4.944614887237549,0.17646950483322144,0.7911368608474731,True,7.763800144195557,7.632554531097412,0.0,0.0,0.008641846477985382,0.2840612530708313,1.862018346786499,4.0,1,0
116,predator,1,1,-7.797273635864258,5.949097156524658,-0.13106369972229004,0.07602459192276001,True,-11.746716499328613,1.8829293251037598,-4.542120456695557,1.9333622455596924,-1.9102733135223389,2.3122687339782715,4.0,3.6460869312286377,0,1
116,predator,2,2,0.2401082068681717,-4.242888927459717,-0.8419248461723328,0.13466954231262207,True,-3.8841567039489746,6.526114463806152,0.0,0.0,-9.229409217834473,5.350691795349121,2.2423675060272217,4.0,1,0
116,predator,3,3,-4.871847152709961,3.7729010581970215,-0.9020772576332092,-0.7301993370056152,True,2.7897729873657227,3.2264647483825684,-3.0130386352539062,8.995211601257324,-1.9504015445709229,-5.472315311431885,2.3802642822265625,3.6460869312286377,3,1
116,prey,0,0,1.608920931816101,1.7357282638549805,1.643865942955017,0.0788128450512886,True,6.331820011138916,0.6263695955276489,3.1025960445404053,3.488750457763672,4.899759292602539,2.3126473426818848,4.0,1.7677932977676392,0,1
116,prey,1,1,1.7665367126464844,-5.885517120361328,0.3838522434234619,0.5501970052719116,True,-10.393437385559082,1.5031321048736572,4.268730163574219,0.8887220025062561,-0.44027236104011536,-2.6064369678497314,2.2423675060272217,2.488530158996582,1,2
116,prey,2,2,-2.6892271041870117,2.8232548236846924,0.7062391638755798,-0.16191783547401428,True,8.12978744506836,-3.72566819190979,2.1387925148010254,2.1305582523345947,5.198342800140381,0.30240482091903687,2.3802642822265625,0.873620331287384,1,3
116,prey,3,3,-2.648622512817383,6.455728530883789,-0.7757475972175598,0.09455505758523941,True,2.058077096939087,0.7703433036804199,2.5228610038757324,4.071390628814697,-13.552781105041504,2.6630055904388428,3.4842920303344727,2.8091461658477783,1,2
116,prey,4,4,-3.868870258331299,-2.0285985469818115,1.7500718832015991,-0.6198335886001587,True,-2.117145299911499,-0.4025670289993286,3.1841838359832764,0.6718682646751404,-1.6828491687774658,0.7891963124275208,4.0,4.0,0,0
116,prey,5,5,-7.669443607330322,-4.811398506164551,0.59287428855896,-0.6849419474601746,True,0.7969252467155457,2.238891124725342,0.12929674983024597,-2.418530225753784,-2.649491786956787,-2.805540084838867,1.862018346786499,4.0,1,0
116,prey,6,6,4.193854808807373,5.373501777648926,0.33926838636398315,-0.8279505372047424,True,-0.9370993375778198,2.3806934356689453,4.861105442047119,1.2739448547363281,-1.016416311264038,-10.6792573928833,4.0,3.2513668537139893,0,1
116,prey,7,7,-0.25091466307640076,7.9193878173828125,-0.5366759300231934,1.3691812753677368,True,1.2910606861114502,4.9392781257629395,4.00377893447876,1.3330429792404175,-5.464893341064453,-0.7842199802398682,4.0,2.8091461658477783,0,1
116,prey,8,8,1.0733166933059692,-9.465543746948242,-0.016927415505051613,-0.378078430891037,True,-2.75543212890625,-4.35844612121582,8.169052124023438,1.8195713758468628,7.108851432800293,4.126470565795898,4.0,1.1686577796936035,0,3
116,prey,9,9,0.0401637926697731,2.5506479740142822,0.9271349310874939,-0.6346003413200378,True,7.111366271972656,9.515403747558594,0.37164852023124695,2.2142837047576904,0.2342127561569214,-0.3888756036758423,4.0,1.7677932977676392,0,3
116,prey,10,10,-9.150758743286133,1.4991987943649292,-0.1301187425851822,0.07279927283525467,True,-8.08504867553711,-9.44266128540039,1.0179427862167358,0.018741101026535034,1.0437908172607422,-1.9989067316055298,4.0,4.0,0,0
116,prey,11,11,1.4218034744262695,-8.350053787231445,0.5420729517936707,-1.5879801511764526,True,5.900861740112305,1.4122117757797241,1.2111161947250366,-1.1046779155731201,-5.634605407714844,1.3009090423583984,4.0,1.1686577796936035,0,3
116,prey,12,12,2.5447745323181152,-10.1039457321167,-0.3429102897644043,-1.3440072536468506,True,2.585752487182617,6.1350297927856445,6.168022155761719,-0.27538299560546875,5.16032075881958,0.44180822372436523,4.0,1.603977918624878,0,2
116,prey,13,13,4.837128639221191,8.560598373413086,0.11544820666313171,0.5734227299690247,True,-3.8454484939575195,-3.268263816833496,0.20897674560546875,2.396524429321289,9.931039810180664,10.630423545837402,4.0,3.2513668537139893,0,1
116,prey,14,14,9.974369049072266,9.975229263305664,0.6414536237716675,0.4405967891216278,True,-6.0902180671691895,8.789094924926758,1.712641954421997,-4.6702985763549805,4.5040435791015625,2.8468096256256104,4.0,4.0,0,0
116,prey,15,15,-2.482037305831909,1.9745588302612305,0.7684616446495056,1.2025336027145386,True,1.7620158195495605,-0.18416956067085266,1.7989894151687622,2.3942432403564453,0.6245198249816895,0.5213085412979126,2.9908571243286133,0.873620331287384,1,2
117,predator,0,0,-9.525243759155273,-4.938078880310059,0.17358790338039398,0.7842881679534912,True,0.7364047765731812,10.397473335266113,0.0,0.0,-3.0431888103485107,7.9057793617248535,1.8641926050186157,4.0,1,0
117,predator,1,1,-7.798616409301758,5.9500017166137695,-0.161154642701149,0.1085922047495842,True,6.3927788734436035,-5.6162824630737305,2.7897729873657227,3.2264647483825684,3.1424903869628906,-0.7167639136314392,4.0,3.6453120708465576,0,1
117,predator,2,2,0.2329006791114807,-4.241476058959961,-0.8649036884307861,0.169557124376297,True,0.46410560607910156,7.370162487030029,0.0,0.0,0.9781275391578674,7.3670220375061035,2.2473325729370117,4.0,1,0
117,predator,3,3,-4.879452705383301,3.7667055130004883,-0.9126180410385132,-0.7434627413749695,True,3.568519115447998,2.575411558151245,-11.746716499328613,1.8829293251037598,-7.978780746459961,3.2734854221343994,2.390845537185669,3.6453120708465576,3,1
117,prey,0,0,1.6226924657821655,1.7366647720336914,1.6525907516479492,0.1123865470290184,True,-1.7711355686187744,-2.059624433517456,2.471151828765869,1.8990448713302612,0.534119725227356,-1.7406597137451172,4.0,1.7703450918197632,0,1
117,prey,1,1,1.7695064544677734,-5.881398677825928,0.35636669397354126,0.4942353665828705,True,2.704415798187256,8.955556869506836,0.9035091400146484,0.6965571641921997,8.131341934204102,-3.4314098358154297,2.2473325729370117,2.5050532817840576,1,2
117,prey,2,2,-2.683159112930298,2.822016954421997,0.7281550765037537,-0.14853858947753906,True,1.1276206970214844,-3.551480770111084,0.9268807768821716,1.0253362655639648,-5.866361141204834,1.5315872430801392,2.390845537185669,0.8627930879592896,1,3
117,prey,3,3,-2.655351161956787,6.456878662109375,-0.8074297904968262,0.13797713816165924,True,3.7386724948883057,7.273556709289551,3.9481585025787354,2.2586510181427,3.1956000328063965,4.8686370849609375,3.4905097484588623,2.815917491912842,1,2
117,prey,4,4,-3.85490345954895,-2.0333809852600098,1.6760095357894897,-0.573896586894989,True,-4.939133167266846,2.41646671295166,0.807632565498352,0.075899638235569,-0.8759438991546631,-5.761098861694336,4.0,4.0,0,0
117,prey,5,5,-7.664962291717529,-4.817385673522949,0.5377635955810547,-0.7184542417526245,True,-2.374617099761963,4.631796836853027,-5.101097106933594,-4.922614097595215,4.755263328552246,-1.0279531478881836,1.8641926050186157,4.0,1,0
117,prey,6,6,4.196345329284668,5.366429328918457,0.2988710403442383,-0.848699688911438,True,-1.0243406295776367,7.138112545013428,2.093557357788086,2.1827986240386963,-4.938766002655029,-4.977640151977539,4.0,3.2629265785217285,0,1
117,prey,7,7,-0.25569280982017517,7.9303202629089355,-0.5733770132064819,1.3119133710861206,True,-2.9727835655212402,-4.588916301727295,2.944359540939331,0.8735297322273254,-1.528740644454956,9.41393756866455,4.0,2.815917491912842,0,1
117,prey,8,8,1.0734645128250122,-9.468317031860352,0.017735403031110764,-0.3327442705631256,True,-2.423341989517212,0.1366698145866394,-0.6356077194213867,3.0167911052703857,-5.3390116691589355,-2.9725940227508545,4.0,1.1603697538375854,0,3
117,prey,9,9,0.0478338748216629,2.5453317165374756,0.9204099178314209,-0.6379393339157104,True,-0.10444340109825134,4.359462261199951,2.359788179397583,0.629182755947113,-0.13847267627716064,-6.126333236694336,4.0,1.7703450918197632,0,3
117,prey,10,10,-9.151482582092285,1.4994858503341675,-0.08689619600772858,0.03443865105509758,True,-5.793953895568848,-4.187297344207764,2.1428956985473633,-0.5183784365653992,-2.887849807739258,-3.688058376312256,4.0,4.0,0,0
117,prey,11,11,1.4259575605392456,-8.36278247833252,0.4984908103942871,-1.5274869203567505,True,3.008338451385498,-3.277237892150879,-3.5210390090942383,1.0932385921478271,7.885617256164551,-5.014464378356934,4.0,1.1603697538375854,0,3
117,prey,12,12,2.542252540588379,-10.114839553833008,-0.3026549220085144,-1.3072140216827393,True,-1.2667510509490967,4.015915393829346,-2.4160025119781494,-0.4810340702533722,-9.724800109863281,2.7528231143951416,4.0,1.6047834157943726,0,2
117,prey,13,13,4.838359832763672,8.565570831298828,0.1477210968732834,0.5967007279396057,True,1.4380887746810913,-2.3360180854797363,-1.9120855331420898,5.369688510894775,-5.156798362731934,4.188222408294678,4.0,3.2629265785217285,0,1
117,prey,14,14,9.979910850524902,9.9791259765625,0.6650141477584839,0.4676295518875122,True,-1.753243327140808,-0.20658624172210693,-2.3912739753723145,-0.4437851905822754,7.107958793640137,-2.1971216201782227,4.0,4.0,0,0
117,prey,15,15,-2.475553035736084,1.984573483467102,0.7781051993370056,1.2017563581466675,True,3.8146841526031494,-2.1817426681518555,1.7228522300720215,0.5826489925384521,5.7587175369262695,1.8710923194885254,2.992445230484009,0.8627930879592896,1,2
118,predator,0,0,-9.524131774902344,-4.931346893310547,0.13345271348953247,0.8078312277793884,True,0.08011078834533691,7.011897087097168,0.0,0.0,0.6617128849029541,0.9087964296340942,1.8670622110366821,4.0,1,0
118,predator,1,1,-7.799583435058594,5.950640678405762,-0.11603240668773651,0.07666625827550888,True,8.89903450012207,10.218343734741211,3.568519115447998,2.575411558151245,-3.57187819480896,7.1656670570373535,4.0,3.6438496112823486,0,1
118,predator,2,2,0.22612139582633972,-4.2397780418396,-0.8135140538215637,0.20374207198619843,True,2.475607395172119,6.461286544799805,0.0,0.0,0.20646870136260986,8.055585861206055,2.2527971267700195,4.0,1,0
118,predator,3,3,-4.887143135070801,3.7608160972595215,-0.9228494167327881,-0.7067483067512512,True,-2.6804590225219727,6.639323711395264,6.3927788734436035,-5.6162824630737305,-10.101948738098145,-0.014035165309906006,2.4011728763580322,3.6438496112823486,3,1
118,prey,0,0,1.6364459991455078,1.7372090816497803,1.6504294872283936,0.06531737744808197,True,-11.181547164916992,2.524448871612549,-0.05138907954096794,1.5522083044052124,0.7361176609992981,-1.1045269966125488,4.0,1.7731508016586304,0,1
118,prey,1,1,1.7727899551391602,-5.877737522125244,0.39401939511299133,0.43933579325675964,True,1.2352077960968018,7.226436614990234,-1.405221939086914,0.8229535222053528,2.1339800357818604,2.727236747741699,2.2527971267700195,2.521304130554199,1,2
118,prey,2,2,-2.6774942874908447,2.8210909366607666,0.6798008680343628,-0.11113838106393814,True,-0.2834506928920746,1.709682583808899,-1.1315542459487915,1.021252155303955,2.263493061065674,-1.2450305223464966,2.4011728763580322,0.8522947430610657,1,3
118,prey,3,3,-2.661670684814453,6.458296298980713,-0.7583322525024414,0.17014089226722717,True,3.855926990509033,-9.256342887878418,-0.15506641566753387,-0.14736489951610565,-7.656484603881836,-3.1612353324890137,3.4970169067382812,2.82209849357605,1,2
118,prey,4,4,-3.841493844985962,-2.0384631156921387,1.6091521978378296,-0.6098695993423462,True,0.897229790687561,2.5629353523254395,-0.34248989820480347,0.8523815274238586,5.002887725830078,-4.985611915588379,4.0,4.0,0,0
118,prey,5,5,-7.660178184509277,-4.82365083694458,0.5740469694137573,-0.75178062915802,True,7.01340913772583,-2.896702289581299,-5.366543769836426,-0.8854153156280518,5.207498550415039,-0.8111190795898438,1.8670622110366821,4.0,1,0
118,prey,6,6,4.19850492477417,5.35918664932251,0.2591657042503357,-0.8691439032554626,True,5.714452743530273,6.8516011238098145,0.4396825432777405,-0.41141870617866516,-4.604336261749268,-1.188201904296875,4.0,3.274916887283325,0,1
118,prey,7,7,-0.26068615913391113,7.941371917724609,-0.5992017984390259,1.3261704444885254,True,-7.50185489654541,-6.6347856521606445,1.0313066244125366,1.2346093654632568,-3.146265745162964,7.639293193817139,4.0,2.82209849357605,0,1
118,prey,8,8,1.0733230113983154,-9.471298217773438,-0.016976332291960716,-0.3577292561531067,True,-5.196927070617676,-1.1178663969039917,1.4820009469985962,3.2314116954803467,0.0162498839199543,-5.363289833068848,4.0,1.1523373126983643,0,3
118,prey,9,9,0.05534093454480171,2.539811372756958,0.9008469581604004,-0.6624613404273987,True,3.802048683166504,11.392147064208984,-0.2894879877567291,0.6351960301399231,2.7450053691864014,8.257476806640625,4.0,1.7731508016586304,0,3
118,prey,10,10,-9.152426719665527,1.4994802474975586,-0.11332573741674423,-0.0006694020703434944,True,-1.9382398128509521,-5.486225605010986,-0.5928613543510437,0.328760027885437,-6.316530227661133,-4.355395317077637,4.0,4.0,0,0
118,prey,11,11,1.4304234981536865,-8.375688552856445,0.5358995199203491,-1.5486741065979004,True,7.566178321838379,-4.682583808898926,-0.3285590708255768,4.369380950927734,0.7863084673881531,-7.291141510009766,4.0,1.1523373126983643,0,3
118,prey,12,12,2.5394809246063232,-10.125268936157227,-0.3326002061367035,-1.2515560388565063,True,-2.1782875061035156,7.707193374633789,1.0964707136154175,1.9383296966552734,5.334203720092773,0.11259222030639648,4.0,1.6053961515426636,0,2
118,prey,13,13,4.8391923904418945,8.570821762084961,0.0999462679028511,0.6301117539405823,True,-5.809607028961182,-2.685159683227539,-1.916789174079895,0.7808699607849121,1.2367335557937622,9.33996295928955,4.0,3.274916887283325,0,1
118,prey,14,14,9.985644340515137,9.982666015625,0.6880336999893188,0.42480161786079407,True,4.671442985534668,7.130128860473633,0.2068740725517273,2.4010472297668457,0.7935640811920166,5.301197052001953,4.0,4.0,0,0
118,prey,15,15,-2.4688804149627686,1.9947214126586914,0.8007295727729797,1.217750072479248,True,8.764384269714355,-8.010259628295898,-1.4674372673034668,0.8500348925590515,3.9511330127716064,1.4935181140899658,2.994509220123291,0.8522947430610657,1,2
119,predator,0,0,-9.522902488708496,-4.924543857574463,0.14753134548664093,0.8163838386535645,True,-1.6483246088027954,7.8847832679748535,0.0,0.0,2.1685359477996826,0.499245822429657,1.870191216468811,4.0,1,0
119,predator,1,1,-7.800698757171631,5.95144510269165,-0.1338503062725067,0.09652133285999298,True,-8.004386901855469,6.918393135070801,-2.6804590225219727,6.639323711395264,-3.074042797088623,4.607523441314697,4.0,3.6425068378448486,0,1
119,predator,2,2,0.2195238173007965,-4.237800121307373,-0.7917085886001587,0.23733380436897278,True,3.386164665222168,4.565530300140381,0.0,0.0,-15.499817848205566,9.144242286682129,2.2583699226379395,4.0,1,0
119,predator,3,3,-4.894917964935303,3.7550172805786133,-0.9329814910888672,-0.6958442330360413,True,-2.0424342155456543,5.716095447540283,8.89903450012207,10.218343734741211,-3.9664275646209717,-2.3645787239074707,2.4119293689727783,3.6425068378448486,3,1
119,prey,0,0,1.6502586603164673,1.7373673915863037,1.6575093269348145,0.018999256193637848,True,-5.89823579788208,-11.080034255981445,2.1783909797668457,-0.19786037504673004,11.917506217956543,-1.8679778575897217,4.0,1.7762395143508911,0,1
119,prey,1,1,1.776297688484192,-5.873859405517578,0.420924574136734,0.4653624892234802,True,-4.099887847900391,3.869320869445801,0.27204835414886475,1.1174196004867554,1.1234087944030762,1.2184412479400635,2.2583699226379395,2.537867784500122,1,2
119,prey,2,2,-2.6716442108154297,2.8198931217193604,0.7020059823989868,-0.1437191218137741,True,3.3850226402282715,10.354212760925293,0.301550030708313,-0.757060170173645,5.141654014587402,0.03500068187713623,2.4119293689727783,0.8414223790168762,1,3
119,prey,3,3,-2.66816782951355,6.459400653839111,-0.7796582579612732,0.13251201808452606,True,-2.87117075920105,-1.5579626560211182,-0.1143278256058693,1.3054722547531128,-2.460639238357544,-0.7518941164016724,3.5031564235687256,2.8284974098205566,1,2
119,prey,4,4,-3.8280081748962402,-2.0437545776367188,1.6182971000671387,-0.6349717378616333,True,1.2125059366226196,5.289610862731934,1.0588302612304688,0.9227896332740784,5.484476566314697,-0.5868979096412659,4.0,4.0,0,0
119,prey,5,5,-7.655096530914307,-4.830118656158447,0.6098389029502869,-0.7761668562889099,True,-2.766310691833496,-8.398398399353027,-0.5205050110816956,-1.4616451263427734,1.3915059566497803,-1.8152039051055908,1.870191216468811,4.0,1,0
119,prey,6,6,4.200339317321777,5.351775646209717,0.2201385647058487,-0.8892989754676819,True,8.487677574157715,10.665565490722656,-0.4603320360183716,-0.47876763343811035,6.182427883148193,-2.9657421112060547,4.0,3.2873783111572266,0,1
119,prey,7,7,-0.26589131355285645,7.952539920806885,-0.6246187686920166,1.3401931524276733,True,2.526883125305176,-0.5203087329864502,0.6946010589599609,0.36087384819984436,-3.90755295753479,5.52979040145874,4.0,2.8284974098205566,0,1
119,prey,8,8,1.0731899738311768,-9.474486351013184,-0.015971241518855095,-0.38253703713417053,True,-0.440934419631958,3.63602352142334,2.2076995372772217,3.417015314102173,-2.134124517440796,-5.006937026977539,4.0,1.1445159912109375,0,3
119,prey,9,9,0.06301680952310562,2.5346691608428955,0.9211050868034363,-0.6170653104782104,True,12.709439277648926,3.5641496181488037,0.03787730261683464,-1.4646742343902588,1.0613113641738892,-6.161178112030029,4.0,1.7762395143508911,0,3
119,prey,10,10,-9.153592109680176,1.4991990327835083,-0.13985350728034973,-0.03374828025698662,True,-0.6167963147163391,-0.8425616025924683,4.097893238067627,-1.658586025238037,-5.873569488525391,-4.168917179107666,4.0,4.0,0,0
119,prey,11,11,1.435046672821045,-8.388679504394531,0.5547844171524048,-1.558946967124939,True,1.4292112588882446,-2.651033401489258,-2.0466690063476562,4.605254650115967,7.488979339599609,-2.9525980949401855,4.0,1.1445159912109375,0,3
119,prey,12,12,2.5370430946350098,-10.135499954223633,-0.29252469539642334,-1.2276971340179443,True,3.3180253505706787,1.182854175567627,1.201486349105835,0.4753287732601166,-6.851036071777344,-4.93334436416626,4.0,1.6061770915985107,0,2
119,prey,13,13,4.840297698974609,8.576261520385742,0.1326361894607544,0.6528002023696899,True,-1.6655595302581787,-4.463955402374268,0.9613469243049622,2.448981523513794,6.876407623291016,15.306373596191406,4.0,3.2873783111572266,0,1
119,prey,14,14,9.991509437561035,9.986433982849121,0.7037464380264282,0.4521810710430145,True,7.920742511749268,11.65332317352295,-0.0475771427154541,2.0832207202911377,2.0243990421295166,2.1744868755340576,4.0,4.0,0,0
119,prey,15,15,-2.462022066116333,2.005000352859497,0.8229931592941284,1.2334814071655273,True,-1.4234998226165771,0.2752822935581207,-0.8294292092323303,0.45793259143829346,9.290637016296387,1.6316134929656982,2.996922016143799,0.8414223790168762,1,2
120,predator,0,0,-9.521488189697266,-4.917755126953125,0.16973960399627686,0.814637303352356,True,5.814858436584473,9.039237022399902,0.0,0.0,-3.392272710800171,5.299081325531006,1.873431921005249,4.0,1,0
120,predator,1,1,-7.802067756652832,5.952516078948975,-0.16426163911819458,0.12851589918136597,True,-8.567761421203613,6.754659175872803,-2.0424342155456543,5.716095447540283,-0.350594699382782,1.5363883972167969,4.0,3.641554355621338,0,1
120,predator,2,2,0.2128329873085022,-4.235650062561035,-0.802900493144989,0.2580263018608093,True,4.418972015380859,2.495713710784912,0.0,0.0,-11.946703910827637,1.9684252738952637,2.26416015625,4.0,1,0
120,predator,3,3,-4.90277624130249,3.749103546142578,-0.9430371522903442,-0.7096550464630127,True,7.916790962219238,-1.1125133037567139,-8.004386901855469,6.918393135070801,7.829848289489746,1.7948970794677734,2.422992706298828,3.641554355621338,3,1
120,prey,0,0,1.6642292737960815,1.7371459007263184,1.676477313041687,-0.02658526599407196,True,3.352905035018921,-8.087990760803223,3.432408571243286,4.010078430175781,2.308562755584717,4.228048324584961,4.0,1.779309868812561,0,1
120,prey,1,1,1.780114769935608,-5.869678497314453,0.45805758237838745,0.501670241355896,True,1.6948288679122925,6.755800724029541,1.379702091217041,1.8643637895584106,10.445146560668945,-1.6076772212982178,2.26416015625,2.5548315048217773,1,2
120,prey,2,2,-2.6655237674713135,2.818730115890503,0.7344538569450378,-0.13957557082176208,True,-6.097650527954102,0.193197101354599,1.765850305557251,0.7242175340652466,0.23129287362098694,-1.3518625497817993,2.422992706298828,0.8303914666175842,1,3
120,prey,3,3,-2.6748404502868652,6.460268497467041,-0.8007345199584961,0.1041533350944519,True,8.901267051696777,1.2860913276672363,3.2978808879852295,2.2098114490509033,-0.48260927200317383,3.8770198822021484,3.5091471672058105,2.8350768089294434,1,2
120,prey,4,4,-3.8143603801727295,-2.0491831302642822,1.6377345323562622,-0.6514120101928711,True,-0.020485877990722656,-4.259204387664795,0.18424735963344574,-0.32257556915283203,1.2525678873062134,-3.279755115509033,4.0,4.0,0,0
120,prey,5,5,-7.649807453155518,-4.836771488189697,0.634699285030365,-0.7983443737030029,True,-6.655024528503418,-2.78886079788208,0.29785481095314026,2.223524570465088,3.308454751968384,7.409106731414795,1.873431921005249,4.0,1,0
120,prey,6,6,4.20251989364624,5.344110488891602,0.26163989305496216,-0.9198403358459473,True,-3.6515798568725586,11.076966285705566,1.835452675819397,1.0280884504318237,4.719784259796143,-2.764120101928711,4.0,3.3002612590789795,0,1
120,prey,7,7,-0.2713049054145813,7.963823318481445,-0.6496320962905884,1.353981375694275,True,-0.19126355648040771,-5.483506202697754,1.8176677227020264,1.1081798076629639,-3.8731958866119385,6.11855936050415,4.0,2.8350768089294434,0,1
120,prey,8,8,1.072688102722168,-9.477967262268066,-0.06021386384963989,-0.41774049401283264,True,-1.7191667556762695,8.496219635009766,0.21578288078308105,0.800380527973175,1.1330888271331787,-4.712157726287842,4.0,1.1371318101882935,0,3
120,prey,9,9,0.07094821333885193,2.529231309890747,0.9517686367034912,-0.6525219678878784,True,4.585114479064941,6.284194469451904,0.7741689085960388,1.918052315711975,0.9434245824813843,-4.163851261138916,4.0,1.779309868812561,0,3
120,prey,10,10,-9.154980659484863,1.498652458190918,-0.16658064723014832,-0.065591961145401,True,11.46930980682373,-1.0399227142333984,0.10192948579788208,1.8801769018173218,1.4765936136245728,1.5712354183197021,4.0,4.0,0,0
120,prey,11,11,1.4398866891860962,-8.401754379272461,0.5808070302009583,-1.569039225578308,True,4.386923313140869,-7.302752494812012,-0.4075988829135895,2.8960659503936768,3.6642978191375732,-7.577589511871338,4.0,1.1371318101882935,0,3
120,prey,12,12,2.534266710281372,-10.145947456359863,-0.3331702947616577,-1.2537221908569336,True,-6.702389240264893,4.697847843170166,-1.0372036695480347,1.6181036233901978,-5.673320293426514,-4.339815616607666,4.0,1.606987714767456,0,2
120,prey,13,13,4.841670989990234,8.581889152526855,0.16477735340595245,0.6753265857696533,True,2.026862144470215,-4.675367832183838,6.311767578125,7.266193389892578,-3.4856677055358887,-6.170467853546143,4.0,3.3002612590789795,0,1
120,prey,14,14,9.997563362121582,9.99042797088623,0.7265377044677734,0.4792194664478302,True,-1.392041563987732,-4.769287586212158,3.4110589027404785,3.1008050441741943,-0.4653596580028534,-7.0171332359313965,4.0,4.0,0,0
120,prey,15,15,-2.4548938274383545,2.015496015548706,0.8553856611251831,1.2594588994979858,True,1.933582067489624,-0.961665153503418,2.366915464401245,1.9840840101242065,7.643396377563477,1.5435023307800293,2.999587297439575,0.8303914666175842,1,2
